"SAMPLEID","INDEX_NAME","INDEX_CLASS","SAMP_WIDTH_M","SAMP_LENGTH_M","ni_total","ni_total_notoler","ni_natnonhybridnonmf","ni_natnonhybridnonmfnonLepomis","pi_AmmEthPerc","pi_AmmEthPerc_Cott_Notur","pi_rbs","pi_brooktrout","pi_brooktrout_wild","pi_Cato","pi_Cent","pi_natCent","pi_Cott","pi_Cyprin","pi_Ictal","pi_native","pi_nonnative","pi_nonnative_NotNativeNotNA","pi_nonnative_OnlyNonNative","pi_Notur","pi_sculpin","pi_Lepomis","pi_Salm","pi_trout","pi_brooktrout_BCG_att6","pi_connect","pi_scc","pi_brooktrout2brooktrout_BCG_att6","pi_bfs","nt_total","nt_benthic","nt_AmmEthPerc","nt_AmmEthPerc_Cott_Notur","nt_Cato","nt_Cent","nt_natCent","nt_Cott","nt_Cyprin","nt_natCyprin","nt_Lepomis","nt_native","nt_nonnative","nt_nonnative_NotNativeNotNA","nt_nonnative_OnlyNonNative","nt_hybrid","nt_nativenonhybrid","nt_Notur","nt_Ictal","nt_natsunfish","nt_natCent_sunfish","nt_natinsctCypr","nt_natLeuc","nt_natrbs","nt_Rhin","nt_Petro","nt_Salm","nt_connect","nt_scc","nt_beninsct_nows_nobg","nt_trout_sunfish_notoler","pt_AmmEthPerc","pt_AmmEthPerc_Cott_Notur","pt_Cato","pt_Cent","pt_natCent","pt_Cott","pt_Cyprin","pt_Ictal","pt_Lepomis","pt_native","pt_nonnative","pt_nonnative_NotNativeNotNA","pt_nonnative_OnlyNonNative","pt_Notur","pt_Salm","pt_connect","pt_scc","nt_beninvert","nt_habitat_beninvert","nt_detritivore","nt_herbivore","nt_invertivore","nt_invert_native","nt_inverttopcarn","nt_omnivore","nt_planktivore","nt_topcarn","nt_piscivore","pi_lithophil","pi_habitat_beninvert","pi_detritivore","pi_gen","pi_genherb","pi_genomninvrt","pi_herbivore","pi_insectivore","pi_insctCypr","pi_invertivore","pi_invert_native","pi_inverttopcarn","pi_omnivore","pi_planktivore","pi_topcarn","pi_pisc_noae","pt_habitat_beninvert","pt_detritivore","pt_herbivore","pt_invertivore","pt_invert_native","pt_inverttopcarn","pt_omnivore","pt_planktivore","pt_topcarn","nt_tv_intol","nt_tv_intolhwi","pi_tv_toler","x_Shan_e","x_Shan_2","x_Shan_10","x_Evenness","x_Evenness100_ni99gt","length_m","area_m2","ni_m2","ni_200m","ni_natnonhybridnonmf_200m","ni_natnonhybridnonmfnonLepomis_200m","biomass_m2","pi_anomalies","pi_delt","pi_dom01","pi_dom02","pi_dom03","pi_dom04","pi_dom05","pi_dom06","pi_dom07","pi_dom08","pi_dom09","pi_dom10","nt_BCG_att1","nt_BCG_att12","nt_BCG_att123","nt_BCG2_att123b","nt_BCG_att1234","nt_BCG2_att1234b","nt_BCG_att1236","nt_BCG_att1236b","nt_BCG_att12346","nt_BCG_att12346b","nt_BCG_att1i236i","nt_BCG_att2","nt_BCG_att2native","nt_BCG_att23_scc","nt_BCG_att3","nt_BCG_att3native","nt_BCG_att4","nt_BCG_att4native","nt_BCG_att4b","nt_BCG_att4m","nt_BCG_att4w","nt_BCG_att4w5","nt_BCG_att5","nt_BCG_att5native","nt_BCG_att55a6","nt_BCG_att55a6a","nt_BCG_att56t","nt_BCG_att6i","nt_BCG_att6m","nt_BCG_att6t","nt_BCG_attNA","pi_BCG_att12","pi_BCG_att123","pi_BCG_att1234","pi_BCG2_att1234b","pi_BCG_att1236","pi_BCG_att1236sp","pi_BCG_att1236b","pi_BCG_att12346b","pi_BCG_att1i236i","pi_BCG_att2","pi_BCG_att2native","pi_BCG_att23_scc","pi_BCG_att3","pi_BCG_att3native","pi_BCG_att4","pi_BCG_att4native","pi_BCG_att4b","pi_BCG_att4m","pi_BCG_att4w","pi_BCG_att4w5","pi_BCG_att5","pi_BCG_att5native","pi_BCG_att55a6a","pi_BCG_att56a","pi_BCG_att5a6a","pi_BCG_att56t","pi_BCG_att6","pi_BCG_att6i","pi_BCG_att6m","pi_BCG_att6t","pi_BCG_att66a","pi_BCG_att66a6b","pi_BCG_att66s6t","pi_BCG_attNA","pt_BCG_att12","pt_BCG_att123","pt_BCG2_att123b","pt_BCG_att1234","pt_BCG2_att1234b","pt_BCG_att1236","pt_BCG_att1236b","pt_BCG_att1236sp","pt_BCG_att12346b","pt_BCG_att1i236i","pt_BCG_att2","pt_BCG_att2native","pt_BCG_att23_scc","pt_BCG_att3","pt_BCG_att3native","pt_BCG_att4","pt_BCG_att4native","pt_BCG_att4b","pt_BCG_att4m","pt_BCG_att4w","pt_BCG_att4w5","pt_BCG_att5","pt_BCG_att5native","pt_BCG_att55a6a","pt_BCG_att56t","pt_BCG_att6i","pt_BCG_att6m","pt_BCG_att6t","pt_BCG_attNA","pi_dom01_BCG_att4","pi_dom01_BCG_att45","pi_dom01_BCG_att5","pi_dom01_BCG_att5a","pi_dom01_BCG_att5a6a","pi_dom01_BCG_att566a","nt_ti_corecold","nt_ti_cold","nt_ti_cool","nt_ti_warm","nt_ti_eury","nt_ti_na","nt_ti_corecold_cold","nt_ti_cool_warm","pi_ti_corecold","pi_ti_cold","pi_ti_cool","pi_ti_warm","pi_ti_eury","pi_ti_na","pi_ti_corecold_cold","pi_ti_cool_warm","pt_ti_corecold","pt_ti_cold","pt_ti_cool","pt_ti_warm","pt_ti_eury","pt_ti_na","pt_ti_corecold_cold","pt_ti_cool_warm","nt_elev_low","nt_elev_high","nt_grad_low","nt_grad_mod","nt_grad_high","nt_wsarea_small","nt_wsarea_medium","nt_wsarea_large","nt_wsarea_xlarge","nt_repro_broadcaster","nt_repro_nestsimp","nt_repro_nestcomp","nt_repro_bearer","nt_repro_migratory","nt_repro_lithophil","pi_repro_broadcaster","pi_repro_nestsimp","pi_repro_nestcomp","pi_repro_bearer","pi_repro_migratory","pi_repro_lithophil","pt_repro_broadcaster","pt_repro_nestsimp","pt_repro_nestcomp","pt_repro_bearer","pt_repro_migratory","pt_repro_lithophil","nt_habitat_b","nt_habitat_w","nt_habitat_f","pi_habitat_b","pi_habitat_w","pi_habitat_f","pt_habitat_b","pt_habitat_w","pt_habitat_f","d_ac_yoy_Cott","d_ac_yoy_rbt","n_ac_Cott","n_ac_rbt","n_ac_mwf","x_Obs_CatoRhin","nt_piscivore_BCG_att66s6t","nt_LLNLB","nt_Cyprin_BCG_att1234","ni_Hybognathus_amarus","x_TrophicCats","x_BCG_Mean","nt_PupKilli","pi_salt","pi_NPL","nt_total_ExclSchool","ni_total_ExclSchool","ni_total_notoler_mn","nt_coldwater","nt_natcoldwater","nt_hw_notoler","nt_wetland_notoler","nt_serialspawner","nt_simplelithophil","nt_tv_sens","nt_tv_senscoldwater","nt_tv_tolercoldwater","nt_tv_toler","nt_tv_vtoler","nt_beninsct_notoler","nt_gen","nt_insectivore_notoler","nt_dartersculpin","nt_darterscultpinsucker","nt_pioneer","nt_shortlived","pi_hw_notoler_ExclSchool","pi_wetland_notoler_ExclSchool","pi_natcoldwater_ExclSchool","pi_ma2_ExclShool","pi_ma3_notoler_ExclSchool","pi_nonlithophil_ExclSchool","pi_serialspawner_ExclSchool","pi_simplelithophil_ExclSchool","pi_detritivore_ExclSchool","pi_gen_ExclSchool","pi_herbivore_ExclSchool","pi_insctCypr_ExclSchool","pi_insectivore_notoler_ExclSchool","pi_piscivore_ExclSchool","pi_tv_intol_ExclSchool","pi_tv_intolcoldwater_ExclSchool","pi_tv_sens_ExclSchool","pi_tv_senscoldwater_ExclSchool","pi_tv_toler_ExclSchool","pi_tv_tolercoldwater_ExclSchool","pi_exotic_ExclSchool","pi_minnow_notoler_ExclSchool","pi_Perciformes_ExclSchool","pi_pioneer_ExclShool","pi_shortlived_ExclSchool","pi_dom02_ExclSchool","pt_natcoldwater","pt_serialspawner","pt_simplelithophil","pt_tv_sens","pt_tv_senscoldwater","pt_tv_toler","pt_tv_vtoler","pt_beninsct_notoler","pt_gen","pt_insectivore_notoler","pt_darterscultpinsucker","pt_pioneer","ni_m_notoler","pi_delt_ExclSchool"
"09a390a6-3119-4a82-90e0-7a7b43b767e5","LBR_Fish_BCG_v1","Main_Eckert",0,0,326,326,321,321,0,81.5950920245399,0,0,0,0.613496932515337,0,0,81.5950920245399,0,0,98.4662576687117,1.53374233128834,1.53374233128834,0,0,0,0,14.7239263803681,0,0,0,0,0,0,9,0,0,2,2,0,0,2,0,0,0,8,1,1,0,0,8,0,0,0,0,0,2,0,2,0,3,0,0,0,0,0,22.2222222222222,22.2222222222222,0,0,22.2222222222222,0,0,0,88.8888888888889,11.1111111111111,11.1111111111111,0,0,33.3333333333333,0,0,0,5,0,1,7,6,0,1,0,2,0,0,91.4110429447853,0,0,0.306748466257669,99.6932515337423,0.306748466257669,0,0,99.3865030674847,97.8527607361963,0,0.306748466257669,0,7.97546012269939,0,55.5555555555556,0,11.1111111111111,77.7777777777778,66.6666666666667,0,11.1111111111111,0,22.2222222222222,0,0,0,2.15596816524213,3.1104045803093,0.936325077323736,0.98122339768104,98.122339768104,-Inf,Inf,0,0,0,0,0,0,0,73.6196319018405,81.5950920245399,88.3435582822086,94.7852760736196,96.6257668711656,98.159509202454,99.3865030674847,99.6932515337423,100,100,0,1,3,1,8,5,3,3,8,8,3,1,1,0,2,2,5,5,2,3,0,0,0,0,0,0,0,0,1,0,0,73.6196319018405,86.8098159509202,98.4662576687117,96.6257668711656,86.8098159509202,100,86.8098159509202,98.4662576687117,86.8098159509202,73.6196319018405,73.6196319018405,0,13.1901840490798,13.1901840490798,11.6564417177914,11.6564417177914,9.8159509202454,1.84049079754601,0,0,0,0,0,0,0,0,0,0,1.53374233128834,0,0,0,0,0,11.1111111111111,33.3333333333333,11.1111111111111,88.8888888888889,55.5555555555556,33.3333333333333,33.3333333333333,100,88.8888888888889,33.3333333333333,11.1111111111111,11.1111111111111,0,22.2222222222222,22.2222222222222,55.5555555555556,55.5555555555556,22.2222222222222,33.3333333333333,0,0,0,0,0,0,0,11.1111111111111,0,0,3.68098159509202,3.68098159509202,0,0,0,0,0,4,5,0,0,0,4,5,0,88.3435582822086,11.6564417177914,0,0,0,88.3435582822086,11.6564417177914,0,44.4444444444444,55.5555555555556,0,0,0,44.4444444444444,55.5555555555556,0,0,0,0,0,0,0,0,0,0,0,0,0,0,6,0,0,0,0,0,92.638036809816,0,0,0,0,0,66.6666666666667,7,2,0,92.0245398773006,7.97546012269939,0,77.7777777777778,22.2222222222222,0,1,1,4,4,4,2,0,0,0,0,4,0,0,0,0,9,326,326,0,0,0,0,0,0,0,0,0,0,0,0,0,0,0,0,0,0,0,0,0,0,0,0,0,0,0,0,0.306748466257669,0,0,0,0,0,0,0,0,0,0,0,0,0,0,81.5950920245399,0,0,0,0,0,0,0,0,0,0,0,0,0,0
"239135f6-152c-4f94-81d1-cd9e7bfc2106","LBR_Fish_BCG_v1","Main_SoChannel",0,0,276,276,274,274,0,8.69565217391304,0,0,0,9.78260869565217,0,0,8.69565217391304,0,0,99.2753623188406,0.72463768115942,0.72463768115942,0,0,0,0,18.8405797101449,0,0,0,0,0,0,9,0,0,2,2,0,0,2,0,0,0,8,1,1,0,0,8,0,0,0,0,0,2,0,2,0,3,0,0,0,0,0,22.2222222222222,22.2222222222222,0,0,22.2222222222222,0,0,0,88.8888888888889,11.1111111111111,11.1111111111111,0,0,33.3333333333333,0,0,0,5,0,1,7,6,0,1,0,2,0,0,85.8695652173913,0,0,3.26086956521739,96.7391304347826,3.26086956521739,0,0,90.2173913043478,89.4927536231884,0,6.52173913043478,0,4.34782608695652,0,55.5555555555556,0,11.1111111111111,77.7777777777778,66.6666666666667,0,11.1111111111111,0,22.2222222222222,0,0,0,3.15175121748232,4.54701585157749,1.36878816208443,1.43442379536065,143.442379536065,-Inf,Inf,0,0,0,0,0,0,0,58.3333333333333,72.8260869565217,79.3478260869565,85.1449275362319,89.4927536231884,93.1159420289855,96.3768115942029,99.2753623188406,100,100,0,1,3,1,8,6,3,3,8,8,3,1,1,0,2,2,5,5,3,2,0,0,0,0,0,0,0,0,1,0,0,2.89855072463768,21.0144927536232,99.2753623188406,88.4057971014493,21.0144927536232,100,21.0144927536232,99.2753623188406,21.0144927536232,2.89855072463768,2.89855072463768,0,18.1159420289855,18.1159420289855,78.2608695652174,78.2608695652174,67.3913043478261,10.8695652173913,0,0,0,0,0,0,0,0,0,0,0.72463768115942,0,0,0,0,0,11.1111111111111,33.3333333333333,11.1111111111111,88.8888888888889,66.6666666666667,33.3333333333333,33.3333333333333,100,88.8888888888889,33.3333333333333,11.1111111111111,11.1111111111111,0,22.2222222222222,22.2222222222222,55.5555555555556,55.5555555555556,33.3333333333333,22.2222222222222,0,0,0,0,0,0,0,11.1111111111111,0,0,50,50,0,0,0,0,0,4,5,0,0,0,4,5,0,21.7391304347826,78.2608695652174,0,0,0,21.7391304347826,78.2608695652174,0,44.4444444444444,55.5555555555556,0,0,0,44.4444444444444,55.5555555555556,0,0,0,0,0,0,0,0,0,0,0,0,0,0,6,0,0,0,0,0,75.7246376811594,0,0,0,0,0,66.6666666666667,7,2,0,95.6521739130435,4.34782608695652,0,77.7777777777778,22.2222222222222,0,1,1,3,4,8,2,0,0,0,0,4,0,0,0,0,9,276,276,0,0,0,0,0,0,0,0,0,0,0,0,0,0,0,0,0,0,0,0,0,0,0,0,0,0,0,0,3.26086956521739,0,0,0,0,0,0,0,0,0,0,0,0,0,0,72.8260869565217,0,0,0,0,0,0,0,0,0,0,0,0,0,0
"46a1e042-6cfe-4e7a-ad1a-e284feef8c33","LBR_Fish_BCG_v1","Main_SoChannel",0,0,56,56,53,53,0,1.78571428571429,0,0,0,0,0,0,1.78571428571429,0,0,94.6428571428571,5.35714285714286,5.35714285714286,0,0,0,0,98.2142857142857,0,0,0,0,0,0,4,0,0,1,0,0,0,1,0,0,0,3,1,1,0,0,3,0,0,0,0,0,0,0,0,0,3,0,0,0,0,0,25,0,0,0,25,0,0,0,75,25,25,0,0,75,0,0,0,2,0,0,4,3,0,0,0,2,0,0,60.7142857142857,0,0,0,100,0,0,0,100,94.6428571428571,0,0,0,39.2857142857143,0,50,0,0,100,75,0,0,0,50,0,0,0,3.97584117783801,5.73592635062903,1.72668588445877,2.86796317531452,1,-Inf,Inf,0,0,0,0,0,0,0,58.9285714285714,92.8571428571429,98.2142857142857,100,100,100,100,100,100,100,0,0,2,0,3,3,2,2,3,3,2,0,0,0,2,2,1,1,1,0,0,0,0,0,0,0,0,0,1,0,0,0,92.8571428571429,94.6428571428571,94.6428571428571,92.8571428571429,100,92.8571428571429,94.6428571428571,92.8571428571429,0,0,0,92.8571428571429,92.8571428571429,1.78571428571429,1.78571428571429,1.78571428571429,0,0,0,0,0,0,0,0,0,0,0,5.35714285714286,0,0,0,0,0,0,50,0,75,75,50,50,100,75,50,0,0,0,50,50,25,25,25,0,0,0,0,0,0,0,0,25,0,0,1.78571428571429,1.78571428571429,0,0,0,0,0,3,1,0,0,0,3,1,0,98.2142857142857,1.78571428571429,0,0,0,98.2142857142857,1.78571428571429,0,75,25,0,0,0,75,25,0,0,0,0,0,0,0,0,0,0,0,0,0,0,3,0,0,0,0,0,41.0714285714286,0,0,0,0,0,75,2,2,0,60.7142857142857,39.2857142857143,0,50,50,0,0,1,1,4,8,0,0,0,0,0,2,0,0,0,0,4,56,56,0,0,0,0,0,0,0,0,0,0,0,0,0,0,0,0,0,0,0,0,0,0,0,0,0,0,0,0,0,0,0,0,0,0,0,0,0,0,0,0,0,0,0,92.8571428571429,0,0,0,0,0,0,0,0,0,0,0,0,0,0
"4ab57043-badf-4bea-bb8f-4123a2d4a16d","LBR_Fish_BCG_v1","Main_NotusParma",0,0,66,66,13,13,0,1.51515151515152,0,0,0,19.6969696969697,43.9393939393939,0,0,6.06060606060606,16.6666666666667,19.6969696969697,80.3030303030303,80.3030303030303,0,1.51515151515152,0,4.54545454545455,0,0,0,0,0,0,0,10,0,0,1,2,3,0,0,1,0,1,2,8,8,0,0,2,1,2,0,0,0,0,0,0,0,0,0,0,0,0,0,10,20,30,0,0,10,20,10,20,80,80,0,10,0,0,0,0,2,0,1,4,0,0,3,0,5,0,0,16.6666666666667,0,0,1.51515151515152,59.0909090909091,1.51515151515152,0,0,22.7272727272727,0,0,36.3636363636364,0,60.6060606060606,0,20,0,10,40,0,0,30,0,50,0,0,0,4.06772762744808,5.86849047580638,1.76659166248611,1.76659166248611,1,-Inf,Inf,0,0,0,0,0,0,0,28.7878787878788,46.969696969697,62.1212121212121,74.2424242424242,84.8484848484848,90.9090909090909,95.4545454545455,96.969696969697,98.4848484848485,100,0,0,0,0,2,1,0,0,2,2,0,0,0,0,0,0,2,2,1,1,0,0,0,0,0,0,4,0,4,4,0,0,0,19.6969696969697,1.51515151515152,0,0,0,19.6969696969697,0,0,0,0,0,0,19.6969696969697,19.6969696969697,1.51515151515152,18.1818181818182,0,0,0,0,0,0,0,24.2424242424242,0,0,56.0606060606061,24.2424242424242,0,0,24.2424242424242,0,0,0,0,20,10,0,0,0,20,0,0,0,0,0,0,20,20,10,10,0,0,0,0,0,40,0,40,40,0,1.51515151515152,1.51515151515152,0,0,0,0,0,0,3,7,0,0,0,10,0,0,48.4848484848485,51.5151515151515,0,0,0,100,0,0,30,70,0,0,0,100,0,0,0,0,0,0,0,0,0,0,0,0,0,0,0,0,0,0,0,0,0,0,0,0,0,0,0,6,4,0,54.5454545454545,45.4545454545455,0,60,40,0,0,0,0,0,0,1,0,0,0,0,5,0,0,0,0,10,66,66,0,0,0,0,0,0,0,0,0,0,0,0,0,0,0,0,0,0,0,0,0,0,0,0,0,0,0,0,1.51515151515152,0,0,0,0,0,0,0,0,0,0,0,0,0,0,46.969696969697,0,0,0,0,0,0,0,0,0,0,0,0,0,0
"5b16748e-84a3-494d-8e0c-a2695ce56c2c","LBR_Fish_BCG_v1","Main_NotusParma",0,0,41,41,4,4,0,0,0,0,0,7.31707317073171,41.4634146341463,0,0,41.4634146341463,2.4390243902439,9.75609756097561,90.2439024390244,90.2439024390244,0,0,0,2.4390243902439,2.4390243902439,0,0,0,0,0,0,9,0,0,0,1,3,0,0,1,0,1,2,7,7,0,0,2,0,1,0,0,0,0,0,0,0,1,0,0,0,0,0,0,11.1111111111111,33.3333333333333,0,0,11.1111111111111,11.1111111111111,11.1111111111111,22.2222222222222,77.7777777777778,77.7777777777778,0,0,11.1111111111111,0,0,0,2,0,0,4,1,0,3,0,4,0,0,4.8780487804878,0,0,0,60.9756097560976,0,0,0,9.75609756097561,2.4390243902439,0,51.219512195122,0,43.9024390243902,0,22.2222222222222,0,0,44.4444444444444,11.1111111111111,0,33.3333333333333,0,44.4444444444444,0,0,0,2.72282199313033,3.92820178671253,1.18250656682132,1.23920969263475,1,-Inf,Inf,0,0,0,0,0,0,0,41.4634146341463,68.2926829268293,80.4878048780488,87.8048780487805,90.2439024390244,92.6829268292683,95.1219512195122,97.5609756097561,100,100,0,0,1,0,2,1,1,1,2,2,1,0,0,0,1,1,1,1,0,1,0,0,0,0,0,0,3,0,4,3,0,0,2.4390243902439,9.75609756097561,2.4390243902439,2.4390243902439,100,2.4390243902439,9.75609756097561,2.4390243902439,0,0,0,2.4390243902439,2.4390243902439,7.31707317073171,7.31707317073171,0,7.31707317073171,0,0,0,0,0,0,0,46.3414634146341,0,0,43.9024390243902,46.3414634146341,0,0,46.3414634146341,0,0,11.1111111111111,0,22.2222222222222,11.1111111111111,11.1111111111111,11.1111111111111,100,22.2222222222222,11.1111111111111,0,0,0,11.1111111111111,11.1111111111111,11.1111111111111,11.1111111111111,0,11.1111111111111,0,0,0,0,0,33.3333333333333,0,44.4444444444444,33.3333333333333,0,2.4390243902439,2.4390243902439,0,0,0,0,0,1,2,6,0,0,1,8,0,2.4390243902439,34.1463414634146,63.4146341463415,0,0,2.4390243902439,97.5609756097561,0,11.1111111111111,22.2222222222222,66.6666666666667,0,0,11.1111111111111,88.8888888888889,0,0,0,0,0,0,0,0,0,0,0,0,0,0,0,0,0,0,0,0,0,0,0,0,0,0,0,5,4,0,56.0975609756098,43.9024390243902,0,55.5555555555556,44.4444444444444,0,0,0,0,0,1,1,0,0,0,0,4,0,0,0,0,9,41,41,0,0,0,0,0,0,0,0,0,0,0,0,0,0,0,0,0,0,0,0,0,0,0,0,0,0,0,0,0,0,0,0,0,0,0,0,0,0,0,0,0,0,0,68.2926829268293,0,0,0,0,0,0,0,0,0,0,0,0,0,0
"6126b9b7-3511-42ee-acff-1f0f2be4f836","LBR_Fish_BCG_v1","Main_VetGlen",0,0,146,146,143,143,0,21.9178082191781,0,0,0,3.42465753424658,0,0,21.9178082191781,0,0,97.9452054794521,2.05479452054795,2.05479452054795,0,0,0,0,41.0958904109589,0,0,0,0,0,0,11,0,0,2,3,0,0,2,0,0,0,9,2,2,0,1,9,0,0,0,0,0,2,0,3,0,3,0,0,0,0,0,18.1818181818182,27.2727272727273,0,0,18.1818181818182,0,0,0,81.8181818181818,18.1818181818182,18.1818181818182,0,0,27.2727272727273,0,0,0,5,0,2,7,6,0,1,0,2,0,0,78.0821917808219,0,0,1.36986301369863,97.9452054794521,1.36986301369863,0,0,95.8904109589041,94.5205479452055,0,2.05479452054795,0,17.8082191780822,0,45.4545454545455,0,18.1818181818182,63.6363636363636,54.5454545454545,0,9.09090909090909,0,18.1818181818182,0,0,0,4.75522072001656,6.86033335110033,2.0651661189352,1.98308106861863,198.308106861863,-Inf,Inf,0,0,0,0,0,0,0,23.2876712328767,41.0958904109589,57.5342465753425,72.6027397260274,84.2465753424657,94.5205479452055,96.5753424657534,97.9452054794521,98.6301369863014,99.3150684931507,0,1,3,1,9,6,3,3,9,9,3,1,1,0,2,2,6,6,3,3,0,0,0,0,0,0,0,0,1,0,0,10.2739726027397,50,97.9452054794521,80.1369863013699,50,100,50,97.9452054794521,50,10.2739726027397,10.2739726027397,0,39.7260273972603,39.7260273972603,47.9452054794521,47.9452054794521,30.1369863013699,17.8082191780822,0,0,0,0,0,0,0,0,0,0,1.36986301369863,0,0,0,0,0,9.09090909090909,27.2727272727273,9.09090909090909,81.8181818181818,54.5454545454545,27.2727272727273,27.2727272727273,100,81.8181818181818,27.2727272727273,9.09090909090909,9.09090909090909,0,18.1818181818182,18.1818181818182,54.5454545454545,54.5454545454545,27.2727272727273,27.2727272727273,0,0,0,0,0,0,0,9.09090909090909,0,0,8.9041095890411,8.9041095890411,0,0,0,0,0,4,6,0,0,0,4,6,0,51.3698630136986,47.9452054794521,0,0,0,51.3698630136986,47.9452054794521,0,36.3636363636364,54.5454545454545,0,0,0,36.3636363636364,54.5454545454545,0,0,0,0,0,0,0,0,0,0,0,0,0,0,6,0,0,0,0,0,72.6027397260274,0,0,0,0,0,54.5454545454545,8,2,0,81.5068493150685,17.8082191780822,0,72.7272727272727,18.1818181818182,0,1,1,3,5,6,2,0,0,0,0,5,0,0,0,0,11,146,146,0,0,0,0,0,0,0,0,0,0,0,0,0,0,0,0,0,0,0,0,0,0,0,0,0,0,0,0,1.36986301369863,0,0,0,0,0,0,0,0,0,0,0,0,0,0,41.0958904109589,0,0,0,0,0,0,0,0,0,0,0,0,0,0
"7b637f2e-1057-4a85-90fa-a676bee7d8b2","LBR_Fish_BCG_v1","Main_Middleton",0,0,144,144,140,140,0,0.694444444444444,0,0,0,13.1944444444444,0,0,0,0,0.694444444444444,97.2222222222222,2.77777777777778,2.77777777777778,0,0.694444444444444,0,0,8.33333333333333,0,0,0,0,0,0,12,0,0,1,3,0,0,0,0,0,0,10,2,2,0,0,10,1,1,0,0,0,5,0,2,0,2,0,0,0,0,0,8.33333333333333,25,0,0,0,0,8.33333333333333,0,83.3333333333333,16.6666666666667,16.6666666666667,0,8.33333333333333,16.6666666666667,0,0,0,4,0,3,7,6,0,2,0,3,0,0,64.5833333333333,0,0,8.33333333333333,91.6666666666667,8.33333333333333,0,0,82.6388888888889,81.9444444444444,0,9.02777777777778,0,12.5,0,33.3333333333333,0,25,58.3333333333333,50,0,16.6666666666667,0,25,0,0,0,2.43680581051873,3.51556765844478,1.05829131697806,0.980642798282432,98.0642798282432,-Inf,Inf,0,0,0,0,0,0,0,39.5833333333333,56.9444444444444,67.3611111111111,74.3055555555556,81.25,87.5,93.0555555555556,95.1388888888889,97.2222222222222,98.6111111111111,0,0,2,0,10,5,2,2,10,10,2,0,0,0,2,2,8,8,3,5,0,0,0,0,0,0,1,0,1,1,0,0,8.33333333333333,97.2222222222222,65.9722222222222,8.33333333333333,100,8.33333333333333,97.2222222222222,8.33333333333333,0,0,0,8.33333333333333,8.33333333333333,88.8888888888889,88.8888888888889,57.6388888888889,31.25,0,0,0,0,0,0,0,2.08333333333333,0,0,0.694444444444444,2.08333333333333,0,0,2.08333333333333,0,0,16.6666666666667,0,83.3333333333333,41.6666666666667,16.6666666666667,16.6666666666667,100,83.3333333333333,16.6666666666667,0,0,0,16.6666666666667,16.6666666666667,66.6666666666667,66.6666666666667,25,41.6666666666667,0,0,0,0,0,8.33333333333333,0,8.33333333333333,8.33333333333333,0,38.8888888888889,38.8888888888889,0,0,0,0,0,2,8,2,0,0,2,10,0,8.33333333333333,88.8888888888889,2.77777777777778,0,0,8.33333333333333,91.6666666666667,0,16.6666666666667,66.6666666666667,16.6666666666667,0,0,16.6666666666667,83.3333333333333,0,0,0,0,0,0,0,0,0,0,0,0,0,0,4,0,0,0,0,0,64.5833333333333,0,0,0,0,0,33.3333333333333,9,3,0,81.9444444444444,18.0555555555556,0,75,25,0,0,1,0,2,6,2,0,0,0,0,4,0,0,0,0,12,144,144,0,0,0,0,0,0,0,0,0,0,0,0,0,0,0,0,0,0,0,0,0,0,0,0,0,0,0,0,8.33333333333333,0,0,0,0,0,0,0,0,0,0,0,0,0,0,56.9444444444444,0,0,0,0,0,0,0,0,0,0,0,0,0,0
"92861508-db6f-4890-b2ca-183041768c91","LBR_Fish_BCG_v1","Main_BarberPool",0,0,496,496,494,494,0,77.0161290322581,0,0,0,8.87096774193548,0,0,77.0161290322581,0,0.403225806451613,99.5967741935484,0.403225806451613,0.403225806451613,0,0,0,0,13.508064516129,0,0,0,0,0,0,7,0,0,2,1,0,0,2,0,0,0,6,1,1,0,0,6,0,1,0,0,0,1,0,1,0,2,0,0,0,0,0,28.5714285714286,14.2857142857143,0,0,28.5714285714286,0,14.2857142857143,0,85.7142857142857,14.2857142857143,14.2857142857143,0,0,28.5714285714286,0,0,0,5,0,0,6,5,0,1,0,2,0,0,86.6935483870968,0,0,0,100,0,0,0,91.1290322580645,90.7258064516129,0,8.87096774193548,0,4.83870967741935,0,71.4285714285714,0,0,85.7142857142857,71.4285714285714,0,14.2857142857143,0,28.5714285714286,0,0,0,2.60445369960388,3.75743243664343,1.13109987011047,1.3384244390052,133.84244390052,-Inf,Inf,0,0,0,0,0,0,0,74.1935483870968,83.2661290322581,92.1370967741936,96.5725806451613,99.3951612903226,99.7983870967742,100,100,100,100,0,1,3,1,6,4,3,3,6,6,3,1,1,0,2,2,3,3,1,2,0,0,0,0,0,0,1,0,0,1,0,74.1935483870968,87.7016129032258,99.5967741935484,90.5241935483871,87.7016129032258,100,87.7016129032258,99.5967741935484,87.7016129032258,74.1935483870968,74.1935483870968,0,13.508064516129,13.508064516129,11.8951612903226,11.8951612903226,2.82258064516129,9.07258064516129,0,0,0,0,0,0,0,0.403225806451613,0,0,0,0.403225806451613,0,0,0.403225806451613,0,14.2857142857143,42.8571428571429,14.2857142857143,85.7142857142857,57.1428571428571,42.8571428571429,42.8571428571429,100,85.7142857142857,42.8571428571429,14.2857142857143,14.2857142857143,0,28.5714285714286,28.5714285714286,42.8571428571429,42.8571428571429,14.2857142857143,28.5714285714286,0,0,0,0,0,14.2857142857143,0,0,14.2857142857143,0,7.25806451612903,7.25806451612903,0,0,0,0,0,3,3,1,0,0,3,4,0,87.7016129032258,11.8951612903226,0.403225806451613,0,0,87.7016129032258,12.2983870967742,0,42.8571428571429,42.8571428571429,14.2857142857143,0,0,42.8571428571429,57.1428571428571,0,0,0,0,0,0,0,0,0,0,0,0,0,0,4,0,0,0,0,0,81.6532258064516,0,0,0,0,0,57.1428571428571,6,1,0,95.5645161290323,4.43548387096774,0,85.7142857142857,14.2857142857143,0,1,1,3,5,5,2,0,0,0,0,3,0,0,0,0,7,496,496,0,0,0,0,0,0,0,0,0,0,0,0,0,0,0,0,0,0,0,0,0,0,0,0,0,0,0,0,0,0,0,0,0,0,0,0,0,0,0,0,0,0,0,83.2661290322581,0,0,0,0,0,0,0,0,0,0,0,0,0,0
"BRCald1997","LBR_Fish_BCG_v1","Main_Middleton",0,0,198,198,192,192,0,0,0,0,0,25.7575757575758,0,0,0,2.52525252525253,0.505050505050505,96.969696969697,3.03030303030303,3.03030303030303,0,0,0,0,2.52525252525253,0,0,0,0,0,0,7,0,0,0,2,0,0,0,1,0,0,5,2,2,0,0,5,0,1,0,0,0,2,0,0,0,1,0,0,0,0,0,0,28.5714285714286,0,0,0,14.2857142857143,14.2857142857143,0,71.4285714285714,28.5714285714286,28.5714285714286,0,0,14.2857142857143,0,0,0,2,0,2,3,2,0,2,0,1,0,0,3.03030303030303,0,0,19.1919191919192,80.8080808080808,19.1919191919192,0,0,61.6161616161616,61.1111111111111,0,19.1919191919192,0,0.505050505050505,0,28.5714285714286,0,28.5714285714286,42.8571428571429,28.5714285714286,0,28.5714285714286,0,14.2857142857143,0,0,0,3.10022659788703,4.47268153840368,1.34641130411203,1.59320130962476,159.320130962476,-Inf,Inf,0,0,0,0,0,0,0,58.5858585858586,75.2525252525252,85.3535353535353,94.4444444444444,96.969696969697,99.4949494949495,100,100,100,100,0,0,1,0,5,1,1,1,5,5,1,0,0,0,1,1,4,4,0,4,0,0,0,0,0,0,1,0,1,1,0,0,2.52525252525253,96.969696969697,2.52525252525253,2.52525252525253,100,2.52525252525253,96.969696969697,2.52525252525253,0,0,0,2.52525252525253,2.52525252525253,94.4444444444444,94.4444444444444,0,94.4444444444444,0,0,0,0,0,0,0,2.52525252525253,0,0,0.505050505050505,2.52525252525253,0,0,2.52525252525253,0,0,14.2857142857143,0,71.4285714285714,14.2857142857143,14.2857142857143,14.2857142857143,100,71.4285714285714,14.2857142857143,0,0,0,14.2857142857143,14.2857142857143,57.1428571428571,57.1428571428571,0,57.1428571428571,0,0,0,0,0,14.2857142857143,0,14.2857142857143,14.2857142857143,0,45.4545454545455,45.4545454545455,0,0,0,0,0,1,4,2,0,0,1,6,0,2.52525252525253,94.4444444444444,3.03030303030303,0,0,2.52525252525253,97.4747474747475,0,14.2857142857143,57.1428571428571,28.5714285714286,0,0,14.2857142857143,85.7142857142857,0,0,0,0,0,0,0,0,0,0,0,0,0,0,1,0,0,0,0,0,58.5858585858586,0,0,0,0,0,14.2857142857143,6,1,0,41.4141414141414,58.5858585858586,0,85.7142857142857,14.2857142857143,0,0,0,0,0,2,1,0,0,0,0,4,0,0,0,0,7,198,198,0,0,0,0,0,0,0,0,0,0,0,0,0,0,0,0,0,0,0,0,0,0,0,0,0,0,0,0,19.1919191919192,0,0,0,0,0,0,0,0,0,0,0,0,0,0,75.2525252525252,0,0,0,0,0,0,0,0,0,0,0,0,0,0
"BRCald2005","LBR_Fish_BCG_v1","Main_Middleton",0,0,131,131,116,116,0,0,0,0,0,35.1145038167939,0,0,0,9.9236641221374,0,88.5496183206107,11.4503816793893,11.4503816793893,0,0,0,0,52.6717557251908,0,0,0,0,0,0,5,0,0,0,1,0,0,0,1,0,0,3,2,2,0,0,3,0,0,0,0,0,1,0,0,0,1,0,0,0,0,0,0,20,0,0,0,20,0,0,60,40,40,0,0,20,0,0,0,1,0,0,2,2,0,3,0,1,0,0,52.6717557251908,0,0,0,100,0,0,0,53.4351145038168,53.4351145038168,0,46.5648854961832,0,0.763358778625954,0,20,0,0,40,40,0,60,0,20,0,0,0,3.54382992548611,5.11266585925271,1.53906578144223,2.2019053348423,220.19053348423,-Inf,Inf,0,0,0,0,0,1.52671755725191,1.52671755725191,52.6717557251908,87.7862595419847,97.7099236641221,99.236641221374,100,100,100,100,100,100,0,0,1,0,3,1,1,1,3,3,1,0,0,0,1,1,2,2,0,2,0,0,0,0,0,0,2,0,0,2,0,0,52.6717557251908,88.5496183206107,52.6717557251908,52.6717557251908,100,52.6717557251908,88.5496183206107,52.6717557251908,0,0,0,52.6717557251908,52.6717557251908,35.8778625954198,35.8778625954198,0,35.8778625954198,0,0,0,0,0,0,0,11.4503816793893,0,0,0,11.4503816793893,0,0,11.4503816793893,0,0,20,0,60,20,20,20,100,60,20,0,0,0,20,20,40,40,0,40,0,0,0,0,0,40,0,0,40,0,4.58015267175572,4.58015267175572,0,0,0,0,0,1,2,2,0,0,1,4,0,52.6717557251908,35.8778625954198,11.4503816793893,0,0,52.6717557251908,47.3282442748092,0,20,40,40,0,0,20,80,0,0,0,0,0,0,0,0,0,0,0,0,0,0,0,0,0,0,0,0,0,0,0,0,0,0,0,4,1,0,99.236641221374,0.763358778625954,0,80,20,0,0,0,0,0,7,1,0,0,0,0,3,0,0,0,0,5,131,131,0,0,0,0,0,0,0,0,0,0,0,0,0,0,0,0,0,0,0,0,0,0,0,0,0,0,0,0,0,0,0,0,0,0,0,0,0,0,0,0,0,0,0,87.7862595419847,0,0,0,0,0,0,0,0,0,0,0,0,0,1.52671755725191
"BREck2003","LBR_Fish_BCG_v1","Main_Eckert",0,0,837,837,834,834,0,76.8219832735962,0,0,0,0.836320191158901,0,0,76.8219832735962,0,0,99.7610513739546,0.2389486260454,0.2389486260454,0,0,0,0,20.1911589008363,0,0,0,0,0,0,11,0,0,2,3,0,0,2,0,0,0,10,1,1,0,1,9,0,0,0,0,0,3,0,1,0,3,0,0,0,0,0,18.1818181818182,27.2727272727273,0,0,18.1818181818182,0,0,0,90.9090909090909,9.09090909090909,9.09090909090909,0,0,27.2727272727273,0,0,0,4,0,1,8,7,0,1,0,3,0,0,89.1278375149343,0,0,0.2389486260454,99.6415770609319,0.2389486260454,0,0,99.1636798088411,98.9247311827957,0,0.4778972520908,0,9.19952210274791,0,36.3636363636364,0,9.09090909090909,72.7272727272727,63.6363636363636,0,9.09090909090909,0,27.2727272727273,0,0,0,2.31664741289401,3.34221573407043,1.00610718793531,0.966117010685981,96.6117010685981,-Inf,Inf,0,0,0,0,0,0,0,72.8793309438471,84.468339307049,92.831541218638,96.7741935483871,97.610513739546,98.3273596176822,98.9247311827957,99.4026284348865,99.6415770609319,99.8805256869773,0,1,3,1,10,4,3,3,10,10,3,1,1,0,2,2,7,7,1,6,0,0,0,0,0,0,0,0,1,0,0,72.8793309438471,92.831541218638,99.7610513739546,96.7741935483871,92.831541218638,100,92.831541218638,99.7610513739546,92.831541218638,72.8793309438471,72.8793309438471,0,19.9522102747909,19.9522102747909,6.92951015531661,6.92951015531661,3.9426523297491,2.9868578255675,0,0,0,0,0,0,0,0,0,0,0.2389486260454,0,0,0,0,0,9.09090909090909,27.2727272727273,9.09090909090909,90.9090909090909,36.3636363636364,27.2727272727273,27.2727272727273,100,90.9090909090909,27.2727272727273,9.09090909090909,9.09090909090909,0,18.1818181818182,18.1818181818182,63.6363636363636,63.6363636363636,9.09090909090909,54.5454545454545,0,0,0,0,0,0,0,9.09090909090909,0,0,0.3584229390681,0.3584229390681,0,0,0,0,0,4,7,0,0,0,4,7,0,93.0704898446834,6.92951015531661,0,0,0,93.0704898446834,6.92951015531661,0,36.3636363636364,63.6363636363636,0,0,0,36.3636363636364,63.6363636363636,0,0,0,0,0,0,0,0,0,0,0,0,0,0,6,0,0,0,0,0,86.9772998805257,0,0,0,0,0,54.5454545454545,7,4,0,89.9641577060932,10.0358422939068,0,63.6363636363636,36.3636363636364,0,1,1,5,5,9,2,0,0,0,0,5,0,0,0,0,11,837,837,0,0,0,0,0,0,0,0,0,0,0,0,0,0,0,0,0,0,0,0,0,0,0,0,0,0,0,0,0.2389486260454,0,0,0,0,0,0,0,0,0,0,0,0,0,0,84.468339307049,0,0,0,0,0,0,0,0,0,0,0,0,0,0
"BREck2005","LBR_Fish_BCG_v1","Main_Eckert",0,0,314,314,307,307,0,45.859872611465,0,0,0,6.68789808917197,0,0,45.859872611465,0,0,98.4076433121019,1.59235668789809,1.59235668789809,0,0,0,0,46.1783439490446,0,0,0,0,0,0,8,0,0,1,2,0,0,1,0,0,0,7,1,1,0,1,6,0,0,0,0,0,2,0,0,0,3,0,0,0,0,0,12.5,25,0,0,12.5,0,0,0,87.5,12.5,12.5,0,0,37.5,0,0,0,2,0,0,6,5,0,1,0,3,0,0,76.4331210191083,0,0,0,99.3630573248408,0,0,0,93.312101910828,91.7197452229299,0,6.05095541401274,0,16.2420382165605,0,25,0,0,75,62.5,0,12.5,0,37.5,0,0,0,3.07451081881327,4.43558151146137,1.33524308316245,1.47852717048712,147.852717048712,-Inf,Inf,0,0,0,0,0,2.54777070063694,2.54777070063694,45.859872611465,76.4331210191083,90.4458598726115,96.4968152866242,98.0891719745223,98.7261146496815,99.3630573248408,100,100,100,0,1,3,1,7,3,3,3,7,7,3,1,1,0,2,2,4,4,0,4,0,0,0,0,0,0,0,0,1,0,0,45.859872611465,90.4458598726115,98.4076433121019,90.4458598726115,90.4458598726115,100,90.4458598726115,98.4076433121019,90.4458598726115,45.859872611465,45.859872611465,0,44.5859872611465,44.5859872611465,7.96178343949045,7.96178343949045,0,7.96178343949045,0,0,0,0,0,0,0,0,0,0,1.59235668789809,0,0,0,0,0,12.5,37.5,12.5,87.5,37.5,37.5,37.5,100,87.5,37.5,12.5,12.5,0,25,25,50,50,0,50,0,0,0,0,0,0,0,12.5,0,0,1.59235668789809,1.59235668789809,0,0,0,0,0,4,4,0,0,0,4,4,0,92.0382165605096,7.96178343949045,0,0,0,92.0382165605096,7.96178343949045,0,50,50,0,0,0,50,50,0,0,0,0,0,0,0,0,0,0,0,0,0,0,4,0,0,0,0,0,62.1019108280255,0,0,0,0,0,50,4,4,0,83.1210191082803,16.8789808917197,0,50,50,0,1,1,3,5,4,1,0,0,0,0,4,0,0,0,0,8,314,314,0,0,0,0,0,0,0,0,0,0,0,0,0,0,0,0,0,0,0,0,0,0,0,0,0,0,0,0,0,0,0,0,0,0,0,0,0,0,0,0,0,0,0,76.4331210191083,0,0,0,0,0,0,0,0,0,0,0,0,0,2.54777070063694
"BREck2011","LBR_Fish_BCG_v1","Main_Eckert",0,0,524,524,519,519,0,66.793893129771,0,0,0,0.190839694656489,0,0,66.793893129771,0,0,99.618320610687,0.381679389312977,0.381679389312977,0,0,0,0,32.2519083969466,0,0,0,0,0,0,9,0,0,3,1,0,0,2,0,0,0,8,1,1,0,1,7,0,0,0,0,0,2,0,1,0,4,0,0,0,0,0,33.3333333333333,11.1111111111111,0,0,22.2222222222222,0,0,0,88.8888888888889,11.1111111111111,11.1111111111111,0,0,44.4444444444444,0,0,0,4,0,0,8,7,0,1,0,4,0,0,87.7862595419847,0,0,0,100,0,0,0,99.8091603053435,99.4274809160305,0,0.190839694656489,0,12.0229007633588,0,44.4444444444444,0,0,88.8888888888889,77.7777777777778,0,11.1111111111111,0,44.4444444444444,0,0,0,3.10733186399232,4.48293227057798,1.34949708197401,1.41420767637665,141.420767637665,-Inf,Inf,0,0,0,0,0,0.572519083969466,0.572519083969466,52.8625954198473,73.6641221374046,84.1603053435115,93.1297709923664,98.0916030534351,98.6641221374046,99.236641221374,99.618320610687,99.8091603053435,100,0,1,4,1,8,6,4,4,8,8,4,1,1,0,3,3,4,4,2,2,0,0,0,0,0,0,0,0,1,0,0,52.8625954198473,89.6946564885496,99.618320610687,98.8549618320611,89.6946564885496,100,89.6946564885496,99.618320610687,89.6946564885496,52.8625954198473,52.8625954198473,0,36.8320610687023,36.8320610687023,9.9236641221374,9.9236641221374,9.16030534351145,0.763358778625954,0,0,0,0,0,0,0,0,0,0,0.381679389312977,0,0,0,0,0,11.1111111111111,44.4444444444444,11.1111111111111,88.8888888888889,66.6666666666667,44.4444444444444,44.4444444444444,100,88.8888888888889,44.4444444444444,11.1111111111111,11.1111111111111,0,33.3333333333333,33.3333333333333,44.4444444444444,44.4444444444444,22.2222222222222,22.2222222222222,0,0,0,0,0,0,0,11.1111111111111,0,0,4.19847328244275,4.19847328244275,0,0,0,0,0,5,4,0,0,0,5,4,0,90.0763358778626,9.9236641221374,0,0,0,90.0763358778626,9.9236641221374,0,55.5555555555556,44.4444444444444,0,0,0,55.5555555555556,44.4444444444444,0,0,0,0,0,0,0,0,0,0,0,0,0,0,6,0,0,0,0,0,78.4351145038168,0,0,0,0,0,66.6666666666667,5,4,0,87.9770992366412,12.0229007633588,0,55.5555555555556,44.4444444444444,0,1,1,5,5,8,2,0,0,0,0,3,0,0,0,0,9,524,524,0,0,0,0,0,0,0,0,0,0,0,0,0,0,0,0,0,0,0,0,0,0,0,0,0,0,0,0,0,0,0,0,0,0,0,0,0,0,0,0,0,0,0,73.6641221374046,0,0,0,0,0,0,0,0,0,0,0,0,0,0.572519083969466
"BREck2014","LBR_Fish_BCG_v1","Main_Eckert",0,0,449,449,443,443,0,42.0935412026726,0,0,0,2.89532293986637,0,0,42.0935412026726,0,0,98.6636971046771,1.33630289532294,1.33630289532294,0,0,0,0,53.4521158129176,0,0,0,0,0,0,9,0,0,2,2,0,0,2,0,0,0,8,1,1,0,0,8,0,0,0,0,0,2,0,1,0,3,0,0,0,0,0,22.2222222222222,22.2222222222222,0,0,22.2222222222222,0,0,0,88.8888888888889,11.1111111111111,11.1111111111111,0,0,33.3333333333333,0,0,0,4,0,1,7,6,0,1,0,3,0,0,77.9510022271715,0,0,0.89086859688196,99.109131403118,0.89086859688196,0,0,97.1046770601336,95.7683741648107,0,2.00445434298441,0,19.1536748329621,0,44.4444444444444,0,11.1111111111111,77.7777777777778,66.6666666666667,0,11.1111111111111,0,33.3333333333333,0,0,0,3.54134792138268,5.10908508424123,1.53798786075605,1.61173689658796,161.173689658796,-Inf,Inf,0,0,0,0,0,0.22271714922049,0.22271714922049,37.8619153674833,73.2739420935412,89.9777282850779,94.2093541202673,96.2138084632517,97.5501113585746,98.6636971046771,99.554565701559,100,100,0,1,3,1,8,5,3,3,8,8,3,1,1,0,2,2,5,5,2,3,0,0,0,0,0,0,0,0,1,0,0,37.8619153674833,89.9777282850779,98.6636971046771,94.6547884187082,89.9777282850779,100,89.9777282850779,98.6636971046771,89.9777282850779,37.8619153674833,37.8619153674833,0,52.1158129175947,52.1158129175947,8.68596881959911,8.68596881959911,4.67706013363029,4.00890868596882,0,0,0,0,0,0,0,0,0,0,1.33630289532294,0,0,0,0,0,11.1111111111111,33.3333333333333,11.1111111111111,88.8888888888889,55.5555555555556,33.3333333333333,33.3333333333333,100,88.8888888888889,33.3333333333333,11.1111111111111,11.1111111111111,0,22.2222222222222,22.2222222222222,55.5555555555556,55.5555555555556,22.2222222222222,33.3333333333333,0,0,0,0,0,0,0,11.1111111111111,0,0,3.78619153674833,3.78619153674833,0,0,0,0,0,4,5,0,0,0,4,5,0,91.3140311804009,8.68596881959911,0,0,0,91.3140311804009,8.68596881959911,0,44.4444444444444,55.5555555555556,0,0,0,44.4444444444444,55.5555555555556,0,0,0,0,0,0,0,0,0,0,0,0,0,0,5,0,0,0,0,0,60.5790645879733,0,0,0,0,0,55.5555555555556,6,3,0,80.8463251670379,19.1536748329621,0,66.6666666666667,33.3333333333333,0,1,1,4,6,9,2,0,0,0,0,4,0,0,0,0,9,449,449,0,0,0,0,0,0,0,0,0,0,0,0,0,0,0,0,0,0,0,0,0,0,0,0,0,0,0,0,0.89086859688196,0,0,0,0,0,0,0,0,0,0,0,0,0,0,73.2739420935412,0,0,0,0,0,0,0,0,0,0,0,0,0,0.22271714922049
"BREck2017","LBR_Fish_BCG_v1","Main_Eckert",0,0,203,203,202,202,0,60.0985221674877,0,0,0,4.92610837438424,0,0,60.0985221674877,0,0,99.5073891625616,0.492610837438424,0.492610837438424,0,0,0,0,32.0197044334975,0,0,0,0,0,0,10,0,0,2,2,0,0,2,0,0,0,9,1,1,0,0,9,0,0,0,0,0,3,0,2,0,3,0,0,0,0,0,20,20,0,0,20,0,0,0,90,10,10,0,0,30,0,0,0,5,0,1,8,7,0,1,0,3,0,0,78.8177339901478,0,0,1.97044334975369,98.0295566502463,1.97044334975369,0,0,95.0738916256158,94.5812807881773,0,2.95566502463054,0,16.256157635468,0,50,0,10,80,70,0,10,0,30,0,0,0,2.43451447207377,3.51226195583324,1.05729620133525,1.05729620133525,105.729620133525,-Inf,Inf,0,0,0,0,0,3.44827586206897,3.44827586206897,56.1576354679803,72.9064039408867,87.6847290640394,91.6256157635468,94.5812807881773,96.551724137931,98.0295566502463,99.0147783251231,99.5073891625616,100,0,1,3,1,9,5,3,3,9,9,3,1,1,0,2,2,6,6,2,4,0,0,0,0,0,0,0,0,1,0,0,56.1576354679803,87.6847290640394,99.5073891625616,92.1182266009852,87.6847290640394,100,87.6847290640394,99.5073891625616,87.6847290640394,56.1576354679803,56.1576354679803,0,31.5270935960591,31.5270935960591,11.8226600985222,11.8226600985222,4.43349753694581,7.38916256157635,0,0,0,0,0,0,0,0,0,0,0.492610837438424,0,0,0,0,0,10,30,10,90,50,30,30,100,90,30,10,10,0,20,20,60,60,20,40,0,0,0,0,0,0,0,10,0,0,2.46305418719212,2.46305418719212,0,0,0,0,0,4,6,0,0,0,4,6,0,88.1773399014778,11.8226600985222,0,0,0,88.1773399014778,11.8226600985222,0,40,60,0,0,0,40,60,0,0,0,0,0,0,0,0,0,0,0,0,0,0,6,0,0,0,0,0,77.3399014778325,0,0,0,0,0,60,7,3,0,83.743842364532,16.256157635468,0,70,30,0,1,1,4,4,6,2,0,0,0,0,4,0,0,0,0,10,203,203,0,0,0,0,0,0,0,0,0,0,0,0,0,0,0,0,0,0,0,0,0,0,0,0,0,0,0,0,1.97044334975369,0,0,0,0,0,0,0,0,0,0,0,0,0,0,72.9064039408867,0,0,0,0,0,0,0,0,0,0,0,0,0,3.44827586206897
"BRGlen1995","LBR_Fish_BCG_v1","Main_VetGlen",0,0,610,610,609,609,0,0,0,0,0,26.7213114754098,0,0,0,0,0,99.8360655737705,0.163934426229508,0.163934426229508,0,0,0,0,17.3770491803279,0,0,0,0,0,0,9,0,0,0,3,0,0,0,0,0,0,8,1,1,0,0,8,0,0,0,0,0,3,0,2,0,3,0,0,0,0,0,0,33.3333333333333,0,0,0,0,0,0,88.8888888888889,11.1111111111111,11.1111111111111,0,0,33.3333333333333,0,0,0,3,0,2,6,5,0,1,0,2,0,0,66.0655737704918,0,0,10,90,10,0,0,73.2786885245902,73.1147540983606,0,16.7213114754098,0,2.62295081967213,0,33.3333333333333,0,22.2222222222222,66.6666666666667,55.5555555555556,0,11.1111111111111,0,22.2222222222222,0,0,0,2.38473067823381,3.4404391233437,1.03567537438234,1.08533770413442,108.533770413442,-Inf,Inf,0,0,0,0,0,0.491803278688525,0.491803278688525,40.4918032786885,57.2131147540984,71.9672131147541,82.7868852459016,88.6885245901639,93.2786885245902,97.3770491803279,99.8360655737705,100,100,0,0,2,0,8,5,2,2,8,8,2,0,0,0,2,2,6,6,3,3,0,0,0,0,0,0,0,0,1,0,0,0,17.2131147540984,99.8360655737705,72.6229508196721,17.2131147540984,100,17.2131147540984,99.8360655737705,17.2131147540984,0,0,0,17.2131147540984,17.2131147540984,82.6229508196721,82.6229508196721,55.4098360655738,27.2131147540984,0,0,0,0,0,0,0,0,0,0,0.163934426229508,0,0,0,0,0,0,22.2222222222222,0,88.8888888888889,55.5555555555556,22.2222222222222,22.2222222222222,100,88.8888888888889,22.2222222222222,0,0,0,22.2222222222222,22.2222222222222,66.6666666666667,66.6666666666667,33.3333333333333,33.3333333333333,0,0,0,0,0,0,0,11.1111111111111,0,0,40.4918032786885,40.4918032786885,0,0,0,0,0,3,6,0,0,0,3,6,0,17.3770491803279,82.6229508196721,0,0,0,17.3770491803279,82.6229508196721,0,33.3333333333333,66.6666666666667,0,0,0,33.3333333333333,66.6666666666667,0,0,0,0,0,0,0,0,0,0,0,0,0,0,5,0,0,0,0,0,58.5245901639344,0,0,0,0,0,55.5555555555556,6,3,0,92.7868852459016,7.21311475409836,0,66.6666666666667,33.3333333333333,0,0,1,0,5,8,2,0,0,0,0,4,0,0,0,0,9,610,610,0,0,0,0,0,0,0,0,0,0,0,0,0,0,0,0,0,0,0,0,0,0,0,0,0,0,0,0,10,0,0,0,0,0,0,0,0,0,0,0,0,0,0,57.2131147540984,0,0,0,0,0,0,0,0,0,0,0,0,0,0.491803278688525
"BRGlen1996","LBR_Fish_BCG_v1","Main_VetGlen",0,0,203,203,198,198,0,2.46305418719212,0,0,0,33.9901477832512,0,0,2.46305418719212,0,0,97.5369458128079,2.46305418719212,2.46305418719212,0,0,0,0,37.9310344827586,0,0,0,0,0,0,11,0,0,2,2,0,0,2,0,0,0,10,1,1,0,0,10,0,0,0,0,0,4,0,1,0,3,0,0,0,0,0,18.1818181818182,18.1818181818182,0,0,18.1818181818182,0,0,0,90.9090909090909,9.09090909090909,9.09090909090909,0,0,27.2727272727273,0,0,0,4,0,2,8,7,0,1,0,3,0,0,51.7241379310345,0,0,14.7783251231527,85.2216748768473,14.7783251231527,0,0,65.5172413793103,63.0541871921182,0,19.7044334975369,0,5.91133004926108,0,36.3636363636364,0,18.1818181818182,72.7272727272727,63.6363636363636,0,9.09090909090909,0,27.2727272727273,0,0,0,3.36144793561477,4.84954426691788,1.45985828964257,1.40183267123753,140.183267123753,-Inf,Inf,0,0,0,0,0,0,0,33.0049261083744,52.7093596059113,66.9950738916256,79.8029556650246,87.6847290640394,91.1330049261084,93.5960591133005,96.0591133004926,97.5369458128079,98.5221674876847,0,1,3,1,10,5,3,3,10,10,3,1,1,0,2,2,7,7,2,5,0,0,0,0,0,0,0,0,1,0,0,1.47783251231527,36.9458128078818,97.5369458128079,50.7389162561576,36.9458128078818,100,36.9458128078818,97.5369458128079,36.9458128078818,1.47783251231527,1.47783251231527,0,35.4679802955665,35.4679802955665,60.5911330049261,60.5911330049261,13.7931034482759,46.7980295566502,0,0,0,0,0,0,0,0,0,0,2.46305418719212,0,0,0,0,0,9.09090909090909,27.2727272727273,9.09090909090909,90.9090909090909,45.4545454545455,27.2727272727273,27.2727272727273,100,90.9090909090909,27.2727272727273,9.09090909090909,9.09090909090909,0,18.1818181818182,18.1818181818182,63.6363636363636,63.6363636363636,18.1818181818182,45.4545454545455,0,0,0,0,0,0,0,9.09090909090909,0,0,17.7339901477833,17.7339901477833,0,0,0,0,0,4,7,0,0,0,4,7,0,39.4088669950739,60.5911330049261,0,0,0,39.4088669950739,60.5911330049261,0,36.3636363636364,63.6363636363636,0,0,0,36.3636363636364,63.6363636363636,0,0,0,0,0,0,0,0,0,0,0,0,0,0,6,0,0,0,0,0,31.5270935960591,0,0,0,0,0,54.5454545454545,7,4,0,86.2068965517241,13.7931034482759,0,63.6363636363636,36.3636363636364,0,1,1,1,4,8,2,0,0,0,0,4,0,0,0,0,11,203,203,0,0,0,0,0,0,0,0,0,0,0,0,0,0,0,0,0,0,0,0,0,0,0,0,0,0,0,0,14.7783251231527,0,0,0,0,0,0,0,0,0,0,0,0,0,0,52.7093596059113,0,0,0,0,0,0,0,0,0,0,0,0,0,0
"BRGlen2001","LBR_Fish_BCG_v1","Main_VetGlen",0,0,356,356,337,337,0,7.30337078651685,0,0,0,15.4494382022472,0.842696629213483,0,7.30337078651685,0,0,98.0337078651685,1.96629213483146,1.96629213483146,0,0,0,0,71.3483146067416,0,0,0,0,0,0,11,0,0,2,4,1,0,2,0,0,0,9,2,2,0,1,8,0,0,0,0,0,1,0,1,0,3,0,0,0,0,0,18.1818181818182,36.3636363636364,9.09090909090909,0,18.1818181818182,0,0,0,81.8181818181818,18.1818181818182,18.1818181818182,0,0,27.2727272727273,0,0,0,4,0,2,6,5,0,1,0,3,0,0,80.8988764044944,0,0,5.61797752808989,90.1685393258427,5.61797752808989,0,0,83.7078651685393,82.5842696629213,0,6.46067415730337,0,3.65168539325843,0,36.3636363636364,0,18.1818181818182,54.5454545454545,45.4545454545455,0,9.09090909090909,0,27.2727272727273,0,0,0,3.63878366603306,5.24965514985366,1.58030366699784,1.51749065412125,151.749065412125,-Inf,Inf,0,0,0,0,0,0.280898876404494,0.280898876404494,68.5393258426966,75,80.8988764044944,85.9550561797753,89.6067415730337,92.9775280898876,94.6629213483146,96.0674157303371,97.4719101123596,98.5955056179775,0,1,3,1,9,6,3,3,9,9,3,1,1,0,2,2,6,6,3,3,0,0,0,0,0,0,0,0,2,0,0,1.40449438202247,71.6292134831461,98.0337078651685,81.7415730337079,71.6292134831461,100,71.6292134831461,98.0337078651685,71.6292134831461,1.40449438202247,1.40449438202247,0,70.2247191011236,70.2247191011236,26.4044943820225,26.4044943820225,10.1123595505618,16.2921348314607,0,0,0,0,0,0,0,0,0,0,1.96629213483146,0,0,0,0,0,9.09090909090909,27.2727272727273,9.09090909090909,81.8181818181818,54.5454545454545,27.2727272727273,27.2727272727273,100,81.8181818181818,27.2727272727273,9.09090909090909,9.09090909090909,0,18.1818181818182,18.1818181818182,54.5454545454545,54.5454545454545,27.2727272727273,27.2727272727273,0,0,0,0,0,0,0,18.1818181818182,0,0,0.842696629213483,0.842696629213483,0,0,0,0,0,4,6,1,0,0,4,7,0,72.752808988764,26.4044943820225,0.842696629213483,0,0,72.752808988764,27.247191011236,0,36.3636363636364,54.5454545454545,9.09090909090909,0,0,36.3636363636364,63.6363636363636,0,0,0,0,0,0,0,0,0,0,0,0,0,0,5,0,0,0,0,0,15.1685393258427,0,0,0,0,0,45.4545454545455,8,3,0,96.3483146067416,3.65168539325843,0,72.7272727272727,27.2727272727273,0,1,1,3,3,9,2,0,0,0,0,6,0,0,0,0,11,356,356,0,0,0,0,0,0,0,0,0,0,0,0,0,0,0,0,0,0,0,0,0,0,0,0,0,0,0,0,5.61797752808989,0,0,0,0,0,0,0,0,0,0,0,0,0,0,75,0,0,0,0,0,0,0,0,0,0,0,0,0,0.280898876404494
"BRGlen2003","LBR_Fish_BCG_v1","Main_VetGlen",0,0,272,272,261,261,0,9.55882352941176,0,0,0,27.9411764705882,0.367647058823529,0,9.55882352941176,0,0,97.7941176470588,2.20588235294118,2.20588235294118,0,0,0,0,54.4117647058824,0,0,0,0,0,0,12,0,0,2,4,1,0,2,0,0,0,10,2,2,0,1,9,0,0,0,0,0,2,0,1,0,3,0,0,0,0,0,16.6666666666667,33.3333333333333,8.33333333333333,0,16.6666666666667,0,0,0,83.3333333333333,16.6666666666667,16.6666666666667,0,0,25,0,0,0,4,0,2,7,6,0,1,0,4,0,0,64.3382352941177,0,0,4.77941176470588,93.0147058823529,4.77941176470588,0,0,71.6911764705882,69.8529411764706,0,21.3235294117647,0,7.72058823529412,0,33.3333333333333,0,16.6666666666667,58.3333333333333,50,0,8.33333333333333,0,33.3333333333333,0,0,0,5.06319555195379,7.3046471138548,2.19891788901062,2.03757978288068,203.757978288068,-Inf,Inf,0,0,0,0,0,2.20588235294118,2.20588235294118,48.8970588235294,70.2205882352941,79.4117647058823,83.4558823529412,87.5,91.1764705882353,93.0147058823529,94.8529411764706,96.6911764705882,98.5294117647059,0,1,3,1,10,6,3,3,10,10,3,1,1,0,2,2,7,7,3,4,0,0,0,0,0,0,0,0,2,0,0,0.367647058823529,52.9411764705882,97.7941176470588,64.7058823529412,52.9411764705882,100,52.9411764705882,97.7941176470588,52.9411764705882,0.367647058823529,0.367647058823529,0,52.5735294117647,52.5735294117647,44.8529411764706,44.8529411764706,11.7647058823529,33.0882352941176,0,0,0,0,0,0,0,0,0,0,2.20588235294118,0,0,0,0,0,8.33333333333333,25,8.33333333333333,83.3333333333333,50,25,25,100,83.3333333333333,25,8.33333333333333,8.33333333333333,0,16.6666666666667,16.6666666666667,58.3333333333333,58.3333333333333,25,33.3333333333333,0,0,0,0,0,0,0,16.6666666666667,0,0,5.14705882352941,5.14705882352941,0,0,0,0,0,4,7,1,0,0,4,8,0,54.7794117647059,44.8529411764706,0.367647058823529,0,0,54.7794117647059,45.2205882352941,0,33.3333333333333,58.3333333333333,8.33333333333333,0,0,33.3333333333333,66.6666666666667,0,0,0,0,0,0,0,0,0,0,0,0,0,0,5,0,0,0,0,0,20.9558823529412,0,0,0,0,0,41.6666666666667,8,4,0,92.2794117647059,7.72058823529412,0,66.6666666666667,33.3333333333333,0,1,1,3,4,7,2,0,0,0,0,6,0,0,0,0,12,272,272,0,0,0,0,0,0,0,0,0,0,0,0,0,0,0,0,0,0,0,0,0,0,0,0,0,0,0,0,4.77941176470588,0,0,0,0,0,0,0,0,0,0,0,0,0,0,70.2205882352941,0,0,0,0,0,0,0,0,0,0,0,0,0,2.20588235294118
"BRGlen2004","LBR_Fish_BCG_v1","Main_VetGlen",0,0,149,149,138,138,0,0,0,0,0,42.9530201342282,0.671140939597315,0,0,0,0,92.6174496644295,7.38255033557047,7.38255033557047,0,0,0,0,26.1744966442953,0,0,0,0,0,0,11,0,0,0,2,1,0,0,0,0,0,8,3,3,0,0,8,0,0,0,0,0,4,0,2,0,3,0,0,0,0,0,0,18.1818181818182,9.09090909090909,0,0,0,0,0,72.7272727272727,27.2727272727273,27.2727272727273,0,0,27.2727272727273,0,0,0,3,0,1,7,6,0,2,0,4,0,0,28.8590604026846,0,0,3.35570469798658,95.9731543624161,3.35570469798658,0,0,55.7046979865772,49.6644295302013,0,40.2684563758389,0,12.751677852349,0,27.2727272727273,0,9.09090909090909,63.6363636363636,54.5454545454545,0,18.1818181818182,0,36.3636363636364,0,0,0,4.62306749875391,6.66967655414721,2.00777270417509,1.92796889472105,192.796889472105,-Inf,Inf,0,0,0,0,0,4.02684563758389,4.02684563758389,39.5973154362416,55.7046979865772,70.4697986577181,79.8657718120805,85.9060402684564,89.9328859060403,93.2885906040269,96.6442953020134,98.6577181208054,99.3288590604027,0,0,2,0,8,3,2,2,8,8,2,0,0,0,2,2,6,6,1,5,0,0,0,0,0,0,1,0,2,1,0,0,20.1342281879195,92.6174496644295,29.5302013422819,20.1342281879195,100,20.1342281879195,92.6174496644295,20.1342281879195,0,0,0,20.1342281879195,20.1342281879195,72.4832214765101,72.4832214765101,9.39597315436242,63.0872483221477,0,0,0,0,0,0,0,0.671140939597315,0,0,6.71140939597315,0.671140939597315,0,0,0.671140939597315,0,0,18.1818181818182,0,72.7272727272727,27.2727272727273,18.1818181818182,18.1818181818182,100,72.7272727272727,18.1818181818182,0,0,0,18.1818181818182,18.1818181818182,54.5454545454545,54.5454545454545,9.09090909090909,45.4545454545455,0,0,0,0,0,9.09090909090909,0,18.1818181818182,9.09090909090909,0,2.68456375838926,2.68456375838926,0,0,0,0,0,3,6,2,0,0,3,8,0,26.1744966442953,72.4832214765101,1.34228187919463,0,0,26.1744966442953,73.8255033557047,0,27.2727272727273,54.5454545454545,18.1818181818182,0,0,27.2727272727273,72.7272727272727,0,0,0,0,0,0,0,0,0,0,0,0,0,0,5,0,0,0,0,0,37.5838926174497,0,0,0,0,0,45.4545454545455,6,5,0,72.4832214765101,27.5167785234899,0,54.5454545454545,45.4545454545455,0,0,1,0,3,3,2,0,0,0,0,5,0,0,0,0,11,149,149,0,0,0,0,0,0,0,0,0,0,0,0,0,0,0,0,0,0,0,0,0,0,0,0,0,0,0,0,3.35570469798658,0,0,0,0,0,0,0,0,0,0,0,0,0,0,55.7046979865772,0,0,0,0,0,0,0,0,0,0,0,0,0,4.02684563758389
"BRGlen2005","LBR_Fish_BCG_v1","Main_VetGlen",0,0,248,248,226,226,0,0.403225806451613,0,0,0,17.3387096774194,0,0,0.403225806451613,0,0,97.5806451612903,2.41935483870968,2.41935483870968,0,0,0,0,77.8225806451613,0,0,0,0,0,0,10,0,0,1,3,0,0,1,0,0,0,9,1,1,0,2,7,0,0,0,0,0,2,0,1,0,4,0,0,0,0,0,10,30,0,0,10,0,0,0,90,10,10,0,0,40,0,0,0,3,0,1,7,6,0,1,0,4,0,0,65.3225806451613,0,0,0.403225806451613,99.1935483870968,0.403225806451613,0,0,82.6612903225806,80.241935483871,0,16.5322580645161,0,17.3387096774194,0,30,0,10,70,60,0,10,0,40,0,0,0,2.8414792602569,4.09938803756147,1.23403876317211,1.23403876317211,123.403876317211,-Inf,Inf,0,0,0,0,0,0.806451612903226,0.806451612903226,63.7096774193548,80.241935483871,86.2903225806452,91.9354838709677,95.1612903225806,97.5806451612903,98.7903225806452,99.1935483870968,99.5967741935484,100,0,0,3,0,9,5,3,3,9,9,3,0,0,0,3,3,6,6,2,4,0,0,0,0,0,0,0,0,1,0,0,0,75.4032258064516,97.5806451612903,77.0161290322581,75.4032258064516,100,75.4032258064516,97.5806451612903,75.4032258064516,0,0,0,75.4032258064516,75.4032258064516,22.1774193548387,22.1774193548387,1.61290322580645,20.5645161290323,0,0,0,0,0,0,0,0,0,0,2.41935483870968,0,0,0,0,0,0,30,0,90,50,30,30,100,90,30,0,0,0,30,30,60,60,20,40,0,0,0,0,0,0,0,10,0,0,2.82258064516129,2.82258064516129,0,0,0,0,0,4,6,0,0,0,4,6,0,77.8225806451613,22.1774193548387,0,0,0,77.8225806451613,22.1774193548387,0,40,60,0,0,0,40,60,0,0,0,0,0,0,0,0,0,0,0,0,0,0,5,0,0,0,0,0,15.7258064516129,0,0,0,0,0,50,6,4,0,82.6612903225806,17.3387096774194,0,60,40,0,0,1,1,3,7,2,0,0,0,0,5,0,0,0,0,10,248,248,0,0,0,0,0,0,0,0,0,0,0,0,0,0,0,0,0,0,0,0,0,0,0,0,0,0,0,0,0.403225806451613,0,0,0,0,0,0,0,0,0,0,0,0,0,0,80.241935483871,0,0,0,0,0,0,0,0,0,0,0,0,0,0.806451612903226
"BRGlen2014","LBR_Fish_BCG_v1","Main_VetGlen",0,0,391,391,390,390,0,34.5268542199489,0,0,0,3.58056265984655,0,0,34.5268542199489,0,0,99.7442455242967,0.255754475703325,0.255754475703325,0,0,0,0,44.7570332480818,0,0,0,0,0,0,11,0,0,2,2,0,0,2,0,0,0,10,1,1,0,0,10,0,0,0,0,0,4,0,3,0,3,0,0,0,0,0,18.1818181818182,18.1818181818182,0,0,18.1818181818182,0,0,0,90.9090909090909,9.09090909090909,9.09090909090909,0,0,27.2727272727273,0,0,0,6,0,1,9,8,0,1,0,3,0,0,84.6547314578005,0,0,0.51150895140665,99.4884910485933,0.51150895140665,0,0,96.4194373401535,96.1636828644501,0,3.0690537084399,0,11.7647058823529,0,54.5454545454545,0,9.09090909090909,81.8181818181818,72.7272727272727,0,9.09090909090909,0,27.2727272727273,0,0,0,2.86588136306955,4.13459283027655,1.24463646177048,1.19516535837907,119.516535837907,-Inf,Inf,0,0,0,0,0,0,0,33.5038363171356,52.9411764705882,68.0306905370844,79.0281329923274,88.2352941176471,95.3964194373402,98.4654731457801,98.9769820971867,99.4884910485933,99.7442455242967,0,1,3,1,10,6,3,3,10,10,3,1,1,0,2,2,7,7,3,4,0,0,0,0,0,0,0,0,1,0,0,19.4373401534527,63.9386189258312,99.7442455242967,95.3964194373402,63.9386189258312,100,63.9386189258312,99.7442455242967,63.9386189258312,19.4373401534527,19.4373401534527,0,44.5012787723785,44.5012787723785,35.8056265984655,35.8056265984655,31.457800511509,4.34782608695652,0,0,0,0,0,0,0,0,0,0,0.255754475703325,0,0,0,0,0,9.09090909090909,27.2727272727273,9.09090909090909,90.9090909090909,54.5454545454545,27.2727272727273,27.2727272727273,100,90.9090909090909,27.2727272727273,9.09090909090909,9.09090909090909,0,18.1818181818182,18.1818181818182,63.6363636363636,63.6363636363636,27.2727272727273,36.3636363636364,0,0,0,0,0,0,0,9.09090909090909,0,0,13.5549872122762,13.5549872122762,0,0,0,0,0,4,7,0,0,0,4,7,0,64.1943734015345,35.8056265984655,0,0,0,64.1943734015345,35.8056265984655,0,36.3636363636364,63.6363636363636,0,0,0,36.3636363636364,63.6363636363636,0,0,0,0,0,0,0,0,0,0,0,0,0,0,7,0,0,0,0,0,62.4040920716113,0,0,0,0,0,63.6363636363636,8,3,0,88.2352941176471,11.7647058823529,0,72.7272727272727,27.2727272727273,0,1,1,4,6,6,2,0,0,0,0,4,0,0,0,0,11,391,391,0,0,0,0,0,0,0,0,0,0,0,0,0,0,0,0,0,0,0,0,0,0,0,0,0,0,0,0,0.51150895140665,0,0,0,0,0,0,0,0,0,0,0,0,0,0,52.9411764705882,0,0,0,0,0,0,0,0,0,0,0,0,0,0
"BRGlen2017","LBR_Fish_BCG_v1","Main_VetGlen",0,0,172,172,169,169,0,30.2325581395349,0,0,0,19.1860465116279,0,0,30.2325581395349,0,0,98.2558139534884,1.74418604651163,1.74418604651163,0,0,0,0,43.0232558139535,0,0,0,0,0,0,10,0,0,2,2,0,0,2,0,0,0,9,1,1,0,0,9,0,0,0,0,0,3,0,2,0,3,0,0,0,0,0,20,20,0,0,20,0,0,0,90,10,10,0,0,30,0,0,0,5,0,1,8,7,0,1,0,2,0,0,70.9302325581395,0,0,1.74418604651163,98.2558139534884,1.74418604651163,0,0,80.8139534883721,79.0697674418605,0,17.4418604651163,0,8.13953488372093,0,50,0,10,80,70,0,10,0,20,0,0,0,3.02319641809934,4.36155048002519,1.31295752209022,1.31295752209022,131.295752209022,-Inf,Inf,0,0,0,0,0,1.16279069767442,1.16279069767442,34.8837209302326,57.5581395348837,75,82.5581395348837,88.953488372093,93.6046511627907,95.3488372093023,97.0930232558139,98.8372093023256,100,0,1,3,1,9,5,3,3,9,9,3,1,1,0,2,2,6,6,2,4,0,0,0,0,0,0,0,0,1,0,0,22.6744186046512,63.953488372093,98.2558139534884,76.1627906976744,63.953488372093,100,63.953488372093,98.2558139534884,63.953488372093,22.6744186046512,22.6744186046512,0,41.2790697674419,41.2790697674419,34.3023255813954,34.3023255813954,12.2093023255814,22.093023255814,0,0,0,0,0,0,0,0,0,0,1.74418604651163,0,0,0,0,0,10,30,10,90,50,30,30,100,90,30,10,10,0,20,20,60,60,20,40,0,0,0,0,0,0,0,10,0,0,17.4418604651163,17.4418604651163,0,0,0,0,0,4,6,0,0,0,4,6,0,65.6976744186046,34.3023255813954,0,0,0,65.6976744186046,34.3023255813954,0,40,60,0,0,0,40,60,0,0,0,0,0,0,0,0,0,0,0,0,0,0,7,0,0,0,0,0,45.9302325581395,0,0,0,0,0,70,7,3,0,90.1162790697674,9.88372093023256,0,70,30,0,1,1,2,3,5,2,0,0,0,0,4,0,0,0,0,10,172,172,0,0,0,0,0,0,0,0,0,0,0,0,0,0,0,0,0,0,0,0,0,0,0,0,0,0,0,0,1.74418604651163,0,0,0,0,0,0,0,0,0,0,0,0,0,0,57.5581395348837,0,0,0,0,0,0,0,0,0,0,0,0,0,1.16279069767442
"BRLogCrk1996","LBR_Fish_BCG_v1","Main_Eckert",0,0,238,238,235,235,0,49.5798319327731,0,0,0,0,0,0,49.5798319327731,0,0,98.7394957983193,1.26050420168067,1.26050420168067,0,0,0,0,48.7394957983193,0,0,0,0,0,0,7,0,0,2,0,0,0,2,0,0,0,6,1,1,0,0,6,0,0,0,0,0,2,0,1,0,3,0,0,0,0,0,28.5714285714286,0,0,0,28.5714285714286,0,0,0,85.7142857142857,14.2857142857143,14.2857142857143,0,0,42.8571428571429,0,0,0,4,0,1,6,5,0,0,0,2,0,0,89.4957983193277,0,0,0.420168067226891,99.5798319327731,0.420168067226891,0,0,99.5798319327731,98.3193277310924,0,0,0,10.0840336134454,0,57.1428571428571,0,14.2857142857143,85.7142857142857,71.4285714285714,0,0,0,28.5714285714286,0,0,0,3.07951778365558,4.44280503480927,1.33741758036455,1.58255908431877,158.255908431877,-Inf,Inf,0,0,0,0,0,0.420168067226891,0.420168067226891,38.6554621848739,65.9663865546218,88.2352941176471,97.0588235294118,98.3193277310924,99.5798319327731,100,100,100,100,0,1,3,1,6,4,3,3,6,6,3,1,1,0,2,2,3,3,1,2,0,0,0,0,0,0,0,0,1,0,0,22.2689075630252,69.7478991596639,98.7394957983193,97.0588235294118,69.7478991596639,100,69.7478991596639,98.7394957983193,69.7478991596639,22.2689075630252,22.2689075630252,0,47.4789915966387,47.4789915966387,28.9915966386555,28.9915966386555,27.3109243697479,1.68067226890756,0,0,0,0,0,0,0,0,0,0,1.26050420168067,0,0,0,0,0,14.2857142857143,42.8571428571429,14.2857142857143,85.7142857142857,57.1428571428571,42.8571428571429,42.8571428571429,100,85.7142857142857,42.8571428571429,14.2857142857143,14.2857142857143,0,28.5714285714286,28.5714285714286,42.8571428571429,42.8571428571429,14.2857142857143,28.5714285714286,0,0,0,0,0,0,0,14.2857142857143,0,0,27.3109243697479,27.3109243697479,0,0,0,0,0,4,3,0,0,0,4,3,0,71.0084033613445,28.9915966386555,0,0,0,71.0084033613445,28.9915966386555,0,57.1428571428571,42.8571428571429,0,0,0,57.1428571428571,42.8571428571429,0,0,0,0,0,0,0,0,0,0,0,0,0,0,5,0,0,0,0,0,60.9243697478992,0,0,0,0,0,71.4285714285714,5,2,0,89.9159663865546,10.0840336134454,0,71.4285714285714,28.5714285714286,0,1,1,1,4,4,1,0,0,0,0,3,0,0,0,0,7,238,238,0,0,0,0,0,0,0,0,0,0,0,0,0,0,0,0,0,0,0,0,0,0,0,0,0,0,0,0,0.420168067226891,0,0,0,0,0,0,0,0,0,0,0,0,0,0,65.9663865546218,0,0,0,0,0,0,0,0,0,0,0,0,0,0.420168067226891
"BRMiddl1996","LBR_Fish_BCG_v1","Main_Middleton",0,0,267,267,235,235,0,0,0,0,0,34.0823970037453,0.374531835205993,0,0,11.6104868913858,0,88.0149812734082,11.9850187265918,11.9850187265918,0,0,0,0,40.8239700374532,0,0,0,0,0,0,9,0,0,0,3,1,0,0,1,0,0,7,2,2,0,0,7,0,0,0,0,0,2,0,1,0,2,0,0,0,0,0,0,33.3333333333333,11.1111111111111,0,0,11.1111111111111,0,0,77.7777777777778,22.2222222222222,22.2222222222222,0,0,22.2222222222222,0,0,0,2,0,3,3,3,0,2,0,2,0,0,52.8089887640449,0,0,8.23970037453184,91.3857677902622,8.23970037453184,0,0,53.1835205992509,53.1835205992509,0,38.2022471910112,0,0.749063670411985,0,22.2222222222222,0,33.3333333333333,33.3333333333333,33.3333333333333,0,22.2222222222222,0,22.2222222222222,0,0,0,3.30063219177238,4.76180569486849,1.43344634767898,1.50218244680927,150.218244680927,-Inf,Inf,0,0,0,0,0,0,0,40.4494382022472,67.0411985018727,79.4007490636704,91.0112359550562,95.5056179775281,98.501872659176,99.250936329588,99.625468164794,100,100,0,0,2,0,7,4,2,2,7,7,2,0,0,0,2,2,5,5,2,3,0,0,0,0,0,0,1,0,1,1,0,0,40.8239700374532,88.0149812734082,56.1797752808989,40.8239700374532,100,40.8239700374532,88.0149812734082,40.8239700374532,0,0,0,40.8239700374532,40.8239700374532,47.1910112359551,47.1910112359551,15.3558052434457,31.8352059925094,0,0,0,0,0,0,0,11.6104868913858,0,0,0.374531835205993,11.6104868913858,0,0,11.6104868913858,0,0,22.2222222222222,0,77.7777777777778,44.4444444444444,22.2222222222222,22.2222222222222,100,77.7777777777778,22.2222222222222,0,0,0,22.2222222222222,22.2222222222222,55.5555555555556,55.5555555555556,22.2222222222222,33.3333333333333,0,0,0,0,0,11.1111111111111,0,11.1111111111111,11.1111111111111,0,26.2172284644195,26.2172284644195,0,0,0,0,0,2,5,2,0,0,2,7,0,40.8239700374532,47.1910112359551,11.9850187265918,0,0,40.8239700374532,59.1760299625468,0,22.2222222222222,55.5555555555556,22.2222222222222,0,0,22.2222222222222,77.7777777777778,0,0,0,0,0,0,0,0,0,0,0,0,0,0,2,0,0,0,0,0,12.7340823970037,0,0,0,0,0,22.2222222222222,7,2,0,99.250936329588,0.749063670411985,0,77.7777777777778,22.2222222222222,0,0,0,0,1,8,2,0,0,0,0,5,0,0,0,0,9,267,267,0,0,0,0,0,0,0,0,0,0,0,0,0,0,0,0,0,0,0,0,0,0,0,0,0,0,0,0,8.23970037453184,0,0,0,0,0,0,0,0,0,0,0,0,0,0,67.0411985018727,0,0,0,0,0,0,0,0,0,0,0,0,0,0
"BRMiddl1997","LBR_Fish_BCG_v1","Main_Middleton",0,0,965,965,949,949,0,0,0,0,0,22.3834196891192,1.13989637305699,0,0,0.518134715025907,0,98.3419689119171,1.6580310880829,1.6580310880829,0,0,0,0.103626943005181,3.10880829015544,0,0,0,0,0,0,13,0,0,0,2,3,0,0,1,0,1,9,4,4,0,0,9,0,0,0,0,0,5,0,2,0,2,0,0,0,0,0,0,15.3846153846154,23.0769230769231,0,0,7.69230769230769,0,7.69230769230769,69.2307692307692,30.7692307692308,30.7692307692308,0,0,15.3846153846154,0,0,0,3,0,2,7,6,0,2,0,5,0,0,24.3523316062176,0,0,46.839378238342,52.1243523316062,46.839378238342,0,0,39.2746113989637,39.1709844559585,0,12.8497409326425,0,9.74093264248705,0,23.0769230769231,0,15.3846153846154,53.8461538461538,46.1538461538462,0,15.3846153846154,0,38.4615384615385,0,0,0,2.72849051803827,3.93637973948637,1.18496837590937,1.06375999592389,106.375999592389,-Inf,Inf,0,0,0,0,0,0.310880829015544,0.310880829015544,36.7875647668394,51.8134715025907,64.1450777202073,74.1968911917098,82.6943005181347,88.9119170984456,94.0932642487047,97.0984455958549,98.2383419689119,99.1709844559585,0,0,2,0,9,3,2,2,9,9,2,0,0,0,2,2,7,7,1,6,0,0,0,0,0,0,1,0,3,1,0,0,3.10880829015544,98.3419689119171,18.1347150259067,3.10880829015544,100,3.10880829015544,98.3419689119171,3.10880829015544,0,0,0,3.10880829015544,3.10880829015544,95.2331606217617,95.2331606217617,15.0259067357513,80.2072538860104,0,0,0,0,0,0,0,0.518134715025907,0,0,1.13989637305699,0.518134715025907,0,0,0.518134715025907,0,0,15.3846153846154,0,69.2307692307692,23.0769230769231,15.3846153846154,15.3846153846154,100,69.2307692307692,15.3846153846154,0,0,0,15.3846153846154,15.3846153846154,53.8461538461538,53.8461538461538,7.69230769230769,46.1538461538462,0,0,0,0,0,7.69230769230769,0,23.0769230769231,7.69230769230769,0,34.0932642487047,34.0932642487047,0,0,0,0,0,2,8,3,0,0,2,11,0,3.10880829015544,95.3367875647668,1.55440414507772,0,0,3.10880829015544,96.8911917098446,0,15.3846153846154,61.5384615384615,23.0769230769231,0,0,15.3846153846154,84.6153846153846,0,0,0,0,0,0,0,0,0,0,0,0,0,0,4,0,0,0,0,0,27.6683937823834,0,0,0,0,0,30.7692307692308,7,6,0,84.0414507772021,15.9585492227979,0,53.8461538461538,46.1538461538462,0,0,0,0,1,5,2,0,0,0,0,5,0,0,0,0,13,965,965,0,0,0,0,0,0,0,0,0,0,0,0,0,0,0,0,0,0,0,0,0,0,0,0,0,0,0,0,46.839378238342,0,0,0,0,0,0,0,0,0,0,0,0,0,0,51.8134715025907,0,0,0,0,0,0,0,0,0,0,0,0,0,0.310880829015544
"BRMiddl2005","LBR_Fish_BCG_v1","Main_Middleton",0,0,178,178,145,145,0,0,0,0,0,43.8202247191011,0,0,0,3.37078651685393,0,96.0674157303371,3.93258426966292,3.93258426966292,0,0,0,0,51.123595505618,0,0,0,0,0,0,7,0,0,0,2,0,0,0,1,0,0,5,2,2,0,2,3,0,0,0,0,0,1,0,0,0,2,0,0,0,0,0,0,28.5714285714286,0,0,0,14.2857142857143,0,0,71.4285714285714,28.5714285714286,28.5714285714286,0,0,28.5714285714286,0,0,0,1,0,0,3,3,0,3,0,2,0,0,50.561797752809,0,0,0,85.9550561797753,0,0,0,52.247191011236,52.247191011236,0,33.7078651685393,0,1.68539325842697,0,14.2857142857143,0,0,42.8571428571429,42.8571428571429,0,42.8571428571429,0,28.5714285714286,0,0,0,3.20669328631319,4.62628050181597,1.39264919940202,1.64791436432456,164.791436432456,-Inf,Inf,0,0,0,0,0,0,0,50.561797752809,80.3370786516854,94.3820224719101,97.752808988764,98.876404494382,99.438202247191,100,100,100,100,0,0,2,0,5,2,2,2,5,5,2,0,0,0,2,2,3,3,0,3,0,0,0,0,0,0,2,0,0,2,0,0,51.123595505618,96.0674157303371,51.123595505618,51.123595505618,100,51.123595505618,96.0674157303371,51.123595505618,0,0,0,51.123595505618,51.123595505618,44.9438202247191,44.9438202247191,0,44.9438202247191,0,0,0,0,0,0,0,3.93258426966292,0,0,0,3.93258426966292,0,0,3.93258426966292,0,0,28.5714285714286,0,71.4285714285714,28.5714285714286,28.5714285714286,28.5714285714286,100,71.4285714285714,28.5714285714286,0,0,0,28.5714285714286,28.5714285714286,42.8571428571429,42.8571428571429,0,42.8571428571429,0,0,0,0,0,28.5714285714286,0,0,28.5714285714286,0,12.9213483146067,12.9213483146067,0,0,0,0,0,2,3,2,0,0,2,5,0,51.123595505618,44.9438202247191,3.93258426966292,0,0,51.123595505618,48.876404494382,0,28.5714285714286,42.8571428571429,28.5714285714286,0,0,28.5714285714286,71.4285714285714,0,0,0,0,0,0,0,0,0,0,0,0,0,0,1,0,0,0,0,0,0.561797752808989,0,0,0,0,0,14.2857142857143,5,2,0,98.314606741573,1.68539325842697,0,71.4285714285714,28.5714285714286,0,0,0,0,0,5,1,0,0,0,0,4,0,0,0,0,7,178,178,0,0,0,0,0,0,0,0,0,0,0,0,0,0,0,0,0,0,0,0,0,0,0,0,0,0,0,0,0,0,0,0,0,0,0,0,0,0,0,0,0,0,0,80.3370786516854,0,0,0,0,0,0,0,0,0,0,0,0,0,0
"BRMiddl2011","LBR_Fish_BCG_v1","Main_Middleton",0,0,314,314,302,302,0,0,0,0,0,33.7579617834395,2.86624203821656,0,0,0,0,96.1783439490446,3.82165605095541,3.82165605095541,0,0,0,0,36.9426751592357,0,0,0,0,0,0,14,0,0,0,3,1,0,0,0,0,0,11,3,3,0,0,11,0,0,0,0,0,6,0,3,0,3,0,0,0,0,0,0,21.4285714285714,7.14285714285714,0,0,0,0,0,78.5714285714286,21.4285714285714,21.4285714285714,0,0,21.4285714285714,0,0,0,4,0,3,8,7,0,2,0,4,0,0,51.5923566878981,0,0,9.87261146496815,87.2611464968153,9.87261146496815,0,0,58.2802547770701,57.6433121019108,0,28.9808917197452,0,9.23566878980892,0,28.5714285714286,0,21.4285714285714,57.1428571428571,50,0,14.2857142857143,0,28.5714285714286,0,0,0,3.89396515246629,5.61780421485755,1.69112757843966,1.47551366496232,147.551366496232,-Inf,Inf,0,0,0,0,0,0.318471337579618,0.318471337579618,34.3949044585987,63.0573248407643,71.656050955414,76.4331210191083,81.2101910828026,85.3503184713376,89.171974522293,92.6751592356688,95.5414012738854,97.4522292993631,0,0,2,0,11,5,2,2,11,11,2,0,0,0,2,2,9,9,3,6,0,0,0,0,0,0,1,0,2,1,0,0,36.3057324840764,96.1783439490446,49.3630573248408,36.3057324840764,100,36.3057324840764,96.1783439490446,36.3057324840764,0,0,0,36.3057324840764,36.3057324840764,59.8726114649682,59.8726114649682,13.0573248407643,46.8152866242038,0,0,0,0,0,0,0,0.318471337579618,0,0,3.5031847133758,0.318471337579618,0,0,0.318471337579618,0,0,14.2857142857143,0,78.5714285714286,35.7142857142857,14.2857142857143,14.2857142857143,100,78.5714285714286,14.2857142857143,0,0,0,14.2857142857143,14.2857142857143,64.2857142857143,64.2857142857143,21.4285714285714,42.8571428571429,0,0,0,0,0,7.14285714285714,0,14.2857142857143,7.14285714285714,0,16.2420382165605,16.2420382165605,0,0,0,0,0,3,9,2,0,0,3,11,0,36.9426751592357,59.8726114649682,3.18471337579618,0,0,36.9426751592357,63.0573248407643,0,21.4285714285714,64.2857142857143,14.2857142857143,0,0,21.4285714285714,78.5714285714286,0,0,0,0,0,0,0,0,0,0,0,0,0,0,6,0,0,0,0,0,20.0636942675159,0,0,0,0,0,42.8571428571429,9,5,0,90.4458598726115,9.55414012738854,0,64.2857142857143,35.7142857142857,0,0,0,0,2,9,2,0,0,0,0,5,0,0,0,0,14,314,314,0,0,0,0,0,0,0,0,0,0,0,0,0,0,0,0,0,0,0,0,0,0,0,0,0,0,0,0,9.87261146496815,0,0,0,0,0,0,0,0,0,0,0,0,0,0,63.0573248407643,0,0,0,0,0,0,0,0,0,0,0,0,0,0.318471337579618
"BRMiddl2017","LBR_Fish_BCG_v1","Main_Middleton",0,0,483,483,471,471,0,0,0,0,0,69.3581780538302,1.24223602484472,0,0,1.24223602484472,0,97.5155279503106,2.48447204968944,2.48447204968944,0,0,0,1.0351966873706,12.2153209109731,0,0,0,0,0,0,12,0,0,0,1,2,0,0,1,0,1,9,3,3,0,0,9,0,0,0,0,0,6,0,3,0,2,0,0,0,0,0,0,8.33333333333333,16.6666666666667,0,0,8.33333333333333,0,8.33333333333333,75,25,25,0,0,16.6666666666667,0,0,0,4,0,1,8,7,0,2,0,4,0,0,21.9461697722567,0,0,0.20703933747412,99.5859213250518,0.20703933747412,0,0,28.9855072463768,27.9503105590062,0,70.6004140786749,0,5.38302277432712,0,33.3333333333333,0,8.33333333333333,66.6666666666667,58.3333333333333,0,16.6666666666667,0,33.3333333333333,0,0,0,1.82016059967732,2.62593667077595,0.790485704617573,0.732486510039564,73.2486510039564,-Inf,Inf,0,0,0,0,0,0,0,69.3581780538302,80.9523809523809,86.128364389234,89.648033126294,92.5465838509317,94.824016563147,96.6873706004141,97.9296066252588,98.9648033126294,99.5859213250518,0,0,2,0,9,4,2,2,9,9,2,0,0,0,2,2,7,7,2,5,0,0,0,0,0,0,2,0,1,2,0,0,12.2153209109731,97.5155279503106,20.2898550724638,12.2153209109731,100,12.2153209109731,97.5155279503106,12.2153209109731,0,0,0,12.2153209109731,12.2153209109731,85.3002070393375,85.3002070393375,8.07453416149068,77.2256728778468,0,0,0,0,0,0,0,2.27743271221532,0,0,0.20703933747412,2.27743271221532,0,0,2.27743271221532,0,0,16.6666666666667,0,75,33.3333333333333,16.6666666666667,16.6666666666667,100,75,16.6666666666667,0,0,0,16.6666666666667,16.6666666666667,58.3333333333333,58.3333333333333,16.6666666666667,41.6666666666667,0,0,0,0,0,16.6666666666667,0,8.33333333333333,16.6666666666667,0,68.7370600414079,68.7370600414079,0,0,0,0,0,2,7,3,0,0,2,10,0,12.2153209109731,85.3002070393375,2.48447204968944,0,0,12.2153209109731,87.7846790890269,0,16.6666666666667,58.3333333333333,25,0,0,16.6666666666667,83.3333333333333,0,0,0,0,0,0,0,0,0,0,0,0,0,0,5,0,0,0,0,0,12.8364389233954,0,0,0,0,0,41.6666666666667,7,5,0,92.7536231884058,7.2463768115942,0,58.3333333333333,41.6666666666667,0,0,0,0,2,8,2,0,0,0,0,5,0,0,0,0,12,483,483,0,0,0,0,0,0,0,0,0,0,0,0,0,0,0,0,0,0,0,0,0,0,0,0,0,0,0,0,0.20703933747412,0,0,0,0,0,0,0,0,0,0,0,0,0,0,80.9523809523809,0,0,0,0,0,0,0,0,0,0,0,0,0,0
"BRNotus2005","LBR_Fish_BCG_v1","Main_NotusParma",0,0,56,56,50,50,0,0,0,0,0,73.2142857142857,0,0,0,10.7142857142857,0,89.2857142857143,10.7142857142857,10.7142857142857,0,0,0,0,16.0714285714286,0,0,0,0,0,0,5,0,0,0,2,0,0,0,1,0,0,4,1,1,0,0,4,0,0,0,0,0,0,0,0,0,2,0,0,0,0,0,0,40,0,0,0,20,0,0,80,20,20,0,0,40,0,0,0,1,0,1,2,2,0,2,0,1,0,0,14.2857142857143,0,0,1.78571428571429,98.2142857142857,1.78571428571429,0,0,16.0714285714286,16.0714285714286,0,82.1428571428571,0,1.78571428571429,0,20,0,20,40,40,0,40,0,20,0,0,0,3.22335580205019,4.65031943063847,1.39988563804123,2.0027835663292,1,-Inf,Inf,0,0,0,0,0,0,0,71.4285714285714,85.7142857142857,96.4285714285714,98.2142857142857,100,100,100,100,100,100,0,0,2,0,4,2,2,2,4,4,2,0,0,0,2,2,2,2,0,2,0,0,0,0,0,0,1,0,0,1,0,0,16.0714285714286,89.2857142857143,16.0714285714286,16.0714285714286,100,16.0714285714286,89.2857142857143,16.0714285714286,0,0,0,16.0714285714286,16.0714285714286,73.2142857142857,73.2142857142857,0,73.2142857142857,0,0,0,0,0,0,0,10.7142857142857,0,0,0,10.7142857142857,0,0,10.7142857142857,0,0,40,0,80,40,40,40,100,80,40,0,0,0,40,40,40,40,0,40,0,0,0,0,0,20,0,0,20,0,16.0714285714286,16.0714285714286,0,0,0,0,0,2,2,1,0,0,2,3,0,16.0714285714286,73.2142857142857,10.7142857142857,0,0,16.0714285714286,83.9285714285714,0,40,40,20,0,0,40,60,0,0,0,0,0,0,0,0,0,0,0,0,0,0,1,0,0,0,0,0,1.78571428571429,0,0,0,0,0,20,4,1,0,98.2142857142857,1.78571428571429,0,80,20,0,0,1,0,1,4,1,0,0,0,0,4,0,0,0,0,5,56,56,0,0,0,0,0,0,0,0,0,0,0,0,0,0,0,0,0,0,0,0,0,0,0,0,0,0,0,0,1.78571428571429,0,0,0,0,0,0,0,0,0,0,0,0,0,0,85.7142857142857,0,0,0,0,0,0,0,0,0,0,0,0,0,0
"BRParm1996","LBR_Fish_BCG_v1","Main_NotusParma",0,0,136,136,130,130,0,0,0,0,0,77.9411764705882,2.20588235294118,0,0,2.20588235294118,0,95.5882352941177,4.41176470588235,4.41176470588235,0,0,0,0,7.35294117647059,0,0,0,0,0,0,6,0,0,0,2,1,0,0,1,0,0,4,2,2,0,0,4,0,0,0,0,0,1,0,1,0,1,0,0,0,0,0,0,33.3333333333333,16.6666666666667,0,0,16.6666666666667,0,0,66.6666666666667,33.3333333333333,33.3333333333333,0,0,16.6666666666667,0,0,0,2,0,1,2,2,0,2,0,1,0,0,17.6470588235294,0,0,43.3823529411765,54.4117647058824,43.3823529411765,0,0,17.6470588235294,17.6470588235294,0,36.7647058823529,0,2.20588235294118,0,33.3333333333333,0,16.6666666666667,33.3333333333333,33.3333333333333,0,33.3333333333333,0,16.6666666666667,0,0,0,2.10268038020278,3.03352655709307,0.9131824863283,1.17352826443199,117.352826443199,-Inf,Inf,0,0,0,0,0,1.47058823529412,1.47058823529412,43.3823529411765,77.9411764705882,87.5,94.8529411764706,97.0588235294118,99.2647058823529,100,100,100,100,0,0,1,0,4,2,1,1,4,4,1,0,0,0,1,1,3,3,1,2,0,0,0,0,0,0,1,0,1,1,0,0,7.35294117647059,95.5882352941177,16.9117647058824,7.35294117647059,100,7.35294117647059,95.5882352941177,7.35294117647059,0,0,0,7.35294117647059,7.35294117647059,88.2352941176471,88.2352941176471,9.55882352941176,78.6764705882353,0,0,0,0,0,0,0,2.20588235294118,0,0,2.20588235294118,2.20588235294118,0,0,2.20588235294118,0,0,16.6666666666667,0,66.6666666666667,33.3333333333333,16.6666666666667,16.6666666666667,100,66.6666666666667,16.6666666666667,0,0,0,16.6666666666667,16.6666666666667,50,50,16.6666666666667,33.3333333333333,0,0,0,0,0,16.6666666666667,0,16.6666666666667,16.6666666666667,0,41.9117647058824,41.9117647058824,0,0,0,0,0,1,3,2,0,0,1,5,0,7.35294117647059,88.2352941176471,4.41176470588235,0,0,7.35294117647059,92.6470588235294,0,16.6666666666667,50,33.3333333333333,0,0,16.6666666666667,83.3333333333333,0,0,0,0,0,0,0,0,0,0,0,0,0,0,1,0,0,0,0,0,10.2941176470588,0,0,0,0,0,16.6666666666667,5,1,0,97.7941176470588,2.20588235294118,0,83.3333333333333,16.6666666666667,0,0,0,0,0,4,2,0,0,0,0,4,0,0,0,0,6,136,136,0,0,0,0,0,0,0,0,0,0,0,0,0,0,0,0,0,0,0,0,0,0,0,0,0,0,0,0,43.3823529411765,0,0,0,0,0,0,0,0,0,0,0,0,0,0,77.9411764705882,0,0,0,0,0,0,0,0,0,0,0,0,0,1.47058823529412
"BRParm1997","LBR_Fish_BCG_v1","Main_NotusParma",0,0,143,143,95,95,0,0,0,0,0,53.1468531468531,8.39160839160839,0,0,4.89510489510489,2.7972027972028,66.4335664335664,33.5664335664336,33.5664335664336,0,0,0,0.699300699300699,2.7972027972028,0,0,0,0,0,0,12,0,0,0,2,3,0,0,1,0,1,5,7,7,0,0,5,0,1,0,0,0,2,0,0,0,1,0,0,0,0,0,0,16.6666666666667,25,0,0,8.33333333333333,8.33333333333333,8.33333333333333,41.6666666666667,58.3333333333333,58.3333333333333,0,0,8.33333333333333,0,0,0,2,0,2,4,2,0,4,0,4,0,0,5.59440559440559,0,0,20.2797202797203,72.027972027972,20.2797202797203,0,0,6.99300699300699,3.4965034965035,0,65.034965034965,0,11.1888111888112,0,16.6666666666667,0,16.6666666666667,33.3333333333333,16.6666666666667,0,33.3333333333333,0,33.3333333333333,0,0,0,3.74571417145699,5.40392325974851,1.62674299545058,1.5073862721469,150.73862721469,-Inf,Inf,0,0,0,0,0,3.4965034965035,3.4965034965035,42.6573426573427,59.4405594405594,69.9300699300699,79.7202797202797,86.013986013986,90.9090909090909,93.7062937062937,96.5034965034965,97.9020979020979,98.6013986013986,0,0,1,0,5,1,1,1,5,5,1,0,0,0,1,1,4,4,0,4,0,0,0,0,0,0,2,0,5,2,0,0,2.7972027972028,66.4335664335664,2.7972027972028,2.7972027972028,100,2.7972027972028,66.4335664335664,2.7972027972028,0,0,0,2.7972027972028,2.7972027972028,63.6363636363636,63.6363636363636,0,63.6363636363636,0,0,0,0,0,0,0,5.59440559440559,0,0,27.972027972028,5.59440559440559,0,0,5.59440559440559,0,0,8.33333333333333,0,41.6666666666667,8.33333333333333,8.33333333333333,8.33333333333333,100,41.6666666666667,8.33333333333333,0,0,0,8.33333333333333,8.33333333333333,33.3333333333333,33.3333333333333,0,33.3333333333333,0,0,0,0,0,16.6666666666667,0,41.6666666666667,16.6666666666667,0,16.0839160839161,16.0839160839161,0,0,0,0,0,1,7,4,0,0,1,11,0,2.7972027972028,87.4125874125874,9.79020979020979,0,0,2.7972027972028,97.2027972027972,0,8.33333333333333,58.3333333333333,33.3333333333333,0,0,8.33333333333333,91.6666666666667,0,0,0,0,0,0,0,0,0,0,0,0,0,0,1,0,0,0,0,0,0.699300699300699,0,0,0,0,0,8.33333333333333,7,5,0,74.1258741258741,25.8741258741259,0,58.3333333333333,41.6666666666667,0,0,0,0,0,2,1,0,0,0,0,5,0,0,0,0,12,143,143,0,0,0,0,0,0,0,0,0,0,0,0,0,0,0,0,0,0,0,0,0,0,0,0,0,0,0,0,20.2797202797203,0,0,0,0,0,0,0,0,0,0,0,0,0,0,59.4405594405594,0,0,0,0,0,0,0,0,0,0,0,0,0,3.4965034965035
"BRParm2005","LBR_Fish_BCG_v1","Main_NotusParma",0,0,25,25,16,16,0,0,0,0,0,44,4,0,0,32,0,64,36,36,0,0,0,0,20,0,0,0,0,0,0,7,0,0,0,3,1,0,0,1,0,0,5,2,2,0,0,5,0,0,0,0,0,0,0,0,0,2,0,0,0,0,0,0,42.8571428571429,14.2857142857143,0,0,14.2857142857143,0,0,71.4285714285714,28.5714285714286,28.5714285714286,0,0,28.5714285714286,0,0,0,1,0,2,2,2,0,2,0,2,0,0,16,0,0,20,76,20,0,0,20,20,0,56,0,8,0,14.2857142857143,0,28.5714285714286,28.5714285714286,28.5714285714286,0,28.5714285714286,0,28.5714285714286,0,0,0,3.08704235022803,4.45366068968819,1.34068545810568,1.5864259466074,1,-Inf,Inf,0,0,0,0,0,0,0,32,56,72,88,92,96,100,100,100,100,0,0,2,0,5,3,2,2,5,5,2,0,0,0,2,2,3,3,1,2,0,0,0,0,0,0,1,0,1,1,0,0,20,64,36,20,100,20,64,20,0,0,0,20,20,44,44,16,28,0,0,0,0,0,0,0,32,0,0,4,32,0,0,32,0,0,28.5714285714286,0,71.4285714285714,42.8571428571429,28.5714285714286,28.5714285714286,100,71.4285714285714,28.5714285714286,0,0,0,28.5714285714286,28.5714285714286,42.8571428571429,42.8571428571429,14.2857142857143,28.5714285714286,0,0,0,0,0,14.2857142857143,0,14.2857142857143,14.2857142857143,0,12,12,0,0,0,0,0,2,3,2,0,0,2,5,0,20,44,36,0,0,20,80,0,28.5714285714286,42.8571428571429,28.5714285714286,0,0,28.5714285714286,71.4285714285714,0,0,0,0,0,0,0,0,0,0,0,0,0,0,1,0,0,0,0,0,4,0,0,0,0,0,14.2857142857143,5,2,0,92,8,0,71.4285714285714,28.5714285714286,0,0,0,0,1,3,1,0,0,0,0,5,0,0,0,0,7,25,25,0,0,0,0,0,0,0,0,0,0,0,0,0,0,0,0,0,0,0,0,0,0,0,0,0,0,0,0,20,0,0,0,0,0,0,0,0,0,0,0,0,0,0,56,0,0,0,0,0,0,0,0,0,0,0,0,0,0
"BRParm2011","LBR_Fish_BCG_v1","Main_NotusParma",0,0,329,329,301,301,0,0.303951367781155,0,0,0,54.4072948328268,1.21580547112462,0,0,0,4.55927051671733,91.4893617021277,8.51063829787234,8.51063829787234,0,0.303951367781155,0,0,3.34346504559271,0,0,0,0,0,0,15,0,0,1,3,2,0,0,0,0,0,8,7,7,0,0,8,1,2,0,0,0,4,0,1,0,1,0,0,0,0,0,6.66666666666667,20,13.3333333333333,0,0,0,13.3333333333333,0,53.3333333333333,46.6666666666667,46.6666666666667,0,6.66666666666667,6.66666666666667,0,0,0,4,0,3,7,4,0,3,0,5,0,0,15.5015197568389,0,0,33.1306990881459,65.6534954407295,33.1306990881459,0,0,42.8571428571429,36.7781155015198,0,22.7963525835866,0,6.0790273556231,0,26.6666666666667,0,20,46.6666666666667,26.6666666666667,0,20,0,33.3333333333333,0,0,0,2.46969004557247,3.56300958128024,1.07257275880351,0.911980894802938,91.1980894802938,-Inf,Inf,0,0,0,0,0,0,0,30.0911854103343,55.6231003039514,77.2036474164134,84.4984802431611,88.7537993920973,92.09726443769,94.8328267477204,96.3525835866261,97.2644376899696,98.1762917933131,0,0,1,0,8,3,1,1,8,8,1,0,0,0,1,1,7,7,2,5,0,0,0,0,0,0,3,0,4,3,0,0,3.34346504559271,91.4893617021277,13.3738601823708,3.34346504559271,100,3.34346504559271,91.4893617021277,3.34346504559271,0,0,0,3.34346504559271,3.34346504559271,88.145896656535,88.145896656535,10.0303951367781,78.1155015197568,0,0,0,0,0,0,0,2.73556231003039,0,0,5.77507598784195,2.73556231003039,0,0,2.73556231003039,0,0,6.66666666666667,0,53.3333333333333,20,6.66666666666667,6.66666666666667,100,53.3333333333333,6.66666666666667,0,0,0,6.66666666666667,6.66666666666667,46.6666666666667,46.6666666666667,13.3333333333333,33.3333333333333,0,0,0,0,0,20,0,26.6666666666667,20,0,27.6595744680851,27.6595744680851,0,0,0,0,0,1,8,6,0,0,1,14,0,3.34346504559271,89.0577507598784,7.59878419452887,0,0,3.34346504559271,96.6565349544073,0,6.66666666666667,53.3333333333333,40,0,0,6.66666666666667,93.3333333333333,0,0,0,0,0,0,0,0,0,0,0,0,0,0,2,0,0,0,0,0,33.1306990881459,0,0,0,0,0,13.3333333333333,9,6,0,71.1246200607903,28.8753799392097,0,60,40,0,0,0,0,0,2,2,0,0,0,0,5,0,0,0,0,15,329,329,0,0,0,0,0,0,0,0,0,0,0,0,0,0,0,0,0,0,0,0,0,0,0,0,0,0,0,0,33.1306990881459,0,0,0,0,0,0,0,0,0,0,0,0,0,0,55.6231003039514,0,0,0,0,0,0,0,0,0,0,0,0,0,0
"BRParm2017","LBR_Fish_BCG_v1","Main_NotusParma",0,0,133,133,101,101,0,0,0,0,0,59.3984962406015,11.2781954887218,0,0,6.76691729323308,0,75.9398496240601,24.0601503759398,24.0601503759398,0,0,0,0,6.76691729323308,0,0,0,0,0,0,10,0,0,0,2,1,0,0,1,0,0,6,4,4,0,0,6,0,0,0,0,0,3,0,2,0,1,0,0,0,0,0,0,20,10,0,0,10,0,0,60,40,40,0,0,10,0,0,0,3,0,1,4,4,0,4,0,1,0,0,15.7894736842105,0,0,11.2781954887218,77.4436090225564,11.2781954887218,0,0,16.5413533834586,16.5413533834586,0,60.9022556390977,0,11.2781954887218,0,30,0,10,40,40,0,40,0,10,0,0,0,3.44924698489352,4.97621151990709,1.49798893226068,1.49798893226068,149.798893226068,-Inf,Inf,0,0,0,0,0,0,0,48.1203007518797,59.3984962406015,70.6766917293233,77.4436090225564,84.2105263157895,90.9774436090226,95.4887218045113,97.7443609022556,99.2481203007519,100,0,0,1,0,6,4,1,1,6,6,1,0,0,0,1,1,5,5,3,2,0,0,0,0,0,0,3,0,1,3,0,0,6.76691729323308,75.9398496240601,27.0676691729323,6.76691729323308,100,6.76691729323308,75.9398496240601,6.76691729323308,0,0,0,6.76691729323308,6.76691729323308,69.1729323308271,69.1729323308271,20.3007518796992,48.8721804511278,0,0,0,0,0,0,0,12.781954887218,0,0,11.2781954887218,12.781954887218,0,0,12.781954887218,0,0,10,0,60,40,10,10,100,60,10,0,0,0,10,10,50,50,30,20,0,0,0,0,0,30,0,10,30,0,31.5789473684211,31.5789473684211,0,0,0,0,0,1,6,3,0,0,1,9,0,6.76691729323308,80.4511278195489,12.781954887218,0,0,6.76691729323308,93.2330827067669,0,10,60,30,0,0,10,90,0,0,0,0,0,0,0,0,0,0,0,0,0,0,3,0,0,0,0,0,9.77443609022556,0,0,0,0,0,30,7,3,0,86.4661654135338,13.5338345864662,0,70,30,0,0,0,0,0,2,2,0,0,0,0,4,0,0,0,0,10,133,133,0,0,0,0,0,0,0,0,0,0,0,0,0,0,0,0,0,0,0,0,0,0,0,0,0,0,0,0,11.2781954887218,0,0,0,0,0,0,0,0,0,0,0,0,0,0,59.3984962406015,0,0,0,0,0,0,0,0,0,0,0,0,0,0
"BRSouthChan1995","LBR_Fish_BCG_v1","Main_SoChannel",0,0,338,338,338,338,0,0,0,0,0,22.7810650887574,0,0,0,0,0,100,0,0,0,0,0,0,44.6745562130178,0,0,0,0,0,0,10,0,0,0,3,0,0,0,0,0,0,10,0,0,0,0,10,0,0,0,0,0,5,0,2,0,2,0,0,0,0,0,0,30,0,0,0,0,0,0,100,0,0,0,0,20,0,0,0,3,0,3,6,6,0,1,0,2,0,0,60.6508875739645,0,0,3.84615384615385,96.1538461538462,3.84615384615385,0,0,76.6272189349112,76.6272189349112,0,19.5266272189349,0,8.87573964497041,0,30,0,30,60,60,0,10,0,20,0,0,0,3.56821451153338,5.14784538061724,1.54965587260605,1.54965587260605,154.965587260605,-Inf,Inf,0,0,0,0,0,2.07100591715976,2.07100591715976,36.094674556213,55.6213017751479,69.2307692307692,80.1775147928994,88.7573964497041,95.8579881656805,98.8165680473373,99.4082840236686,99.7041420118343,100,0,0,2,0,10,4,2,2,10,10,2,0,0,0,2,2,8,8,2,6,0,0,0,0,0,0,0,0,0,0,0,0,44.6745562130178,100,58.5798816568047,44.6745562130178,100,44.6745562130178,100,44.6745562130178,0,0,0,44.6745562130178,44.6745562130178,55.3254437869822,55.3254437869822,13.905325443787,41.4201183431953,0,0,0,0,0,0,0,0,0,0,0,0,0,0,0,0,0,20,0,100,40,20,20,100,100,20,0,0,0,20,20,80,80,20,60,0,0,0,0,0,0,0,0,0,0,19.5266272189349,19.5266272189349,0,0,0,0,0,2,8,0,0,0,2,8,0,44.6745562130178,55.3254437869822,0,0,0,44.6745562130178,55.3254437869822,0,20,80,0,0,0,20,80,0,0,0,0,0,0,0,0,0,0,0,0,0,0,4,0,0,0,0,0,40.2366863905325,0,0,0,0,0,40,7,3,0,84.0236686390533,15.9763313609467,0,70,30,0,0,0,0,3,7,2,0,0,0,0,4,0,0,0,0,10,338,338,0,0,0,0,0,0,0,0,0,0,0,0,0,0,0,0,0,0,0,0,0,0,0,0,0,0,0,0,3.84615384615385,0,0,0,0,0,0,0,0,0,0,0,0,0,0,55.6213017751479,0,0,0,0,0,0,0,0,0,0,0,0,0,2.07100591715976
"BRSouthChan1996","LBR_Fish_BCG_v1","Main_SoChannel",0,0,301,301,292,292,0,0,0,0,0,9.30232558139535,0.332225913621262,0,0,0,0,97.6744186046512,2.32558139534884,2.32558139534884,0,0,0,0,89.7009966777409,0,0,0,0,0,0,8,0,0,0,3,1,0,0,0,0,0,6,2,2,0,1,5,0,0,0,0,0,1,0,0,0,3,0,0,0,0,0,0,37.5,12.5,0,0,0,0,0,75,25,25,0,0,37.5,0,0,0,1,0,1,4,3,0,1,0,4,0,0,73.421926910299,0,0,1.66112956810631,97.3421926910299,1.66112956810631,0,0,90.3654485049834,88.3720930232558,0,6.97674418604651,0,17.2757475083056,0,12.5,0,12.5,50,37.5,0,12.5,0,50,0,0,0,4.92874140871379,7.11067078817547,2.14052519653246,2.37022359605849,237.022359605849,-Inf,Inf,0,0,0,0,0,0.332225913621262,0.332225913621262,73.421926910299,87.7076411960133,94.6843853820598,96.6777408637874,98.3388704318937,99.0033222591362,99.6677740863787,100,100,100,0,0,2,0,6,2,2,2,6,6,2,0,0,0,2,2,4,4,0,4,0,0,0,0,0,0,0,0,2,0,0,0,87.7076411960133,97.6744186046512,87.7076411960133,87.7076411960133,100,87.7076411960133,97.6744186046512,87.7076411960133,0,0,0,87.7076411960133,87.7076411960133,9.96677740863787,9.96677740863787,0,9.96677740863787,0,0,0,0,0,0,0,0,0,0,2.32558139534884,0,0,0,0,0,0,25,0,75,25,25,25,100,75,25,0,0,0,25,25,50,50,0,50,0,0,0,0,0,0,0,25,0,0,0.664451827242525,0.664451827242525,0,0,0,0,0,3,5,0,0,0,3,5,0,89.7009966777409,10.2990033222591,0,0,0,89.7009966777409,10.2990033222591,0,37.5,62.5,0,0,0,37.5,62.5,0,0,0,0,0,0,0,0,0,0,0,0,0,0,2,0,0,0,0,0,16.2790697674419,0,0,0,0,0,25,4,4,0,82.7242524916944,17.2757475083056,0,50,50,0,0,1,0,4,7,1,0,0,0,0,6,0,0,0,0,8,301,301,0,0,0,0,0,0,0,0,0,0,0,0,0,0,0,0,0,0,0,0,0,0,0,0,0,0,0,0,1.66112956810631,0,0,0,0,0,0,0,0,0,0,0,0,0,0,87.7076411960133,0,0,0,0,0,0,0,0,0,0,0,0,0,0.332225913621262
"BRSouthChan2003","LBR_Fish_BCG_v1","Main_SoChannel",0,0,195,195,185,185,0,0,0,0,0,19.4871794871795,0.512820512820513,0,0,0,0,96.9230769230769,3.07692307692308,3.07692307692308,0,0,0,0,77.9487179487179,0,0,0,0,0,0,9,0,0,0,3,1,0,0,0,0,0,7,2,2,0,2,5,0,0,0,0,0,1,0,0,0,4,0,0,0,0,0,0,33.3333333333333,11.1111111111111,0,0,0,0,0,77.7777777777778,22.2222222222222,22.2222222222222,0,0,44.4444444444444,0,0,0,1,0,1,5,4,0,1,0,5,0,0,44.1025641025641,0,0,0.512820512820513,97.4358974358974,0.512820512820513,0,0,80,77.4358974358974,0,17.4358974358974,0,36.4102564102564,0,11.1111111111111,0,11.1111111111111,55.5555555555556,44.4444444444444,0,11.1111111111111,0,55.5555555555556,0,0,0,4.96332480363485,7.16056408052518,2.15554457411215,2.25890646537919,225.890646537919,-Inf,Inf,0,0,0,0,0,0,0,44.1025641025641,74.8717948717949,92.3076923076923,94.8717948717949,96.9230769230769,98.4615384615385,98.974358974359,99.4871794871795,100,100,0,0,3,0,7,3,3,3,7,7,3,0,0,0,3,3,4,4,0,4,0,0,0,0,0,0,0,0,2,0,0,0,75.3846153846154,96.9230769230769,75.3846153846154,75.3846153846154,100,75.3846153846154,96.9230769230769,75.3846153846154,0,0,0,75.3846153846154,75.3846153846154,21.5384615384615,21.5384615384615,0,21.5384615384615,0,0,0,0,0,0,0,0,0,0,3.07692307692308,0,0,0,0,0,0,33.3333333333333,0,77.7777777777778,33.3333333333333,33.3333333333333,33.3333333333333,100,77.7777777777778,33.3333333333333,0,0,0,33.3333333333333,33.3333333333333,44.4444444444444,44.4444444444444,0,44.4444444444444,0,0,0,0,0,0,0,22.2222222222222,0,0,1.02564102564103,1.02564102564103,0,0,0,0,0,4,4,1,0,0,4,5,0,77.9487179487179,21.5384615384615,0.512820512820513,0,0,77.9487179487179,22.0512820512821,0,44.4444444444444,44.4444444444444,11.1111111111111,0,0,44.4444444444444,55.5555555555556,0,0,0,0,0,0,0,0,0,0,0,0,0,0,3,0,0,0,0,0,33.8461538461538,0,0,0,0,0,33.3333333333333,4,5,0,63.5897435897436,36.4102564102564,0,44.4444444444444,55.5555555555556,0,0,1,0,5,7,1,0,0,0,0,6,0,0,0,0,9,195,195,0,0,0,0,0,0,0,0,0,0,0,0,0,0,0,0,0,0,0,0,0,0,0,0,0,0,0,0,0.512820512820513,0,0,0,0,0,0,0,0,0,0,0,0,0,0,74.8717948717949,0,0,0,0,0,0,0,0,0,0,0,0,0,0
"BRSouthChan2005","LBR_Fish_BCG_v1","Main_SoChannel",0,0,429,429,307,307,0,0.233100233100233,0,0,0,7.69230769230769,1.86480186480186,0,0.233100233100233,0,0,94.1724941724942,5.82750582750583,5.82750582750583,0,0,0,0,89.7435897435897,0,0,0,0,0,0,8,0,0,1,1,1,0,1,0,0,0,6,2,2,0,1,5,0,0,0,0,0,1,0,1,0,4,0,0,0,0,0,12.5,12.5,12.5,0,12.5,0,0,0,75,25,25,0,0,50,0,0,0,3,0,0,6,5,0,1,0,4,0,0,45.6876456876457,0,0,0,98.1351981351981,0,0,0,90.4428904428904,86.4801864801865,0,7.69230769230769,0,46.6200466200466,0,37.5,0,0,75,62.5,0,12.5,0,50,0,0,0,3.74628933384414,5.40475304367216,1.62699278530152,1.80158434789072,180.158434789072,-Inf,Inf,0,0,0,0,0,2.0979020979021,2.0979020979021,44.988344988345,67.5990675990676,85.7808857808858,93.4731934731935,97.4358974358974,99.3006993006993,99.7668997668998,100,100,100,0,0,3,0,6,5,3,3,6,6,3,0,0,0,3,3,3,3,2,1,0,0,0,0,0,0,0,0,2,0,0,0,85.7808857808858,94.1724941724942,86.4801864801865,85.7808857808858,100,85.7808857808858,94.1724941724942,85.7808857808858,0,0,0,85.7808857808858,85.7808857808858,8.39160839160839,8.39160839160839,0.699300699300699,7.69230769230769,0,0,0,0,0,0,0,0,0,0,5.82750582750583,0,0,0,0,0,0,37.5,0,75,62.5,37.5,37.5,100,75,37.5,0,0,0,37.5,37.5,37.5,37.5,25,12.5,0,0,0,0,0,0,0,25,0,0,0.699300699300699,0.699300699300699,0,0,0,0,0,4,4,0,0,0,4,4,0,89.7435897435897,10.2564102564103,0,0,0,89.7435897435897,10.2564102564103,0,50,50,0,0,0,50,50,0,0,0,0,0,0,0,0,0,0,0,0,0,0,5,0,0,0,0,0,45.4545454545455,0,0,0,0,0,62.5,4,4,0,53.3799533799534,46.6200466200466,0,50,50,0,0,1,1,5,7,2,0,0,0,0,4,0,0,0,0,8,429,429,0,0,0,0,0,0,0,0,0,0,0,0,0,0,0,0,0,0,0,0,0,0,0,0,0,0,0,0,0,0,0,0,0,0,0,0,0,0,0,0,0,0,0,67.5990675990676,0,0,0,0,0,0,0,0,0,0,0,0,0,2.0979020979021
"BRSouthChan2017","LBR_Fish_BCG_v1","Main_SoChannel",0,0,103,103,98,98,0,23.3009708737864,0,0,0,19.4174757281553,2.9126213592233,0,23.3009708737864,0,0,95.1456310679612,4.85436893203883,4.85436893203883,0,0,0,0.970873786407767,48.5436893203884,0,0,0,0,0,0,9,0,0,1,1,2,0,1,0,0,1,5,4,4,0,0,5,0,0,0,0,0,1,0,1,0,3,0,0,0,0,0,11.1111111111111,11.1111111111111,22.2222222222222,0,11.1111111111111,0,0,11.1111111111111,55.5555555555556,44.4444444444444,44.4444444444444,0,0,33.3333333333333,0,0,0,3,0,0,6,4,0,2,0,4,0,0,62.1359223300971,0,0,0,98.0582524271845,0,0,0,77.6699029126214,75.7281553398058,0,20.3883495145631,0,17.4757281553398,0,33.3333333333333,0,0,66.6666666666667,44.4444444444444,0,22.2222222222222,0,44.4444444444444,0,0,0,3.12812150021963,4.512925375665,1.35852590626831,1.42366944757735,142.366944757735,-Inf,Inf,0,0,0,0,0,0,0,33.9805825242718,57.2815533980583,76.6990291262136,90.2912621359223,95.1456310679612,97.0873786407767,98.0582524271845,99.0291262135922,100,100,0,0,2,0,5,4,2,2,5,5,2,0,0,0,2,2,3,3,2,1,0,0,0,0,0,0,1,0,3,1,0,0,47.5728155339806,95.1456310679612,75.7281553398058,47.5728155339806,100,47.5728155339806,95.1456310679612,47.5728155339806,0,0,0,47.5728155339806,47.5728155339806,47.5728155339806,47.5728155339806,28.1553398058252,19.4174757281553,0,0,0,0,0,0,0,0.970873786407767,0,0,3.88349514563107,0.970873786407767,0,0,0.970873786407767,0,0,22.2222222222222,0,55.5555555555556,44.4444444444444,22.2222222222222,22.2222222222222,100,55.5555555555556,22.2222222222222,0,0,0,22.2222222222222,22.2222222222222,33.3333333333333,33.3333333333333,22.2222222222222,11.1111111111111,0,0,0,0,0,11.1111111111111,0,33.3333333333333,11.1111111111111,0,19.4174757281553,19.4174757281553,0,0,0,0,0,3,3,3,0,0,3,6,0,48.5436893203884,47.5728155339806,3.88349514563107,0,0,48.5436893203884,51.4563106796116,0,33.3333333333333,33.3333333333333,33.3333333333333,0,0,33.3333333333333,66.6666666666667,0,0,0,0,0,0,0,0,0,0,0,0,0,0,4,0,0,0,0,0,42.7184466019417,0,0,0,0,0,44.4444444444444,5,4,0,82.5242718446602,17.4757281553398,0,55.5555555555556,44.4444444444444,0,1,1,3,5,5,2,0,0,0,0,4,0,0,0,0,9,103,103,0,0,0,0,0,0,0,0,0,0,0,0,0,0,0,0,0,0,0,0,0,0,0,0,0,0,0,0,0,0,0,0,0,0,0,0,0,0,0,0,0,0,0,57.2815533980583,0,0,0,0,0,0,0,0,0,0,0,0,0,0
"BRVetMem1995","LBR_Fish_BCG_v1","Main_VetGlen",0,0,557,557,557,557,0,28.0071813285458,0,0,0,11.6696588868941,0,0,28.0071813285458,0,0,100,0,0,0,0,0,0,31.0592459605027,0,0,0,0,0,0,11,0,0,2,3,0,0,2,0,0,0,11,0,0,0,0,11,0,0,0,0,0,4,0,2,0,2,0,0,0,0,0,18.1818181818182,27.2727272727273,0,0,18.1818181818182,0,0,0,100,0,0,0,0,18.1818181818182,0,0,0,5,0,2,8,8,0,1,0,2,0,0,84.91921005386,0,0,4.66786355475763,95.3321364452424,4.66786355475763,0,0,88.3303411131059,88.3303411131059,0,7.00179533213645,0,1.97486535008977,0,45.4545454545455,0,18.1818181818182,72.7272727272727,72.7272727272727,0,9.09090909090909,0,18.1818181818182,0,0,0,3.31257166004996,4.77903070654339,1.43863159286879,1.38144968115482,138.144968115482,-Inf,Inf,0,0,0,0,0,1.43626570915619,1.43626570915619,29.2639138240575,48.294434470377,66.0682226211849,75.9425493716337,84.91921005386,91.9210053859964,95.5116696588869,97.3070017953321,98.7432675044883,99.8204667863555,0,1,3,1,11,7,3,3,11,11,3,1,1,0,2,2,8,8,4,4,0,0,0,0,0,0,0,0,0,0,0,19.0305206463196,50.0897666068223,100,87.7917414721723,50.0897666068223,100,50.0897666068223,100,50.0897666068223,19.0305206463196,19.0305206463196,0,31.0592459605027,31.0592459605027,49.9102333931777,49.9102333931777,37.7019748653501,12.2082585278276,0,0,0,0,0,0,0,0,0,0,0,0,0,0,0,0,9.09090909090909,27.2727272727273,9.09090909090909,100,63.6363636363636,27.2727272727273,27.2727272727273,100,100,27.2727272727273,9.09090909090909,9.09090909090909,0,18.1818181818182,18.1818181818182,72.7272727272727,72.7272727272727,36.3636363636364,36.3636363636364,0,0,0,0,0,0,0,0,0,0,17.7737881508079,17.7737881508079,0,0,0,0,0,3,8,0,0,0,3,8,0,50.0897666068223,49.9102333931777,0,0,0,50.0897666068223,49.9102333931777,0,27.2727272727273,72.7272727272727,0,0,0,27.2727272727273,72.7272727272727,0,0,0,0,0,0,0,0,0,0,0,0,0,0,6,0,0,0,0,0,58.886894075404,0,0,0,0,0,54.5454545454545,8,3,0,96.588868940754,3.41113105924596,0,72.7272727272727,27.2727272727273,0,1,1,1,4,8,2,0,0,0,0,4,0,0,0,0,11,557,557,0,0,0,0,0,0,0,0,0,0,0,0,0,0,0,0,0,0,0,0,0,0,0,0,0,0,0,0,4.66786355475763,0,0,0,0,0,0,0,0,0,0,0,0,0,0,48.294434470377,0,0,0,0,0,0,0,0,0,0,0,0,0,1.43626570915619
"BRVetMem1996","LBR_Fish_BCG_v1","Main_VetGlen",0,0,315,315,311,311,0,0.634920634920635,0,0,0,35.8730158730159,0,0,0.634920634920635,0.317460317460317,0,98.7301587301587,1.26984126984127,1.26984126984127,0,0,0,0,60.9523809523809,0,0,0,0,0,0,8,0,0,1,2,0,0,1,1,0,0,6,2,2,0,0,6,0,0,0,0,0,1,0,0,0,3,0,0,0,0,0,12.5,25,0,0,12.5,12.5,0,0,75,25,25,0,0,37.5,0,0,0,2,0,1,5,4,0,2,0,3,0,0,58.0952380952381,0,0,13.015873015873,86.984126984127,13.015873015873,0,0,63.8095238095238,62.8571428571429,0,23.1746031746032,0,5.71428571428571,0,25,0,12.5,62.5,50,0,25,0,37.5,0,0,0,3.8941178313276,5.61802448389361,1.69119388602663,1.87267482796454,187.267482796454,-Inf,Inf,0,0,0,0,0,0,0,57.4603174603175,80.3174603174603,93.3333333333333,95.8730158730159,98.0952380952381,99.0476190476191,99.6825396825397,100,100,100,0,0,2,0,6,3,2,2,6,6,2,0,0,0,2,2,4,4,1,3,0,0,0,0,0,0,1,0,1,1,0,0,60,98.7301587301587,60.6349206349206,60,100,60,98.7301587301587,60,0,0,0,60,60,38.7301587301587,38.7301587301587,0.634920634920635,38.0952380952381,0,0,0,0,0,0,0,0.317460317460317,0,0,0.952380952380952,0.317460317460317,0,0,0.317460317460317,0,0,25,0,75,37.5,25,25,100,75,25,0,0,0,25,25,50,50,12.5,37.5,0,0,0,0,0,12.5,0,12.5,12.5,0,19.6825396825397,19.6825396825397,0,0,0,0,0,3,4,1,0,0,3,5,0,60.9523809523809,38.7301587301587,0.317460317460317,0,0,60.9523809523809,39.0476190476191,0,37.5,50,12.5,0,0,37.5,62.5,0,0,0,0,0,0,0,0,0,0,0,0,0,0,3,0,0,0,0,0,4.12698412698413,0,0,0,0,0,37.5,5,3,0,94.2857142857143,5.71428571428571,0,62.5,37.5,0,1,0,2,2,8,1,0,0,0,0,4,0,0,0,0,8,315,315,0,0,0,0,0,0,0,0,0,0,0,0,0,0,0,0,0,0,0,0,0,0,0,0,0,0,0,0,13.015873015873,0,0,0,0,0,0,0,0,0,0,0,0,0,0,80.3174603174603,0,0,0,0,0,0,0,0,0,0,0,0,0,0
"BRVetMem2003","LBR_Fish_BCG_v1","Main_VetGlen",0,0,486,486,472,472,0,44.0329218106996,0,0,0,6.79012345679012,0,0,44.0329218106996,0,0,97.3251028806584,2.67489711934156,2.67489711934156,0,0,0,0,46.7078189300411,0,0,0,0,0,0,11,0,0,3,3,0,0,2,0,0,0,10,1,1,0,1,9,0,0,0,0,0,3,0,1,0,3,0,0,0,0,0,27.2727272727273,27.2727272727273,0,0,18.1818181818182,0,0,0,90.9090909090909,9.09090909090909,9.09090909090909,0,0,27.2727272727273,0,0,0,4,0,1,8,7,0,1,0,3,0,0,81.2757201646091,0,0,1.23456790123457,98.559670781893,1.23456790123457,0,0,93.2098765432099,90.5349794238683,0,5.34979423868313,0,11.3168724279835,0,36.3636363636364,0,9.09090909090909,72.7272727272727,63.6363636363636,0,9.09090909090909,0,27.2727272727273,0,0,0,4.5759624217239,6.60171829311532,1.98731522915133,1.908324551799,190.8324551799,-Inf,Inf,0,0,0,0,0,0.205761316872428,0.205761316872428,36.0082304526749,55.1440329218107,69.5473251028807,80.0411522633745,88.0658436213992,93.4156378600823,96.0905349794239,97.3251028806584,98.559670781893,99.1769547325103,0,1,3,1,10,4,3,3,10,10,3,1,1,0,2,2,7,7,1,6,0,0,0,0,0,0,0,0,1,0,0,19.1358024691358,73.6625514403292,97.3251028806584,88.0658436213992,73.6625514403292,100,73.6625514403292,97.3251028806584,73.6625514403292,19.1358024691358,19.1358024691358,0,54.5267489711934,54.5267489711934,23.6625514403292,23.6625514403292,14.40329218107,9.25925925925926,0,0,0,0,0,0,0,0,0,0,2.67489711934156,0,0,0,0,0,9.09090909090909,27.2727272727273,9.09090909090909,90.9090909090909,36.3636363636364,27.2727272727273,27.2727272727273,100,90.9090909090909,27.2727272727273,9.09090909090909,9.09090909090909,0,18.1818181818182,18.1818181818182,63.6363636363636,63.6363636363636,9.09090909090909,54.5454545454545,0,0,0,0,0,0,0,9.09090909090909,0,0,6.37860082304527,6.37860082304527,0,0,0,0,0,4,7,0,0,0,4,7,0,76.3374485596708,23.6625514403292,0,0,0,76.3374485596708,23.6625514403292,0,36.3636363636364,63.6363636363636,0,0,0,36.3636363636364,63.6363636363636,0,0,0,0,0,0,0,0,0,0,0,0,0,0,6,0,0,0,0,0,56.5843621399177,0,0,0,0,0,54.5454545454545,7,4,0,88.0658436213992,11.9341563786008,0,63.6363636363636,36.3636363636364,0,1,1,3,5,7,2,0,0,0,0,5,0,0,0,0,11,486,486,0,0,0,0,0,0,0,0,0,0,0,0,0,0,0,0,0,0,0,0,0,0,0,0,0,0,0,0,1.23456790123457,0,0,0,0,0,0,0,0,0,0,0,0,0,0,55.1440329218107,0,0,0,0,0,0,0,0,0,0,0,0,0,0.205761316872428
"BRVetMem2005","LBR_Fish_BCG_v1","Main_VetGlen",0,0,397,397,382,382,0,30.2267002518892,0,0,0,17.632241813602,0,0,30.2267002518892,0,0,98.7405541561713,1.25944584382872,1.25944584382872,0,0,0,0,50.8816120906801,0,0,0,0,0,0,11,0,0,2,3,0,0,2,0,0,0,10,1,1,0,2,8,0,0,0,0,0,2,0,1,0,4,0,0,0,0,0,18.1818181818182,27.2727272727273,0,0,18.1818181818182,0,0,0,90.9090909090909,9.09090909090909,9.09090909090909,0,0,36.3636363636364,0,0,0,4,0,1,8,7,0,1,0,4,0,0,74.3073047858942,0,0,1.51133501259446,96.4735516372796,1.51133501259446,0,0,82.367758186398,81.1083123425693,0,14.1057934508816,0,8.06045340050378,0,36.3636363636364,0,9.09090909090909,72.7272727272727,63.6363636363636,0,9.09090909090909,0,36.3636363636364,0,0,0,3.22152105467369,4.64767244969712,1.39908881737993,1.34347862945413,134.347862945413,-Inf,Inf,0,0,0,0,0,1.51133501259446,1.51133501259446,43.5768261964736,70.0251889168766,84.1309823677582,89.6725440806045,93.4508816120907,95.4659949622166,96.9773299748111,98.2367758186398,98.992443324937,99.4962216624685,0,1,4,1,10,5,4,4,10,10,4,1,1,0,3,3,6,6,1,5,0,0,0,0,0,0,0,0,1,0,0,26.448362720403,76.0705289672544,98.7405541561713,79.8488664987405,76.0705289672544,100,76.0705289672544,98.7405541561713,76.0705289672544,26.448362720403,26.448362720403,0,49.6221662468514,49.6221662468514,22.6700251889169,22.6700251889169,3.77833753148615,18.8916876574307,0,0,0,0,0,0,0,0,0,0,1.25944584382872,0,0,0,0,0,9.09090909090909,36.3636363636364,9.09090909090909,90.9090909090909,45.4545454545455,36.3636363636364,36.3636363636364,100,90.9090909090909,36.3636363636364,9.09090909090909,9.09090909090909,0,27.2727272727273,27.2727272727273,54.5454545454545,54.5454545454545,9.09090909090909,45.4545454545455,0,0,0,0,0,0,0,9.09090909090909,0,0,4.03022670025189,4.03022670025189,0,0,0,0,0,5,6,0,0,0,5,6,0,77.3299748110831,22.6700251889169,0,0,0,77.3299748110831,22.6700251889169,0,45.4545454545455,54.5454545454545,0,0,0,45.4545454545455,54.5454545454545,0,0,0,0,0,0,0,0,0,0,0,0,0,0,6,0,0,0,0,0,38.0352644836272,0,0,0,0,0,54.5454545454545,7,4,0,91.9395465994962,8.06045340050378,0,63.6363636363636,36.3636363636364,0,1,1,4,5,8,2,0,0,0,0,5,0,0,0,0,11,397,397,0,0,0,0,0,0,0,0,0,0,0,0,0,0,0,0,0,0,0,0,0,0,0,0,0,0,0,0,1.51133501259446,0,0,0,0,0,0,0,0,0,0,0,0,0,0,70.0251889168766,0,0,0,0,0,0,0,0,0,0,0,0,0,1.51133501259446
"BRVetMem2017","LBR_Fish_BCG_v1","Main_VetGlen",0,0,147,147,142,142,0,17.0068027210884,0,0,0,23.1292517006803,0,0,17.0068027210884,0,0,96.5986394557823,3.40136054421769,3.40136054421769,0,0,0,0,35.3741496598639,0,0,0,0,0,0,12,0,0,2,2,0,0,2,0,0,0,10,2,2,0,0,10,0,0,0,0,0,4,0,3,0,3,0,0,0,0,0,16.6666666666667,16.6666666666667,0,0,16.6666666666667,0,0,0,83.3333333333333,16.6666666666667,16.6666666666667,0,0,25,0,0,0,6,0,1,10,8,0,1,0,3,0,0,65.3061224489796,0,0,4.08163265306122,95.9183673469388,4.08163265306122,0,0,76.8707482993197,73.469387755102,0,19.047619047619,0,10.8843537414966,0,50,0,8.33333333333333,83.3333333333333,66.6666666666667,0,8.33333333333333,0,25,0,0,0,2.97900493141291,4.29779564133317,1.2937654032752,1.19883977600006,119.883977600006,-Inf,Inf,0,0,0,0,0,0,0,25.1700680272109,45.578231292517,64.6258503401361,74.1496598639456,81.6326530612245,89.1156462585034,93.1972789115646,95.9183673469388,97.9591836734694,98.6394557823129,0,1,3,1,10,6,3,3,10,10,3,1,1,0,2,2,7,7,3,4,0,0,0,0,0,0,0,0,2,0,0,7.48299319727891,40.1360544217687,96.5986394557823,70.7482993197279,40.1360544217687,100,40.1360544217687,96.5986394557823,40.1360544217687,7.48299319727891,7.48299319727891,0,32.6530612244898,32.6530612244898,56.4625850340136,56.4625850340136,30.6122448979592,25.8503401360544,0,0,0,0,0,0,0,0,0,0,3.40136054421769,0,0,0,0,0,8.33333333333333,25,8.33333333333333,83.3333333333333,50,25,25,100,83.3333333333333,25,8.33333333333333,8.33333333333333,0,16.6666666666667,16.6666666666667,58.3333333333333,58.3333333333333,25,33.3333333333333,0,0,0,0,0,0,0,16.6666666666667,0,0,19.047619047619,19.047619047619,0,0,0,0,0,4,8,0,0,0,4,8,0,42.8571428571429,57.1428571428571,0,0,0,42.8571428571429,57.1428571428571,0,33.3333333333333,66.6666666666667,0,0,0,33.3333333333333,66.6666666666667,0,0,0,0,0,0,0,0,0,0,0,0,0,0,8,0,0,0,0,0,51.0204081632653,0,0,0,0,0,66.6666666666667,8,4,0,88.4353741496599,11.5646258503401,0,66.6666666666667,33.3333333333333,0,1,1,4,3,2,2,0,0,0,0,4,0,0,0,0,12,147,147,0,0,0,0,0,0,0,0,0,0,0,0,0,0,0,0,0,0,0,0,0,0,0,0,0,0,0,0,4.08163265306122,0,0,0,0,0,0,0,0,0,0,0,0,0,0,45.578231292517,0,0,0,0,0,0,0,0,0,0,0,0,0,0
"BRupstWB1995","LBR_Fish_BCG_v1","Main_SoChannel",0,0,332,332,322,322,0,0,0,0,0,1.50602409638554,0,0,0,2.10843373493976,0,96.9879518072289,3.01204819277108,3.01204819277108,0,0,0,0,95.1807228915663,0,0,0,0,0,0,8,0,0,0,2,0,0,0,1,0,0,6,2,2,0,0,6,0,0,0,0,0,2,0,1,0,3,0,0,0,0,0,0,25,0,0,0,12.5,0,0,75,25,25,0,0,37.5,0,0,0,2,0,1,5,4,0,2,0,3,0,0,82.5301204819277,0,0,0.602409638554217,99.3975903614458,0.602409638554217,0,0,96.3855421686747,95.4819277108434,0,3.01204819277108,0,13.855421686747,0,25,0,12.5,62.5,50,0,25,0,37.5,0,0,0,4.85800930641717,7.00862593496049,2.10980663481162,2.33620864498683,233.620864498683,-Inf,Inf,0,0,0,0,0,0.301204819277108,0.301204819277108,81.6265060240964,94.2771084337349,96.3855421686747,97.289156626506,98.1927710843374,99.0963855421687,99.6987951807229,100,100,100,0,0,2,0,6,3,2,2,6,6,2,0,0,0,2,2,4,4,1,3,0,0,0,0,0,0,1,0,1,1,0,0,94.2771084337349,96.9879518072289,95.1807228915663,94.2771084337349,100,94.2771084337349,96.9879518072289,94.2771084337349,0,0,0,94.2771084337349,94.2771084337349,2.71084337349398,2.71084337349398,0.903614457831325,1.80722891566265,0,0,0,0,0,0,0,2.10843373493976,0,0,0.903614457831325,2.10843373493976,0,0,2.10843373493976,0,0,25,0,75,37.5,25,25,100,75,25,0,0,0,25,25,50,50,12.5,37.5,0,0,0,0,0,12.5,0,12.5,12.5,0,0.903614457831325,0.903614457831325,0,0,0,0,0,3,4,1,0,0,3,5,0,95.1807228915663,2.71084337349398,2.10843373493976,0,0,95.1807228915663,4.81927710843374,0,37.5,50,12.5,0,0,37.5,62.5,0,0,0,0,0,0,0,0,0,0,0,0,0,0,3,0,0,0,0,0,14.4578313253012,0,0,0,0,0,37.5,5,3,0,86.144578313253,13.855421686747,0,62.5,37.5,0,0,1,0,5,8,2,0,0,0,0,4,0,0,0,0,8,332,332,0,0,0,0,0,0,0,0,0,0,0,0,0,0,0,0,0,0,0,0,0,0,0,0,0,0,0,0,0.602409638554217,0,0,0,0,0,0,0,0,0,0,0,0,0,0,94.2771084337349,0,0,0,0,0,0,0,0,0,0,0,0,0,0.301204819277108
"BRupstWB1996","LBR_Fish_BCG_v1","Main_SoChannel",0,0,293,293,266,266,0,0,0,0,0,14.6757679180887,8.53242320819113,0,0,0,0,90.7849829351536,9.21501706484642,9.21501706484642,0,0,0,0,76.7918088737201,0,0,0,0,0,0,6,0,0,0,2,1,0,0,0,0,0,4,2,2,0,0,4,0,0,0,0,0,0,0,0,0,3,0,0,0,0,0,0,33.3333333333333,16.6666666666667,0,0,0,0,0,66.6666666666667,33.3333333333333,33.3333333333333,0,0,50,0,0,0,1,0,1,3,2,0,1,0,3,0,0,73.037542662116,0,0,3.41296928327645,88.0546075085324,3.41296928327645,0,0,76.7918088737201,76.1092150170648,0,11.2627986348123,0,12.2866894197952,0,16.6666666666667,0,16.6666666666667,50,33.3333333333333,0,16.6666666666667,0,50,0,0,0,4.58498534565038,6.61473562071838,1.99123383522324,2.55892904398922,255.892904398922,-Inf,Inf,0,0,0,0,0,0.341296928327645,0.341296928327645,73.037542662116,84.3003412969283,92.8327645051195,96.2457337883959,99.3174061433447,100,100,100,100,100,0,0,2,0,4,2,2,2,4,4,2,0,0,0,2,2,2,2,0,2,0,0,0,0,0,0,0,0,2,0,0,0,76.1092150170648,90.7849829351536,76.1092150170648,76.1092150170648,100,76.1092150170648,90.7849829351536,76.1092150170648,0,0,0,76.1092150170648,76.1092150170648,14.6757679180887,14.6757679180887,0,14.6757679180887,0,0,0,0,0,0,0,0,0,0,9.21501706484642,0,0,0,0,0,0,33.3333333333333,0,66.6666666666667,33.3333333333333,33.3333333333333,33.3333333333333,100,66.6666666666667,33.3333333333333,0,0,0,33.3333333333333,33.3333333333333,33.3333333333333,33.3333333333333,0,33.3333333333333,0,0,0,0,0,0,0,33.3333333333333,0,0,10.9215017064846,10.9215017064846,0,0,0,0,0,3,2,1,0,0,3,3,0,76.7918088737201,14.6757679180887,8.53242320819113,0,0,76.7918088737201,23.2081911262799,0,50,33.3333333333333,16.6666666666667,0,0,50,50,0,0,0,0,0,0,0,0,0,0,0,0,0,0,2,0,0,0,0,0,3.7542662116041,0,0,0,0,0,33.3333333333333,3,3,0,87.7133105802048,12.2866894197952,0,50,50,0,0,1,0,4,8,1,0,0,0,0,5,0,0,0,0,6,293,293,0,0,0,0,0,0,0,0,0,0,0,0,0,0,0,0,0,0,0,0,0,0,0,0,0,0,0,0,3.41296928327645,0,0,0,0,0,0,0,0,0,0,0,0,0,0,84.3003412969283,0,0,0,0,0,0,0,0,0,0,0,0,0,0.341296928327645
"BRupstWB2003","LBR_Fish_BCG_v1","Main_SoChannel",0,0,658,658,633,633,0,0,0,0,0,10.1823708206687,0.60790273556231,0,0,0,0,96.6565349544073,3.34346504559271,3.34346504559271,0,0,0,0,87.6899696048632,0,0,0,0,0,0,10,0,0,0,4,1,0,0,0,0,0,8,2,2,0,1,7,0,0,0,0,0,2,0,1,0,3,0,0,0,0,0,0,40,10,0,0,0,0,0,80,20,20,0,0,30,0,0,0,2,0,2,5,4,0,1,0,4,0,0,68.693009118541,0,0,1.21580547112462,97.7203647416413,1.21580547112462,0,0,89.209726443769,86.4741641337386,0,8.51063829787234,0,21.1246200607903,0,20,0,20,50,40,0,10,0,40,0,0,0,5.45258058476171,7.86641096968316,2.36802566009482,2.36802566009482,236.802566009482,-Inf,Inf,0,0,0,0,0,0.455927051671733,0.455927051671733,67.7811550151976,84.9544072948328,93.4650455927052,96.2006079027356,97.112462006079,97.7203647416413,98.3282674772037,98.936170212766,99.5440729483283,100,0,0,2,0,8,4,2,2,8,8,2,0,0,0,2,2,6,6,2,4,0,0,0,0,0,0,0,0,2,0,0,0,84.9544072948328,96.6565349544073,86.4741641337386,84.9544072948328,100,84.9544072948328,96.6565349544073,84.9544072948328,0,0,0,84.9544072948328,84.9544072948328,11.7021276595745,11.7021276595745,1.51975683890578,10.1823708206687,0,0,0,0,0,0,0,0,0,0,3.34346504559271,0,0,0,0,0,0,20,0,80,40,20,20,100,80,20,0,0,0,20,20,60,60,20,40,0,0,0,0,0,0,0,20,0,0,0.455927051671733,0.455927051671733,0,0,0,0,0,3,6,1,0,0,3,7,0,87.6899696048632,11.7021276595745,0.60790273556231,0,0,87.6899696048632,12.3100303951368,0,30,60,10,0,0,30,70,0,0,0,0,0,0,0,0,0,0,0,0,0,0,3,0,0,0,0,0,20.8206686930091,0,0,0,0,0,30,6,4,0,78.8753799392097,21.1246200607903,0,60,40,0,0,1,0,5,8,2,0,0,0,0,6,0,0,0,0,10,658,658,0,0,0,0,0,0,0,0,0,0,0,0,0,0,0,0,0,0,0,0,0,0,0,0,0,0,0,0,1.21580547112462,0,0,0,0,0,0,0,0,0,0,0,0,0,0,84.9544072948328,0,0,0,0,0,0,0,0,0,0,0,0,0,0.455927051671733
"BRupstWB2017","LBR_Fish_BCG_v1","Main_SoChannel",0,0,112,112,108,108,0,8.92857142857143,0,0,0,15.1785714285714,0.892857142857143,0,8.92857142857143,0,0,96.4285714285714,3.57142857142857,3.57142857142857,0,0,0,0,57.1428571428571,0,0,0,0,0,0,8,0,0,1,1,1,0,1,0,0,0,6,2,2,0,0,6,0,0,0,0,0,2,0,2,0,3,0,0,0,0,0,12.5,12.5,12.5,0,12.5,0,0,0,75,25,25,0,0,37.5,0,0,0,4,0,0,6,5,0,1,0,3,0,0,71.4285714285714,0,0,0,99.1071428571429,0,0,0,83.9285714285714,81.25,0,15.1785714285714,0,13.3928571428571,0,50,0,0,75,62.5,0,12.5,0,37.5,0,0,0,3.08498856306547,4.45069770113372,1.33979350967397,1.48356590037791,148.356590037791,-Inf,Inf,0,0,0,0,0,0,0,44.6428571428571,60.7142857142857,75.8928571428571,85.7142857142857,94.6428571428571,97.3214285714286,99.1071428571429,100,100,100,0,0,2,0,6,4,2,2,6,6,2,0,0,0,2,2,4,4,2,2,0,0,0,0,0,0,0,0,2,0,0,0,54.4642857142857,96.4285714285714,79.4642857142857,54.4642857142857,100,54.4642857142857,96.4285714285714,54.4642857142857,0,0,0,54.4642857142857,54.4642857142857,41.9642857142857,41.9642857142857,25,16.9642857142857,0,0,0,0,0,0,0,0,0,0,3.57142857142857,0,0,0,0,0,0,25,0,75,50,25,25,100,75,25,0,0,0,25,25,50,50,25,25,0,0,0,0,0,0,0,25,0,0,16.0714285714286,16.0714285714286,0,0,0,0,0,3,5,0,0,0,3,5,0,57.1428571428571,42.8571428571429,0,0,0,57.1428571428571,42.8571428571429,0,37.5,62.5,0,0,0,37.5,62.5,0,0,0,0,0,0,0,0,0,0,0,0,0,0,5,0,0,0,0,0,39.2857142857143,0,0,0,0,0,62.5,5,3,0,86.6071428571429,13.3928571428571,0,62.5,37.5,0,1,1,1,4,6,2,0,0,0,0,4,0,0,0,0,8,112,112,0,0,0,0,0,0,0,0,0,0,0,0,0,0,0,0,0,0,0,0,0,0,0,0,0,0,0,0,0,0,0,0,0,0,0,0,0,0,0,0,0,0,0,60.7142857142857,0,0,0,0,0,0,0,0,0,0,0,0,0,0
"c114e631-92cb-4abf-b6ea-033087bf9976","LBR_Fish_BCG_v1","Main_VetGlen",0,0,147,147,141,141,0,49.6598639455782,0,0,0,12.9251700680272,0,0,49.6598639455782,0,0,99.3197278911565,0.680272108843537,0.680272108843537,0,0,0,0,21.7687074829932,0,0,0,0,0,0,12,0,0,2,3,0,0,2,0,0,0,11,1,1,0,1,10,0,0,0,0,0,4,0,3,0,3,0,0,0,0,0,16.6666666666667,25,0,0,16.6666666666667,0,0,0,91.6666666666667,8.33333333333333,8.33333333333333,0,0,25,0,0,0,6,0,1,9,8,0,1,0,3,0,0,79.5918367346939,0,0,4.08163265306122,92.5170068027211,4.08163265306122,0,0,87.0748299319728,86.3945578231292,0,5.4421768707483,0,7.48299319727891,0,50,0,8.33333333333333,75,66.6666666666667,0,8.33333333333333,0,25,0,0,0,3.20199614534295,4.61950395983185,1.39060925699793,1.28857804200256,128.857804200256,-Inf,Inf,0,0,0,0,0,0,0,46.2585034013605,63.265306122449,70.7482993197279,76.1904761904762,80.9523809523809,85.0340136054422,89.1156462585034,92.5170068027211,95.9183673469388,98.6394557823129,0,1,3,1,11,6,3,3,11,11,3,1,1,0,2,2,8,8,3,5,0,0,0,0,0,0,0,0,1,0,0,46.2585034013605,67.3469387755102,99.3197278911565,82.9931972789116,67.3469387755102,100,67.3469387755102,99.3197278911565,67.3469387755102,46.2585034013605,46.2585034013605,0,21.0884353741497,21.0884353741497,31.9727891156463,31.9727891156463,15.6462585034014,16.3265306122449,0,0,0,0,0,0,0,0,0,0,0.680272108843537,0,0,0,0,0,8.33333333333333,25,8.33333333333333,91.6666666666667,50,25,25,100,91.6666666666667,25,8.33333333333333,8.33333333333333,0,16.6666666666667,16.6666666666667,66.6666666666667,66.6666666666667,25,41.6666666666667,0,0,0,0,0,0,0,8.33333333333333,0,0,4.08163265306122,4.08163265306122,0,0,0,0,0,4,8,0,0,0,4,8,0,68.0272108843537,31.9727891156463,0,0,0,68.0272108843537,31.9727891156463,0,33.3333333333333,66.6666666666667,0,0,0,33.3333333333333,66.6666666666667,0,0,0,0,0,0,0,0,0,0,0,0,0,0,7,0,0,0,0,0,67.3469387755102,0,0,0,0,0,58.3333333333333,9,3,0,92.5170068027211,7.48299319727891,0,75,25,0,1,1,3,4,7,2,0,0,0,0,5,0,0,0,0,12,147,147,0,0,0,0,0,0,0,0,0,0,0,0,0,0,0,0,0,0,0,0,0,0,0,0,0,0,0,0,4.08163265306122,0,0,0,0,0,0,0,0,0,0,0,0,0,0,63.265306122449,0,0,0,0,0,0,0,0,0,0,0,0,0,0
"cf1764a0-4741-4b76-ba53-afd859933eac","LBR_Fish_BCG_v1","Main_VetGlen",0,0,151,151,150,150,0,36.4238410596027,0,0,0,9.27152317880795,0,0,36.4238410596027,0,0,99.3377483443709,0.662251655629139,0.662251655629139,0,0,0,0,27.8145695364238,0,0,0,0,0,0,8,0,0,2,1,0,0,2,0,0,0,7,1,1,0,0,7,0,0,0,0,0,2,0,2,0,3,0,0,0,0,0,25,12.5,0,0,25,0,0,0,87.5,12.5,12.5,0,0,37.5,0,0,0,5,0,0,7,6,0,1,0,2,0,0,86.0927152317881,0,0,0,100,0,0,0,90.728476821192,90.0662251655629,0,9.27152317880795,0,4.63576158940397,0,62.5,0,0,87.5,75,0,12.5,0,25,0,0,0,3.70507507164484,5.34529343198333,1.60909365865265,1.78176447732778,178.176447732778,-Inf,Inf,0,0,0,0,0,0,0,33.112582781457,56.2913907284768,79.4701986754967,88.7417218543046,92.7152317880795,96.0264900662252,99.3377483443709,100,100,100,0,1,3,1,7,5,3,3,7,7,3,1,1,0,2,2,4,4,2,2,0,0,0,0,0,0,0,0,1,0,0,33.112582781457,60.2649006622517,99.3377483443709,86.7549668874172,60.2649006622517,100,60.2649006622517,99.3377483443709,60.2649006622517,33.112582781457,33.112582781457,0,27.1523178807947,27.1523178807947,39.0728476821192,39.0728476821192,26.4900662251656,12.5827814569536,0,0,0,0,0,0,0,0,0,0,0.662251655629139,0,0,0,0,0,12.5,37.5,12.5,87.5,62.5,37.5,37.5,100,87.5,37.5,12.5,12.5,0,25,25,50,50,25,25,0,0,0,0,0,0,0,12.5,0,0,13.2450331125828,13.2450331125828,0,0,0,0,0,4,4,0,0,0,4,4,0,60.9271523178808,39.0728476821192,0,0,0,60.9271523178808,39.0728476821192,0,50,50,0,0,0,50,50,0,0,0,0,0,0,0,0,0,0,0,0,0,0,6,0,0,0,0,0,67.5496688741722,0,0,0,0,0,75,6,2,0,95.364238410596,4.63576158940397,0,75,25,0,1,1,3,3,6,2,0,0,0,0,3,0,0,0,0,8,151,151,0,0,0,0,0,0,0,0,0,0,0,0,0,0,0,0,0,0,0,0,0,0,0,0,0,0,0,0,0,0,0,0,0,0,0,0,0,0,0,0,0,0,0,56.2913907284768,0,0,0,0,0,0,0,0,0,0,0,0,0,0
"d431fc87-f222-499f-90cc-d7a26a249ad1","LBR_Fish_BCG_v1","Main_VetGlen",0,0,116,116,114,114,0,16.3793103448276,0,0,0,7.75862068965517,0,0,16.3793103448276,0.862068965517241,0,98.2758620689655,1.72413793103448,1.72413793103448,0,0,0,0,18.1034482758621,0,0,0,0,0,0,11,0,0,2,1,0,0,2,1,0,0,9,2,2,0,0,9,0,0,0,0,0,4,0,3,0,3,0,0,0,0,0,18.1818181818182,9.09090909090909,0,0,18.1818181818182,9.09090909090909,0,0,81.8181818181818,18.1818181818182,18.1818181818182,0,0,27.2727272727273,0,0,0,6,0,0,9,8,0,2,0,2,0,0,75,0,0,0,100,0,0,0,91.3793103448276,90.5172413793103,0,8.62068965517241,0,15.5172413793103,0,54.5454545454545,0,0,81.8181818181818,72.7272727272727,0,18.1818181818182,0,18.1818181818182,0,0,0,3.05859009903593,4.41261276799123,1.32832880241523,1.27553114338748,127.553114338748,-Inf,Inf,0,0,0,0,0,0,0,42.2413793103448,56.8965517241379,68.1034482758621,79.3103448275862,87.0689655172414,92.2413793103448,94.8275862068966,97.4137931034483,98.2758620689655,99.1379310344828,0,1,3,1,9,6,3,3,9,9,3,1,1,0,2,2,6,6,3,3,0,0,0,0,0,0,1,0,1,1,0,11.2068965517241,28.448275862069,98.2758620689655,87.0689655172414,28.448275862069,100,28.448275862069,98.2758620689655,28.448275862069,11.2068965517241,11.2068965517241,0,17.2413793103448,17.2413793103448,69.8275862068966,69.8275862068966,58.6206896551724,11.2068965517241,0,0,0,0,0,0,0,0.862068965517241,0,0,0.862068965517241,0.862068965517241,0,0,0.862068965517241,0,9.09090909090909,27.2727272727273,9.09090909090909,81.8181818181818,54.5454545454545,27.2727272727273,27.2727272727273,100,81.8181818181818,27.2727272727273,9.09090909090909,9.09090909090909,0,18.1818181818182,18.1818181818182,54.5454545454545,54.5454545454545,27.2727272727273,27.2727272727273,0,0,0,0,0,9.09090909090909,0,9.09090909090909,9.09090909090909,0,38.7931034482759,38.7931034482759,0,0,0,0,0,4,6,1,0,0,4,7,0,29.3103448275862,69.8275862068966,0.862068965517241,0,0,29.3103448275862,70.6896551724138,0,36.3636363636364,54.5454545454545,9.09090909090909,0,0,36.3636363636364,63.6363636363636,0,0,0,0,0,0,0,0,0,0,0,0,0,0,8,0,0,0,0,0,88.7931034482759,0,0,0,0,0,72.7272727272727,8,3,0,83.6206896551724,16.3793103448276,0,72.7272727272727,27.2727272727273,0,1,1,3,5,3,2,0,0,0,0,3,0,0,0,0,11,116,116,0,0,0,0,0,0,0,0,0,0,0,0,0,0,0,0,0,0,0,0,0,0,0,0,0,0,0,0,0,0,0,0,0,0,0,0,0,0,0,0,0,0,0,56.8965517241379,0,0,0,0,0,0,0,0,0,0,0,0,0,0
"d4f42475-7110-4ef6-bc63-33b82f0712cf","LBR_Fish_BCG_v1","Main_Eckert",0,0,76,76,74,74,0,46.0526315789474,0,0,0,6.57894736842105,0,0,46.0526315789474,0,0,97.3684210526316,2.63157894736842,2.63157894736842,0,0,0,0,35.5263157894737,0,0,0,0,0,0,8,0,0,3,1,0,0,2,0,0,0,7,1,1,0,0,7,0,0,0,0,0,2,0,1,0,3,0,0,0,0,0,37.5,12.5,0,0,25,0,0,0,87.5,12.5,12.5,0,0,37.5,0,0,0,4,0,0,7,6,0,1,0,2,0,0,67.1052631578947,0,0,0,100,0,0,0,93.4210526315789,90.7894736842105,0,6.57894736842105,0,23.6842105263158,0,50,0,0,87.5,75,0,12.5,0,25,0,0,0,4.33073334028633,6.24792751344359,1.88081359228079,2.0826425044812,1,-Inf,Inf,0,0,0,0,0,0,0,34.2105263157895,55.2631578947368,67.1052631578947,76.3157894736842,84.2105263157895,90.7894736842105,94.7368421052632,97.3684210526316,100,100,0,1,3,1,7,4,3,3,7,7,3,1,1,0,2,2,4,4,1,3,0,0,0,0,0,0,0,0,1,0,0,7.89473684210526,75,97.3684210526316,78.9473684210526,75,100,75,97.3684210526316,75,7.89473684210526,7.89473684210526,0,67.1052631578947,67.1052631578947,22.3684210526316,22.3684210526316,3.94736842105263,18.4210526315789,0,0,0,0,0,0,0,0,0,0,2.63157894736842,0,0,0,0,0,12.5,37.5,12.5,87.5,50,37.5,37.5,100,87.5,37.5,12.5,12.5,0,25,25,50,50,12.5,37.5,0,0,0,0,0,0,0,12.5,0,0,1.31578947368421,1.31578947368421,0,0,0,0,0,4,4,0,0,0,4,4,0,43.4210526315789,56.5789473684211,0,0,0,43.4210526315789,56.5789473684211,0,50,50,0,0,0,50,50,0,0,0,0,0,0,0,0,0,0,0,0,0,0,6,0,0,0,0,0,81.5789473684211,0,0,0,0,0,75,5,3,0,73.6842105263158,26.3157894736842,0,62.5,37.5,0,1,1,3,5,3,2,0,0,0,0,3,0,0,0,0,8,76,76,0,0,0,0,0,0,0,0,0,0,0,0,0,0,0,0,0,0,0,0,0,0,0,0,0,0,0,0,0,0,0,0,0,0,0,0,0,0,0,0,0,0,0,55.2631578947368,0,0,0,0,0,0,0,0,0,0,0,0,0,0
"d9a2f57f-d705-4b59-adb9-a265242a28da","LBR_Fish_BCG_v1","Main_Middleton",0,0,144,144,137,137,0,0,0,0,0,31.9444444444444,1.38888888888889,0,0,0.694444444444444,0,95.1388888888889,4.86111111111111,4.86111111111111,0,0,0,0,31.9444444444444,0,0,0,0,0,0,12,0,0,0,2,1,0,0,1,0,0,8,4,4,0,0,8,0,0,0,0,0,4,0,2,0,3,0,0,0,0,0,0,16.6666666666667,8.33333333333333,0,0,8.33333333333333,0,0,66.6666666666667,33.3333333333333,33.3333333333333,0,0,25,0,0,0,3,0,2,6,5,0,3,0,4,0,0,49.3055555555556,0,0,6.25,92.3611111111111,6.25,0,0,60.4166666666667,59.0277777777778,0,31.9444444444444,0,12.5,0,25,0,16.6666666666667,50,41.6666666666667,0,25,0,33.3333333333333,0,0,0,4.62570968006159,6.67348841601693,2.0089201889372,1.86152251653245,186.152251653245,-Inf,Inf,0,0,0,0,0,0,0,29.8611111111111,59.7222222222222,77.7777777777778,86.8055555555556,90.9722222222222,93.0555555555556,94.4444444444444,95.8333333333333,97.2222222222222,98.6111111111111,0,0,2,0,8,4,2,2,8,8,2,0,0,0,2,2,6,6,2,4,0,0,0,0,0,0,2,0,2,2,0,0,30.5555555555556,95.1388888888889,50.6944444444444,30.5555555555556,100,30.5555555555556,95.1388888888889,30.5555555555556,0,0,0,30.5555555555556,30.5555555555556,64.5833333333333,64.5833333333333,20.1388888888889,44.4444444444444,0,0,0,0,0,0,0,2.08333333333333,0,0,2.77777777777778,2.08333333333333,0,0,2.08333333333333,0,0,16.6666666666667,0,66.6666666666667,33.3333333333333,16.6666666666667,16.6666666666667,100,66.6666666666667,16.6666666666667,0,0,0,16.6666666666667,16.6666666666667,50,50,16.6666666666667,33.3333333333333,0,0,0,0,0,16.6666666666667,0,16.6666666666667,16.6666666666667,0,11.8055555555556,11.8055555555556,0,0,0,0,0,3,6,3,0,0,3,9,0,31.9444444444444,64.5833333333333,3.47222222222222,0,0,31.9444444444444,68.0555555555556,0,25,50,25,0,0,25,75,0,0,0,0,0,0,0,0,0,0,0,0,0,0,4,0,0,0,0,0,21.5277777777778,0,0,0,0,0,33.3333333333333,8,4,0,87.5,12.5,0,66.6666666666667,33.3333333333333,0,0,0,0,1,7,2,0,0,0,0,5,0,0,0,0,12,144,144,0,0,0,0,0,0,0,0,0,0,0,0,0,0,0,0,0,0,0,0,0,0,0,0,0,0,0,0,6.25,0,0,0,0,0,0,0,0,0,0,0,0,0,0,59.7222222222222,0,0,0,0,0,0,0,0,0,0,0,0,0,0
"e081294e-0e46-4b4d-becb-8db4910fab7e","LBR_Fish_BCG_v1","Main_SoChannel",0,0,70,70,67,67,0,7.14285714285714,0,0,0,31.4285714285714,0,0,7.14285714285714,0,0,95.7142857142857,4.28571428571429,4.28571428571429,0,0,0,0,40,0,0,0,0,0,0,9,0,0,1,1,0,0,1,0,0,0,8,1,1,0,0,8,0,0,0,0,0,4,0,3,0,3,0,0,0,0,0,11.1111111111111,11.1111111111111,0,0,11.1111111111111,0,0,0,88.8888888888889,11.1111111111111,11.1111111111111,0,0,33.3333333333333,0,0,0,5,0,0,8,7,0,1,0,3,0,0,61.4285714285714,0,0,0,100,0,0,0,68.5714285714286,64.2857142857143,0,31.4285714285714,0,7.14285714285714,0,55.5555555555556,0,0,88.8888888888889,77.7777777777778,0,11.1111111111111,0,33.3333333333333,0,0,0,4.24849524204936,6.12928301694497,1.84509804001426,1.9335735117254,1,-Inf,Inf,0,0,0,0,0,0,0,34.2857142857143,65.7142857142857,78.5714285714286,85.7142857142857,90,94.2857142857143,97.1428571428571,98.5714285714286,100,100,0,0,2,0,8,5,2,2,8,8,2,0,0,0,2,2,6,6,3,3,0,0,0,0,0,0,0,0,1,0,0,0,35.7142857142857,95.7142857142857,60,35.7142857142857,100,35.7142857142857,95.7142857142857,35.7142857142857,0,0,0,35.7142857142857,35.7142857142857,60,60,24.2857142857143,35.7142857142857,0,0,0,0,0,0,0,0,0,0,4.28571428571429,0,0,0,0,0,0,22.2222222222222,0,88.8888888888889,55.5555555555556,22.2222222222222,22.2222222222222,100,88.8888888888889,22.2222222222222,0,0,0,22.2222222222222,22.2222222222222,66.6666666666667,66.6666666666667,33.3333333333333,33.3333333333333,0,0,0,0,0,0,0,11.1111111111111,0,0,1.42857142857143,1.42857142857143,0,0,0,0,0,3,6,0,0,0,3,6,0,40,60,0,0,0,40,60,0,33.3333333333333,66.6666666666667,0,0,0,33.3333333333333,66.6666666666667,0,0,0,0,0,0,0,0,0,0,0,0,0,0,6,0,0,0,0,0,32.8571428571429,0,0,0,0,0,66.6666666666667,6,3,0,92.8571428571429,7.14285714285714,0,66.6666666666667,33.3333333333333,0,1,1,2,1,5,2,0,0,0,0,3,0,0,0,0,9,70,70,0,0,0,0,0,0,0,0,0,0,0,0,0,0,0,0,0,0,0,0,0,0,0,0,0,0,0,0,0,0,0,0,0,0,0,0,0,0,0,0,0,0,0,65.7142857142857,0,0,0,0,0,0,0,0,0,0,0,0,0,0
"e30ce930-9753-439b-9aea-6e2c97268482","LBR_Fish_BCG_v1","Main_BarberPool",0,0,473,473,471,471,0,61.5221987315011,0,0,0,2.11416490486258,0,0,61.5221987315011,0,0,99.5771670190275,0.422832980972516,0.422832980972516,0,0,0,0,33.8266384778013,0,0,0,0,0,0,10,0,0,2,1,0,0,2,0,0,0,8,2,2,0,1,8,0,0,0,0,0,2,0,2,0,3,0,0,0,0,0,20,10,0,0,20,0,0,0,80,20,20,0,0,30,0,0,0,4,0,0,8,7,0,1,0,2,0,0,81.3953488372093,0,0,0,99.7885835095137,0,0,0,97.6744186046512,97.4630021141649,0,2.11416490486258,0,14.7991543340381,0,40,0,0,80,70,0,10,0,20,0,0,0,3.19380904624865,4.60769247256924,1.38705364503848,1.38705364503848,138.705364503848,-Inf,Inf,0,0,0,0,0,0,0,60.0422832980973,78.6469344608879,93.2346723044397,95.3488372093023,96.8287526427061,98.0972515856237,98.9429175475687,99.5771670190275,99.7885835095137,100,0,1,4,1,8,5,4,4,8,8,4,1,1,0,3,3,4,4,1,3,0,0,0,0,0,0,0,0,1,0,0,60.0422832980973,93.8689217758985,99.5771670190275,95.3488372093023,93.8689217758985,100,93.8689217758985,99.5771670190275,93.8689217758985,60.0422832980973,60.0422832980973,0,33.8266384778013,33.8266384778013,5.70824524312896,5.70824524312896,1.47991543340381,4.22832980972516,0,0,0,0,0,0,0,0,0,0,0.211416490486258,0,0,0,0,0,10,40,10,80,50,40,40,100,80,40,10,10,0,30,30,40,40,10,30,0,0,0,0,0,0,0,10,0,0,0.211416490486258,0.211416490486258,0,0,0,0,0,4,5,0,0,0,4,5,0,93.8689217758985,5.91966173361522,0,0,0,93.8689217758985,5.91966173361522,0,40,50,0,0,0,40,50,0,0,0,0,0,0,0,0,0,0,0,0,0,0,6,0,0,0,0,0,78.8583509513742,0,0,0,0,0,60,5,4,0,83.5095137420719,16.2790697674419,0,50,40,0,1,1,4,5,7,2,0,0,0,0,4,0,0,0,0,10,473,473,0,0,0,0,0,0,0,0,0,0,0,0,0,0,0,0,0,0,0,0,0,0,0,0,0,0,0,0,0,0,0,0,0,0,0,0,0,0,0,0,0,0,0,78.6469344608879,0,0,0,0,0,0,0,0,0,0,0,0,0,0
"eda15134-49a2-4d77-9191-ebd1876acccd","LBR_Fish_BCG_v1","Main_SoChannel",0,0,48,48,47,47,0,25,0,0,0,16.6666666666667,0,0,25,0,0,97.9166666666667,2.08333333333333,2.08333333333333,0,0,0,0,52.0833333333333,0,0,0,0,0,0,7,0,0,1,2,0,0,1,0,0,0,6,1,1,0,0,6,0,0,0,0,0,1,0,1,0,3,0,0,0,0,0,14.2857142857143,28.5714285714286,0,0,14.2857142857143,0,0,0,85.7142857142857,14.2857142857143,14.2857142857143,0,0,42.8571428571429,0,0,0,3,0,1,5,4,0,1,0,2,0,0,56.25,0,0,2.08333333333333,97.9166666666667,2.08333333333333,0,0,83.3333333333333,81.25,0,14.5833333333333,0,27.0833333333333,0,42.8571428571429,0,14.2857142857143,71.4285714285714,57.1428571428571,0,14.2857142857143,0,28.5714285714286,0,0,0,3.84231987838456,5.54329583405449,1.66869832088959,1.97456181635617,1,-Inf,Inf,0,0,0,0,0,0,0,25,50,75,89.5833333333333,95.8333333333333,97.9166666666667,100,100,100,100,0,0,2,0,6,5,2,2,6,6,2,0,0,0,2,2,4,4,3,1,0,0,0,0,0,0,0,0,1,0,0,0,50,97.9166666666667,83.3333333333333,50,100,50,97.9166666666667,50,0,0,0,50,50,47.9166666666667,47.9166666666667,33.3333333333333,14.5833333333333,0,0,0,0,0,0,0,0,0,0,2.08333333333333,0,0,0,0,0,0,28.5714285714286,0,85.7142857142857,71.4285714285714,28.5714285714286,28.5714285714286,100,85.7142857142857,28.5714285714286,0,0,0,28.5714285714286,28.5714285714286,57.1428571428571,57.1428571428571,42.8571428571429,14.2857142857143,0,0,0,0,0,0,0,14.2857142857143,0,0,2.08333333333333,2.08333333333333,0,0,0,0,0,3,4,0,0,0,3,4,0,52.0833333333333,47.9166666666667,0,0,0,52.0833333333333,47.9166666666667,0,42.8571428571429,57.1428571428571,0,0,0,42.8571428571429,57.1428571428571,0,0,0,0,0,0,0,0,0,0,0,0,0,0,4,0,0,0,0,0,58.3333333333333,0,0,0,0,0,57.1428571428571,5,2,0,72.9166666666667,27.0833333333333,0,71.4285714285714,28.5714285714286,0,1,1,3,6,4,2,0,0,0,0,4,0,0,0,0,7,48,48,0,0,0,0,0,0,0,0,0,0,0,0,0,0,0,0,0,0,0,0,0,0,0,0,0,0,0,0,2.08333333333333,0,0,0,0,0,0,0,0,0,0,0,0,0,0,50,0,0,0,0,0,0,0,0,0,0,0,0,0,0
"f9c06310-4a52-4d24-b9cf-e57497da794f","LBR_Fish_BCG_v1","Main_SoChannel",0,0,95,95,90,90,0,6.31578947368421,0,0,0,14.7368421052632,2.10526315789474,0,6.31578947368421,0,0,94.7368421052632,5.26315789473684,5.26315789473684,0,0,0,2.10526315789474,68.4210526315789,0,0,0,0,0,0,10,0,0,2,2,1,0,2,0,0,1,7,3,3,0,1,7,0,0,0,0,0,1,0,2,0,3,0,0,0,0,0,20,20,10,0,20,0,0,10,70,30,30,0,0,30,0,0,0,4,0,1,7,5,0,1,0,3,0,0,58.9473684210526,0,0,1.05263157894737,97.8947368421053,1.05263157894737,0,0,84.2105263157895,80,0,13.6842105263158,0,25.2631578947368,0,40,0,10,70,50,0,10,0,30,0,0,0,4.55387689160054,6.56985560833095,1.97772360528885,1.97772360528885,1,-Inf,Inf,0,0,0,0,0,0,0,45.2631578947368,66.3157894736842,80,87.3684210526316,92.6315789473684,94.7368421052632,96.8421052631579,97.8947368421053,98.9473684210526,100,0,1,3,1,7,5,3,3,7,7,3,1,1,0,2,2,4,4,2,2,0,0,0,0,0,0,0,0,2,0,0,1.05263157894737,67.3684210526316,94.7368421052632,80,67.3684210526316,100,67.3684210526316,94.7368421052632,67.3684210526316,1.05263157894737,1.05263157894737,0,66.3157894736842,66.3157894736842,27.3684210526316,27.3684210526316,12.6315789473684,14.7368421052632,0,0,0,0,0,0,0,0,0,0,4.21052631578947,0,0,0,0,0,10,30,10,70,50,30,30,100,70,30,10,10,0,20,20,40,40,20,20,0,0,0,0,0,0,0,20,0,0,1.05263157894737,1.05263157894737,0,0,0,0,0,4,4,1,0,0,4,5,0,69.4736842105263,27.3684210526316,2.10526315789474,0,0,69.4736842105263,29.4736842105263,0,40,40,10,0,0,40,50,0,0,0,0,0,0,0,0,0,0,0,0,0,0,5,0,0,0,0,0,36.8421052631579,0,0,0,0,0,50,6,3,0,73.6842105263158,25.2631578947368,0,60,30,0,1,1,2,5,8,2,0,0,0,0,5,0,0,0,0,10,95,95,0,0,0,0,0,0,0,0,0,0,0,0,0,0,0,0,0,0,0,0,0,0,0,0,0,0,0,0,1.05263157894737,0,0,0,0,0,0,0,0,0,0,0,0,0,0,66.3157894736842,0,0,0,0,0,0,0,0,0,0,0,0,0,0
"fe6b180a-ec70-417f-b7a5-4ac38018636a","LBR_Fish_BCG_v1","Main_VetGlen",0,0,386,386,385,385,0,38.6010362694301,0,0,0,4.92227979274611,0,0,38.6010362694301,0,0,99.7409326424871,0.259067357512953,0.259067357512953,0,0,0,0,11.3989637305699,0,0,0,0,0,0,12,0,0,2,3,0,0,2,0,0,0,11,1,1,0,0,11,0,0,0,0,0,4,0,2,0,3,0,0,0,0,0,16.6666666666667,25,0,0,16.6666666666667,0,0,0,91.6666666666667,8.33333333333333,8.33333333333333,0,0,25,0,0,0,5,0,2,9,8,0,1,0,3,0,0,83.419689119171,0,0,1.29533678756477,98.7046632124352,1.29533678756477,0,0,95.0777202072539,94.8186528497409,0,3.62694300518135,0,6.21761658031088,0,41.6666666666667,0,16.6666666666667,75,66.6666666666667,0,8.33333333333333,0,25,0,0,0,3.32943066375133,4.80335310757769,1.44595336514668,1.33986146483023,133.986146483023,-Inf,Inf,0,0,0,0,0,0,0,36.7875647668394,57.2538860103627,74.3523316062176,81.6062176165803,87.0466321243523,90.9326424870466,94.559585492228,96.6321243523316,98.4455958549223,99.2227979274611,0,1,3,1,11,6,3,3,11,11,3,1,1,0,2,2,8,8,3,5,0,0,0,0,0,0,0,0,1,0,0,36.7875647668394,47.9274611398964,99.7409326424871,70.9844559585492,47.9274611398964,100,47.9274611398964,99.7409326424871,47.9274611398964,36.7875647668394,36.7875647668394,0,11.139896373057,11.139896373057,51.8134715025907,51.8134715025907,23.0569948186528,28.7564766839378,0,0,0,0,0,0,0,0,0,0,0.259067357512953,0,0,0,0,0,8.33333333333333,25,8.33333333333333,91.6666666666667,50,25,25,100,91.6666666666667,25,8.33333333333333,8.33333333333333,0,16.6666666666667,16.6666666666667,66.6666666666667,66.6666666666667,25,41.6666666666667,0,0,0,0,0,0,0,8.33333333333333,0,0,16.3212435233161,16.3212435233161,0,0,0,0,0,4,8,0,0,0,4,8,0,48.1865284974093,51.8134715025907,0,0,0,48.1865284974093,51.8134715025907,0,33.3333333333333,66.6666666666667,0,0,0,33.3333333333333,66.6666666666667,0,0,0,0,0,0,0,0,0,0,0,0,0,0,7,0,0,0,0,0,85.7512953367876,0,0,0,0,0,58.3333333333333,8,4,0,88.3419689119171,11.6580310880829,0,66.6666666666667,33.3333333333333,0,1,1,3,4,5,2,0,0,0,0,4,0,0,0,0,12,386,386,0,0,0,0,0,0,0,0,0,0,0,0,0,0,0,0,0,0,0,0,0,0,0,0,0,0,0,0,1.29533678756477,0,0,0,0,0,0,0,0,0,0,0,0,0,0,57.2538860103627,0,0,0,0,0,0,0,0,0,0,0,0,0,0
