"INDEX_NAME","INDEX_CLASS","METRIC_NAME","SAMPLEID","METRIC_VALUE","LEVEL","NUMERIC_RULES","SYMBOL","LOWER","UPPER","INCREASE","DESCRIPTION","RULE_TYPE","EXC_RULE","NOTE_RULE","INCLUDE_PARAMETER","INCLUDE_SYMBOL","INCLUDE_THRESHOLD","SITE_TYPE","INDEX_REGION","MEMBERSHIP","NAME_WIDE"
"LBR_Fish_BCG_v1","Main_BarberPool","d_ac_yoy_Cott","92861508-db6f-4890-b2ca-183041768c91",1,3,"> 0 (0-1)",">",0,1,TRUE,"detection - young of year (age class 1 or 2) - Family COTTIDAE","Rule0",NA,NA,NA,NA,NA,"Main_BarberPool","Main_BarberPool",1,"Main_BarberPool_L3_Rule0_d_ac_yoy_Cott"
"LBR_Fish_BCG_v1","Main_BarberPool","d_ac_yoy_Cott","92861508-db6f-4890-b2ca-183041768c91",1,2,"> 0 (0-1)",">",0,1,TRUE,"detection - young of year (age class 1 or 2) - Family COTTIDAE","Rule0",NA,NA,NA,NA,NA,"Main_BarberPool","Main_BarberPool",1,"Main_BarberPool_L2_Rule0_d_ac_yoy_Cott"
"LBR_Fish_BCG_v1","Main_BarberPool","d_ac_yoy_Cott","e30ce930-9753-439b-9aea-6e2c97268482",1,3,"> 0 (0-1)",">",0,1,TRUE,"detection - young of year (age class 1 or 2) - Family COTTIDAE","Rule0",NA,NA,NA,NA,NA,"Main_BarberPool","Main_BarberPool",1,"Main_BarberPool_L3_Rule0_d_ac_yoy_Cott"
"LBR_Fish_BCG_v1","Main_BarberPool","d_ac_yoy_Cott","e30ce930-9753-439b-9aea-6e2c97268482",1,2,"> 0 (0-1)",">",0,1,TRUE,"detection - young of year (age class 1 or 2) - Family COTTIDAE","Rule0",NA,NA,NA,NA,NA,"Main_BarberPool","Main_BarberPool",1,"Main_BarberPool_L2_Rule0_d_ac_yoy_Cott"
"LBR_Fish_BCG_v1","Main_BarberPool","d_ac_yoy_rbt","e30ce930-9753-439b-9aea-6e2c97268482",1,2,"> 0 (0-1)",">",0,1,TRUE,"detection - young of year (age class 1 or 2) - Rainbow Trout","Rule0",NA,NA,NA,NA,NA,"Main_BarberPool","Main_BarberPool",1,"Main_BarberPool_L2_Rule0_d_ac_yoy_rbt"
"LBR_Fish_BCG_v1","Main_BarberPool","d_ac_yoy_rbt","e30ce930-9753-439b-9aea-6e2c97268482",1,3,"> 0 (0-1)",">",0,1,TRUE,"detection - young of year (age class 1 or 2) - Rainbow Trout","Rule0",NA,NA,NA,NA,NA,"Main_BarberPool","Main_BarberPool",1,"Main_BarberPool_L3_Rule0_d_ac_yoy_rbt"
"LBR_Fish_BCG_v1","Main_BarberPool","d_ac_yoy_rbt","92861508-db6f-4890-b2ca-183041768c91",1,2,"> 0 (0-1)",">",0,1,TRUE,"detection - young of year (age class 1 or 2) - Rainbow Trout","Rule0",NA,NA,NA,NA,NA,"Main_BarberPool","Main_BarberPool",1,"Main_BarberPool_L2_Rule0_d_ac_yoy_rbt"
"LBR_Fish_BCG_v1","Main_BarberPool","d_ac_yoy_rbt","92861508-db6f-4890-b2ca-183041768c91",1,3,"> 0 (0-1)",">",0,1,TRUE,"detection - young of year (age class 1 or 2) - Rainbow Trout","Rule0",NA,NA,NA,NA,NA,"Main_BarberPool","Main_BarberPool",1,"Main_BarberPool_L3_Rule0_d_ac_yoy_rbt"
"LBR_Fish_BCG_v1","Main_BarberPool","n_ac_Cott","e30ce930-9753-439b-9aea-6e2c97268482",4,4,"> 1 (0.5-2)",">",0.5,2,TRUE,"number of age classes - Family COTTIDAE","Rule0",NA,NA,NA,NA,NA,"Main_BarberPool","Main_BarberPool",1,"Main_BarberPool_L4_Rule0_n_ac_Cott"
"LBR_Fish_BCG_v1","Main_BarberPool","n_ac_Cott","e30ce930-9753-439b-9aea-6e2c97268482",4,3,"> 2 (2-3.5)",">",2,3.5,TRUE,"number of age classes - Family COTTIDAE","Rule0",NA,NA,NA,NA,NA,"Main_BarberPool","Main_BarberPool",1,"Main_BarberPool_L3_Rule0_n_ac_Cott"
"LBR_Fish_BCG_v1","Main_BarberPool","n_ac_Cott","e30ce930-9753-439b-9aea-6e2c97268482",4,2,"> 4 (3.5-5)",">",3.5,5,TRUE,"number of age classes - Family COTTIDAE","Rule0",NA,NA,NA,NA,NA,"Main_BarberPool","Main_BarberPool",0.333333333333333,"Main_BarberPool_L2_Rule0_n_ac_Cott"
"LBR_Fish_BCG_v1","Main_BarberPool","n_ac_Cott","92861508-db6f-4890-b2ca-183041768c91",3,4,"> 1 (0.5-2)",">",0.5,2,TRUE,"number of age classes - Family COTTIDAE","Rule0",NA,NA,NA,NA,NA,"Main_BarberPool","Main_BarberPool",1,"Main_BarberPool_L4_Rule0_n_ac_Cott"
"LBR_Fish_BCG_v1","Main_BarberPool","n_ac_Cott","92861508-db6f-4890-b2ca-183041768c91",3,3,"> 2 (2-3.5)",">",2,3.5,TRUE,"number of age classes - Family COTTIDAE","Rule0",NA,NA,NA,NA,NA,"Main_BarberPool","Main_BarberPool",0.666666666666667,"Main_BarberPool_L3_Rule0_n_ac_Cott"
"LBR_Fish_BCG_v1","Main_BarberPool","n_ac_Cott","92861508-db6f-4890-b2ca-183041768c91",3,2,"> 4 (3.5-5)",">",3.5,5,TRUE,"number of age classes - Family COTTIDAE","Rule0",NA,NA,NA,NA,NA,"Main_BarberPool","Main_BarberPool",0,"Main_BarberPool_L2_Rule0_n_ac_Cott"
"LBR_Fish_BCG_v1","Main_BarberPool","n_ac_rbt","e30ce930-9753-439b-9aea-6e2c97268482",5,2,"> 5 (4.5-6)",">",4.5,6,TRUE,"number of age classes - Rainbow Trout","Rule0",NA,NA,NA,NA,NA,"Main_BarberPool","Main_BarberPool",0.333333333333333,"Main_BarberPool_L2_Rule0_n_ac_rbt"
"LBR_Fish_BCG_v1","Main_BarberPool","n_ac_rbt","e30ce930-9753-439b-9aea-6e2c97268482",5,4,"> 1 (0.5-2)",">",0.5,2,TRUE,"number of age classes - Rainbow Trout","Rule0",NA,NA,NA,NA,NA,"Main_BarberPool","Main_BarberPool",1,"Main_BarberPool_L4_Rule0_n_ac_rbt"
"LBR_Fish_BCG_v1","Main_BarberPool","n_ac_rbt","e30ce930-9753-439b-9aea-6e2c97268482",5,3,"> 3 (2.5-4.5)",">",2.5,4.5,TRUE,"number of age classes - Rainbow Trout","Rule0",NA,NA,NA,NA,NA,"Main_BarberPool","Main_BarberPool",1,"Main_BarberPool_L3_Rule0_n_ac_rbt"
"LBR_Fish_BCG_v1","Main_BarberPool","n_ac_rbt","92861508-db6f-4890-b2ca-183041768c91",5,2,"> 5 (4.5-6)",">",4.5,6,TRUE,"number of age classes - Rainbow Trout","Rule0",NA,NA,NA,NA,NA,"Main_BarberPool","Main_BarberPool",0.333333333333333,"Main_BarberPool_L2_Rule0_n_ac_rbt"
"LBR_Fish_BCG_v1","Main_BarberPool","n_ac_rbt","92861508-db6f-4890-b2ca-183041768c91",5,4,"> 1 (0.5-2)",">",0.5,2,TRUE,"number of age classes - Rainbow Trout","Rule0",NA,NA,NA,NA,NA,"Main_BarberPool","Main_BarberPool",1,"Main_BarberPool_L4_Rule0_n_ac_rbt"
"LBR_Fish_BCG_v1","Main_BarberPool","n_ac_rbt","92861508-db6f-4890-b2ca-183041768c91",5,3,"> 3 (2.5-4.5)",">",2.5,4.5,TRUE,"number of age classes - Rainbow Trout","Rule0",NA,NA,NA,NA,NA,"Main_BarberPool","Main_BarberPool",1,"Main_BarberPool_L3_Rule0_n_ac_rbt"
"LBR_Fish_BCG_v1","Main_BarberPool","nt_BCG2_att1234b","e30ce930-9753-439b-9aea-6e2c97268482",5,2,"> 6 (5-8)",">",5,8,TRUE,"number of taxa - BCG Attribute I + II + III + IV_better","Rule0",NA,NA,NA,NA,NA,"Main_BarberPool","Main_BarberPool",0,"Main_BarberPool_L2_Rule0_nt_BCG2_att1234b"
"LBR_Fish_BCG_v1","Main_BarberPool","nt_BCG2_att1234b","e30ce930-9753-439b-9aea-6e2c97268482",5,3,"> 3 (2-5)",">",2,5,TRUE,"number of taxa - BCG Attribute I + II + III + IV_better","Rule0",NA,NA,NA,NA,NA,"Main_BarberPool","Main_BarberPool",1,"Main_BarberPool_L3_Rule0_nt_BCG2_att1234b"
"LBR_Fish_BCG_v1","Main_BarberPool","nt_BCG2_att1234b","e30ce930-9753-439b-9aea-6e2c97268482",5,4,"> 1 (0.5-2)",">",0.5,2,TRUE,"number of taxa - BCG Attribute I + II + III + IV_better","Rule0",NA,NA,NA,NA,NA,"Main_BarberPool","Main_BarberPool",1,"Main_BarberPool_L4_Rule0_nt_BCG2_att1234b"
"LBR_Fish_BCG_v1","Main_BarberPool","nt_BCG2_att1234b","92861508-db6f-4890-b2ca-183041768c91",4,2,"> 6 (5-8)",">",5,8,TRUE,"number of taxa - BCG Attribute I + II + III + IV_better","Rule0",NA,NA,NA,NA,NA,"Main_BarberPool","Main_BarberPool",0,"Main_BarberPool_L2_Rule0_nt_BCG2_att1234b"
"LBR_Fish_BCG_v1","Main_BarberPool","nt_BCG2_att1234b","92861508-db6f-4890-b2ca-183041768c91",4,3,"> 3 (2-5)",">",2,5,TRUE,"number of taxa - BCG Attribute I + II + III + IV_better","Rule0",NA,NA,NA,NA,NA,"Main_BarberPool","Main_BarberPool",0.666666666666667,"Main_BarberPool_L3_Rule0_nt_BCG2_att1234b"
"LBR_Fish_BCG_v1","Main_BarberPool","nt_BCG2_att1234b","92861508-db6f-4890-b2ca-183041768c91",4,4,"> 1 (0.5-2)",">",0.5,2,TRUE,"number of taxa - BCG Attribute I + II + III + IV_better","Rule0",NA,NA,NA,NA,NA,"Main_BarberPool","Main_BarberPool",1,"Main_BarberPool_L4_Rule0_nt_BCG2_att1234b"
"LBR_Fish_BCG_v1","Main_BarberPool","nt_native","92861508-db6f-4890-b2ca-183041768c91",6,5,"> 0 (0-1)",">",0,1,TRUE,"number of native taxa","Rule0",NA,NA,NA,NA,NA,"Main_BarberPool","Main_BarberPool",1,"Main_BarberPool_L5_Rule0_nt_native"
"LBR_Fish_BCG_v1","Main_BarberPool","nt_native","92861508-db6f-4890-b2ca-183041768c91",6,3,"> 6 (5-8)",">",5,8,TRUE,"number of native taxa","Rule0",NA,NA,NA,NA,NA,"Main_BarberPool","Main_BarberPool",0.333333333333333,"Main_BarberPool_L3_Rule0_nt_native"
"LBR_Fish_BCG_v1","Main_BarberPool","nt_native","92861508-db6f-4890-b2ca-183041768c91",6,4,"> 3 (2-5)",">",2,5,TRUE,"number of native taxa","Rule0",NA,NA,NA,NA,NA,"Main_BarberPool","Main_BarberPool",1,"Main_BarberPool_L4_Rule0_nt_native"
"LBR_Fish_BCG_v1","Main_BarberPool","nt_native","92861508-db6f-4890-b2ca-183041768c91",6,2,"> 12 (11-14)",">",11,14,TRUE,"number of native taxa","Rule0",NA,NA,NA,NA,NA,"Main_BarberPool","Main_BarberPool",0,"Main_BarberPool_L2_Rule0_nt_native"
"LBR_Fish_BCG_v1","Main_BarberPool","nt_native","e30ce930-9753-439b-9aea-6e2c97268482",8,5,"> 0 (0-1)",">",0,1,TRUE,"number of native taxa","Rule0",NA,NA,NA,NA,NA,"Main_BarberPool","Main_BarberPool",1,"Main_BarberPool_L5_Rule0_nt_native"
"LBR_Fish_BCG_v1","Main_BarberPool","nt_native","e30ce930-9753-439b-9aea-6e2c97268482",8,3,"> 6 (5-8)",">",5,8,TRUE,"number of native taxa","Rule0",NA,NA,NA,NA,NA,"Main_BarberPool","Main_BarberPool",1,"Main_BarberPool_L3_Rule0_nt_native"
"LBR_Fish_BCG_v1","Main_BarberPool","nt_native","e30ce930-9753-439b-9aea-6e2c97268482",8,4,"> 3 (2-5)",">",2,5,TRUE,"number of native taxa","Rule0",NA,NA,NA,NA,NA,"Main_BarberPool","Main_BarberPool",1,"Main_BarberPool_L4_Rule0_nt_native"
"LBR_Fish_BCG_v1","Main_BarberPool","nt_native","e30ce930-9753-439b-9aea-6e2c97268482",8,2,"> 12 (11-14)",">",11,14,TRUE,"number of native taxa","Rule0",NA,NA,NA,NA,NA,"Main_BarberPool","Main_BarberPool",0,"Main_BarberPool_L2_Rule0_nt_native"
"LBR_Fish_BCG_v1","Main_BarberPool","nt_repro_lithophil","92861508-db6f-4890-b2ca-183041768c91",4,2,"> 7 (6-9)",">",6,9,TRUE,"number of taxa - LITHOPHIL (requires clean, coarse substrate)","Rule0",NA,NA,NA,NA,NA,"Main_BarberPool","Main_BarberPool",0,"Main_BarberPool_L2_Rule0_nt_repro_lithophil"
"LBR_Fish_BCG_v1","Main_BarberPool","nt_repro_lithophil","92861508-db6f-4890-b2ca-183041768c91",4,3,"> 4 (3-6)",">",3,6,TRUE,"number of taxa - LITHOPHIL (requires clean, coarse substrate)","Rule0",NA,NA,NA,NA,NA,"Main_BarberPool","Main_BarberPool",0.333333333333333,"Main_BarberPool_L3_Rule0_nt_repro_lithophil"
"LBR_Fish_BCG_v1","Main_BarberPool","nt_repro_lithophil","92861508-db6f-4890-b2ca-183041768c91",4,4,"> 1 (0-3)",">",0,3,TRUE,"number of taxa - LITHOPHIL (requires clean, coarse substrate)","Rule0",NA,NA,NA,NA,NA,"Main_BarberPool","Main_BarberPool",1,"Main_BarberPool_L4_Rule0_nt_repro_lithophil"
"LBR_Fish_BCG_v1","Main_BarberPool","nt_repro_lithophil","e30ce930-9753-439b-9aea-6e2c97268482",6,2,"> 7 (6-9)",">",6,9,TRUE,"number of taxa - LITHOPHIL (requires clean, coarse substrate)","Rule0",NA,NA,NA,NA,NA,"Main_BarberPool","Main_BarberPool",0,"Main_BarberPool_L2_Rule0_nt_repro_lithophil"
"LBR_Fish_BCG_v1","Main_BarberPool","nt_repro_lithophil","e30ce930-9753-439b-9aea-6e2c97268482",6,3,"> 4 (3-6)",">",3,6,TRUE,"number of taxa - LITHOPHIL (requires clean, coarse substrate)","Rule0",NA,NA,NA,NA,NA,"Main_BarberPool","Main_BarberPool",1,"Main_BarberPool_L3_Rule0_nt_repro_lithophil"
"LBR_Fish_BCG_v1","Main_BarberPool","nt_repro_lithophil","e30ce930-9753-439b-9aea-6e2c97268482",6,4,"> 1 (0-3)",">",0,3,TRUE,"number of taxa - LITHOPHIL (requires clean, coarse substrate)","Rule0",NA,NA,NA,NA,NA,"Main_BarberPool","Main_BarberPool",1,"Main_BarberPool_L4_Rule0_nt_repro_lithophil"
"LBR_Fish_BCG_v1","Main_BarberPool","pi_BCG_att123","92861508-db6f-4890-b2ca-183041768c91",87.7016129032258,3,"≥ 70 (65-75)",">=",65,75,TRUE,"percent (0-100) individuals - BCG Attribute I + II + III","Rule0",NA,NA,NA,NA,NA,"Main_BarberPool","Main_BarberPool",1,"Main_BarberPool_L3_Rule0_pi_BCG_att123"
"LBR_Fish_BCG_v1","Main_BarberPool","pi_BCG_att123","92861508-db6f-4890-b2ca-183041768c91",87.7016129032258,2,"≥ 80 (75-85)",">=",75,85,TRUE,"percent (0-100) individuals - BCG Attribute I + II + III","Rule0",NA,NA,NA,NA,NA,"Main_BarberPool","Main_BarberPool",1,"Main_BarberPool_L2_Rule0_pi_BCG_att123"
"LBR_Fish_BCG_v1","Main_BarberPool","pi_BCG_att123","92861508-db6f-4890-b2ca-183041768c91",87.7016129032258,5,"≥ 20 (15-25)",">=",15,25,TRUE,"percent (0-100) individuals - BCG Attribute I + II + III","Rule0",NA,NA,NA,NA,NA,"Main_BarberPool","Main_BarberPool",1,"Main_BarberPool_L5_Rule0_pi_BCG_att123"
"LBR_Fish_BCG_v1","Main_BarberPool","pi_BCG_att123","92861508-db6f-4890-b2ca-183041768c91",87.7016129032258,4,"≥ 30 (25-35)",">=",25,35,TRUE,"percent (0-100) individuals - BCG Attribute I + II + III","Rule0",NA,NA,NA,NA,NA,"Main_BarberPool","Main_BarberPool",1,"Main_BarberPool_L4_Rule0_pi_BCG_att123"
"LBR_Fish_BCG_v1","Main_BarberPool","pi_BCG_att123","e30ce930-9753-439b-9aea-6e2c97268482",93.8689217758985,3,"≥ 70 (65-75)",">=",65,75,TRUE,"percent (0-100) individuals - BCG Attribute I + II + III","Rule0",NA,NA,NA,NA,NA,"Main_BarberPool","Main_BarberPool",1,"Main_BarberPool_L3_Rule0_pi_BCG_att123"
"LBR_Fish_BCG_v1","Main_BarberPool","pi_BCG_att123","e30ce930-9753-439b-9aea-6e2c97268482",93.8689217758985,2,"≥ 80 (75-85)",">=",75,85,TRUE,"percent (0-100) individuals - BCG Attribute I + II + III","Rule0",NA,NA,NA,NA,NA,"Main_BarberPool","Main_BarberPool",1,"Main_BarberPool_L2_Rule0_pi_BCG_att123"
"LBR_Fish_BCG_v1","Main_BarberPool","pi_BCG_att123","e30ce930-9753-439b-9aea-6e2c97268482",93.8689217758985,5,"≥ 20 (15-25)",">=",15,25,TRUE,"percent (0-100) individuals - BCG Attribute I + II + III","Rule0",NA,NA,NA,NA,NA,"Main_BarberPool","Main_BarberPool",1,"Main_BarberPool_L5_Rule0_pi_BCG_att123"
"LBR_Fish_BCG_v1","Main_BarberPool","pi_BCG_att123","e30ce930-9753-439b-9aea-6e2c97268482",93.8689217758985,4,"≥ 30 (25-35)",">=",25,35,TRUE,"percent (0-100) individuals - BCG Attribute I + II + III","Rule0",NA,NA,NA,NA,NA,"Main_BarberPool","Main_BarberPool",1,"Main_BarberPool_L4_Rule0_pi_BCG_att123"
"LBR_Fish_BCG_v1","Main_BarberPool","pi_Cott","e30ce930-9753-439b-9aea-6e2c97268482",61.5221987315011,2,"≥ 45 (40-50)",">=",40,50,TRUE,"percent (0-100) individuals - Family COTTIDAE","Rule0",NA,NA,NA,NA,NA,"Main_BarberPool","Main_BarberPool",1,"Main_BarberPool_L2_Rule0_pi_Cott"
"LBR_Fish_BCG_v1","Main_BarberPool","pi_Cott","e30ce930-9753-439b-9aea-6e2c97268482",61.5221987315011,3,"≥ 35 (30-40)",">=",30,40,TRUE,"percent (0-100) individuals - Family COTTIDAE","Rule0",NA,NA,NA,NA,NA,"Main_BarberPool","Main_BarberPool",1,"Main_BarberPool_L3_Rule0_pi_Cott"
"LBR_Fish_BCG_v1","Main_BarberPool","pi_Cott","e30ce930-9753-439b-9aea-6e2c97268482",61.5221987315011,4,"≥ 15 (10-20)",">=",10,20,TRUE,"percent (0-100) individuals - Family COTTIDAE","Rule0","SMALL2","second worst",NA,NA,NA,"Main_BarberPool","Main_BarberPool",1,"Main_BarberPool_L4_Rule0_pi_Cott"
"LBR_Fish_BCG_v1","Main_BarberPool","pi_Cott","92861508-db6f-4890-b2ca-183041768c91",77.0161290322581,2,"≥ 45 (40-50)",">=",40,50,TRUE,"percent (0-100) individuals - Family COTTIDAE","Rule0",NA,NA,NA,NA,NA,"Main_BarberPool","Main_BarberPool",1,"Main_BarberPool_L2_Rule0_pi_Cott"
"LBR_Fish_BCG_v1","Main_BarberPool","pi_Cott","92861508-db6f-4890-b2ca-183041768c91",77.0161290322581,3,"≥ 35 (30-40)",">=",30,40,TRUE,"percent (0-100) individuals - Family COTTIDAE","Rule0",NA,NA,NA,NA,NA,"Main_BarberPool","Main_BarberPool",1,"Main_BarberPool_L3_Rule0_pi_Cott"
"LBR_Fish_BCG_v1","Main_BarberPool","pi_Cott","92861508-db6f-4890-b2ca-183041768c91",77.0161290322581,4,"≥ 15 (10-20)",">=",10,20,TRUE,"percent (0-100) individuals - Family COTTIDAE","Rule0","SMALL2","second worst",NA,NA,NA,"Main_BarberPool","Main_BarberPool",1,"Main_BarberPool_L4_Rule0_pi_Cott"
"LBR_Fish_BCG_v1","Main_BarberPool","pi_nonnative","92861508-db6f-4890-b2ca-183041768c91",0.403225806451613,5,"≤ 20 (15-25)","<=",15,25,FALSE,"percent (0-100) individuals - non-native","Rule0",NA,NA,NA,NA,NA,"Main_BarberPool","Main_BarberPool",1,"Main_BarberPool_L5_Rule0_pi_nonnative"
"LBR_Fish_BCG_v1","Main_BarberPool","pi_nonnative","92861508-db6f-4890-b2ca-183041768c91",0.403225806451613,3,"≤ 3 (1-5)","<=",1,5,FALSE,"percent (0-100) individuals - non-native","Rule0",NA,NA,NA,NA,NA,"Main_BarberPool","Main_BarberPool",1,"Main_BarberPool_L3_Rule0_pi_nonnative"
"LBR_Fish_BCG_v1","Main_BarberPool","pi_nonnative","92861508-db6f-4890-b2ca-183041768c91",0.403225806451613,4,"≤ 10 (5-15)","<=",5,15,FALSE,"percent (0-100) individuals - non-native","Rule0","SMALL2","second worst",NA,NA,NA,"Main_BarberPool","Main_BarberPool",1,"Main_BarberPool_L4_Rule0_pi_nonnative"
"LBR_Fish_BCG_v1","Main_BarberPool","pi_nonnative","92861508-db6f-4890-b2ca-183041768c91",0.403225806451613,2,"< 0.1 (0-0.1)","<",0,0.1,FALSE,"percent (0-100) individuals - non-native","Rule0",NA,NA,NA,NA,NA,"Main_BarberPool","Main_BarberPool",0,"Main_BarberPool_L2_Rule0_pi_nonnative"
"LBR_Fish_BCG_v1","Main_BarberPool","pi_nonnative","e30ce930-9753-439b-9aea-6e2c97268482",0.422832980972516,5,"≤ 20 (15-25)","<=",15,25,FALSE,"percent (0-100) individuals - non-native","Rule0",NA,NA,NA,NA,NA,"Main_BarberPool","Main_BarberPool",1,"Main_BarberPool_L5_Rule0_pi_nonnative"
"LBR_Fish_BCG_v1","Main_BarberPool","pi_nonnative","e30ce930-9753-439b-9aea-6e2c97268482",0.422832980972516,3,"≤ 3 (1-5)","<=",1,5,FALSE,"percent (0-100) individuals - non-native","Rule0",NA,NA,NA,NA,NA,"Main_BarberPool","Main_BarberPool",1,"Main_BarberPool_L3_Rule0_pi_nonnative"
"LBR_Fish_BCG_v1","Main_BarberPool","pi_nonnative","e30ce930-9753-439b-9aea-6e2c97268482",0.422832980972516,4,"≤ 10 (5-15)","<=",5,15,FALSE,"percent (0-100) individuals - non-native","Rule0","SMALL2","second worst",NA,NA,NA,"Main_BarberPool","Main_BarberPool",1,"Main_BarberPool_L4_Rule0_pi_nonnative"
"LBR_Fish_BCG_v1","Main_BarberPool","pi_nonnative","e30ce930-9753-439b-9aea-6e2c97268482",0.422832980972516,2,"< 0.1 (0-0.1)","<",0,0.1,FALSE,"percent (0-100) individuals - non-native","Rule0",NA,NA,NA,NA,NA,"Main_BarberPool","Main_BarberPool",0,"Main_BarberPool_L2_Rule0_pi_nonnative"
"LBR_Fish_BCG_v1","Main_BarberPool","pi_ti_cold","92861508-db6f-4890-b2ca-183041768c91",87.7016129032258,3,"≥ 40 (35-45)",">=",35,45,TRUE,"percent (0-100) individuals - cold","Rule0",NA,NA,NA,NA,NA,"Main_BarberPool","Main_BarberPool",1,"Main_BarberPool_L3_Rule0_pi_ti_cold"
"LBR_Fish_BCG_v1","Main_BarberPool","pi_ti_cold","92861508-db6f-4890-b2ca-183041768c91",87.7016129032258,2,"≥ 50 (45-55)",">=",45,55,TRUE,"percent (0-100) individuals - cold","Rule0",NA,NA,NA,NA,NA,"Main_BarberPool","Main_BarberPool",1,"Main_BarberPool_L2_Rule0_pi_ti_cold"
"LBR_Fish_BCG_v1","Main_BarberPool","pi_ti_cold","92861508-db6f-4890-b2ca-183041768c91",87.7016129032258,4,"≥ 25 (20-30)",">=",20,30,TRUE,"percent (0-100) individuals - cold","Rule0","SMALL2","second worst",NA,NA,NA,"Main_BarberPool","Main_BarberPool",1,"Main_BarberPool_L4_Rule0_pi_ti_cold"
"LBR_Fish_BCG_v1","Main_BarberPool","pi_ti_cold","e30ce930-9753-439b-9aea-6e2c97268482",93.8689217758985,3,"≥ 40 (35-45)",">=",35,45,TRUE,"percent (0-100) individuals - cold","Rule0",NA,NA,NA,NA,NA,"Main_BarberPool","Main_BarberPool",1,"Main_BarberPool_L3_Rule0_pi_ti_cold"
"LBR_Fish_BCG_v1","Main_BarberPool","pi_ti_cold","e30ce930-9753-439b-9aea-6e2c97268482",93.8689217758985,2,"≥ 50 (45-55)",">=",45,55,TRUE,"percent (0-100) individuals - cold","Rule0",NA,NA,NA,NA,NA,"Main_BarberPool","Main_BarberPool",1,"Main_BarberPool_L2_Rule0_pi_ti_cold"
"LBR_Fish_BCG_v1","Main_BarberPool","pi_ti_cold","e30ce930-9753-439b-9aea-6e2c97268482",93.8689217758985,4,"≥ 25 (20-30)",">=",20,30,TRUE,"percent (0-100) individuals - cold","Rule0","SMALL2","second worst",NA,NA,NA,"Main_BarberPool","Main_BarberPool",1,"Main_BarberPool_L4_Rule0_pi_ti_cold"
"LBR_Fish_BCG_v1","Main_BarberPool","x_Obs_CatoRhin","92861508-db6f-4890-b2ca-183041768c91",2,3,"> 1 (0.5-2)",">",0.5,2,TRUE,"presence of suckers and/or dace (2=both present)","Rule0",NA,NA,NA,NA,NA,"Main_BarberPool","Main_BarberPool",1,"Main_BarberPool_L3_Rule0_x_Obs_CatoRhin"
"LBR_Fish_BCG_v1","Main_BarberPool","x_Obs_CatoRhin","92861508-db6f-4890-b2ca-183041768c91",2,2,"> 1 (1-2)",">",1,2,TRUE,"presence of suckers and/or dace (2=both present)","Rule0",NA,NA,NA,NA,NA,"Main_BarberPool","Main_BarberPool",1,"Main_BarberPool_L2_Rule0_x_Obs_CatoRhin"
"LBR_Fish_BCG_v1","Main_BarberPool","x_Obs_CatoRhin","e30ce930-9753-439b-9aea-6e2c97268482",2,3,"> 1 (0.5-2)",">",0.5,2,TRUE,"presence of suckers and/or dace (2=both present)","Rule0",NA,NA,NA,NA,NA,"Main_BarberPool","Main_BarberPool",1,"Main_BarberPool_L3_Rule0_x_Obs_CatoRhin"
"LBR_Fish_BCG_v1","Main_BarberPool","x_Obs_CatoRhin","e30ce930-9753-439b-9aea-6e2c97268482",2,2,"> 1 (1-2)",">",1,2,TRUE,"presence of suckers and/or dace (2=both present)","Rule0",NA,NA,NA,NA,NA,"Main_BarberPool","Main_BarberPool",1,"Main_BarberPool_L2_Rule0_x_Obs_CatoRhin"
"LBR_Fish_BCG_v1","Main_Eckert","d_ac_yoy_Cott","d4f42475-7110-4ef6-bc63-33b82f0712cf",1,2,"> 0 (0-1)",">",0,1,TRUE,"detection - young of year (age class 1 or 2) - Family COTTIDAE","Rule0",NA,NA,NA,NA,NA,"Main_Eckert","Main_Eckert",1,"Main_Eckert_L2_Rule0_d_ac_yoy_Cott"
"LBR_Fish_BCG_v1","Main_Eckert","d_ac_yoy_Cott","d4f42475-7110-4ef6-bc63-33b82f0712cf",1,3,"> 0 (0-1)",">",0,1,TRUE,"presence of young of year sculpin","Rule0",NA,NA,NA,NA,NA,"Main_Eckert","Main_Eckert",1,"Main_Eckert_L3_Rule0_d_ac_yoy_Cott"
"LBR_Fish_BCG_v1","Main_Eckert","d_ac_yoy_Cott","d4f42475-7110-4ef6-bc63-33b82f0712cf",1,3,"> 0 (0-1)",">",0,1,TRUE,"detection - young of year (age class 1 or 2) - Family COTTIDAE","Rule0",NA,NA,NA,NA,NA,"Main_Eckert","Main_Eckert",1,"Main_Eckert_L3_Rule0_d_ac_yoy_Cott"
"LBR_Fish_BCG_v1","Main_Eckert","d_ac_yoy_Cott","d4f42475-7110-4ef6-bc63-33b82f0712cf",1,2,"> 0 (0-1)",">",0,1,TRUE,"presence of young of year sculpin","Rule0",NA,NA,NA,NA,NA,"Main_Eckert","Main_Eckert",1,"Main_Eckert_L2_Rule0_d_ac_yoy_Cott"
"LBR_Fish_BCG_v1","Main_Eckert","d_ac_yoy_Cott","d4f42475-7110-4ef6-bc63-33b82f0712cf",1,4,"> 0 (0-1)",">",0,1,TRUE,"young of year sculpin (1=present)","Rule0",NA,NA,NA,NA,NA,"Main_Eckert","Main_Eckert",1,"Main_Eckert_L4_Rule0_d_ac_yoy_Cott"
"LBR_Fish_BCG_v1","Main_Eckert","d_ac_yoy_Cott","BREck2017",1,2,"> 0 (0-1)",">",0,1,TRUE,"detection - young of year (age class 1 or 2) - Family COTTIDAE","Rule0",NA,NA,NA,NA,NA,"Main_Eckert","Main_Eckert",1,"Main_Eckert_L2_Rule0_d_ac_yoy_Cott"
"LBR_Fish_BCG_v1","Main_Eckert","d_ac_yoy_Cott","BREck2017",1,3,"> 0 (0-1)",">",0,1,TRUE,"presence of young of year sculpin","Rule0",NA,NA,NA,NA,NA,"Main_Eckert","Main_Eckert",1,"Main_Eckert_L3_Rule0_d_ac_yoy_Cott"
"LBR_Fish_BCG_v1","Main_Eckert","d_ac_yoy_Cott","BREck2017",1,3,"> 0 (0-1)",">",0,1,TRUE,"detection - young of year (age class 1 or 2) - Family COTTIDAE","Rule0",NA,NA,NA,NA,NA,"Main_Eckert","Main_Eckert",1,"Main_Eckert_L3_Rule0_d_ac_yoy_Cott"
"LBR_Fish_BCG_v1","Main_Eckert","d_ac_yoy_Cott","BREck2017",1,2,"> 0 (0-1)",">",0,1,TRUE,"presence of young of year sculpin","Rule0",NA,NA,NA,NA,NA,"Main_Eckert","Main_Eckert",1,"Main_Eckert_L2_Rule0_d_ac_yoy_Cott"
"LBR_Fish_BCG_v1","Main_Eckert","d_ac_yoy_Cott","BREck2017",1,4,"> 0 (0-1)",">",0,1,TRUE,"young of year sculpin (1=present)","Rule0",NA,NA,NA,NA,NA,"Main_Eckert","Main_Eckert",1,"Main_Eckert_L4_Rule0_d_ac_yoy_Cott"
"LBR_Fish_BCG_v1","Main_Eckert","d_ac_yoy_Cott","BREck2014",1,2,"> 0 (0-1)",">",0,1,TRUE,"detection - young of year (age class 1 or 2) - Family COTTIDAE","Rule0",NA,NA,NA,NA,NA,"Main_Eckert","Main_Eckert",1,"Main_Eckert_L2_Rule0_d_ac_yoy_Cott"
"LBR_Fish_BCG_v1","Main_Eckert","d_ac_yoy_Cott","BREck2014",1,3,"> 0 (0-1)",">",0,1,TRUE,"presence of young of year sculpin","Rule0",NA,NA,NA,NA,NA,"Main_Eckert","Main_Eckert",1,"Main_Eckert_L3_Rule0_d_ac_yoy_Cott"
"LBR_Fish_BCG_v1","Main_Eckert","d_ac_yoy_Cott","BREck2014",1,3,"> 0 (0-1)",">",0,1,TRUE,"detection - young of year (age class 1 or 2) - Family COTTIDAE","Rule0",NA,NA,NA,NA,NA,"Main_Eckert","Main_Eckert",1,"Main_Eckert_L3_Rule0_d_ac_yoy_Cott"
"LBR_Fish_BCG_v1","Main_Eckert","d_ac_yoy_Cott","BREck2014",1,2,"> 0 (0-1)",">",0,1,TRUE,"presence of young of year sculpin","Rule0",NA,NA,NA,NA,NA,"Main_Eckert","Main_Eckert",1,"Main_Eckert_L2_Rule0_d_ac_yoy_Cott"
"LBR_Fish_BCG_v1","Main_Eckert","d_ac_yoy_Cott","BREck2014",1,4,"> 0 (0-1)",">",0,1,TRUE,"young of year sculpin (1=present)","Rule0",NA,NA,NA,NA,NA,"Main_Eckert","Main_Eckert",1,"Main_Eckert_L4_Rule0_d_ac_yoy_Cott"
"LBR_Fish_BCG_v1","Main_Eckert","d_ac_yoy_Cott","BREck2005",1,2,"> 0 (0-1)",">",0,1,TRUE,"detection - young of year (age class 1 or 2) - Family COTTIDAE","Rule0",NA,NA,NA,NA,NA,"Main_Eckert","Main_Eckert",1,"Main_Eckert_L2_Rule0_d_ac_yoy_Cott"
"LBR_Fish_BCG_v1","Main_Eckert","d_ac_yoy_Cott","BREck2005",1,3,"> 0 (0-1)",">",0,1,TRUE,"presence of young of year sculpin","Rule0",NA,NA,NA,NA,NA,"Main_Eckert","Main_Eckert",1,"Main_Eckert_L3_Rule0_d_ac_yoy_Cott"
"LBR_Fish_BCG_v1","Main_Eckert","d_ac_yoy_Cott","BREck2005",1,3,"> 0 (0-1)",">",0,1,TRUE,"detection - young of year (age class 1 or 2) - Family COTTIDAE","Rule0",NA,NA,NA,NA,NA,"Main_Eckert","Main_Eckert",1,"Main_Eckert_L3_Rule0_d_ac_yoy_Cott"
"LBR_Fish_BCG_v1","Main_Eckert","d_ac_yoy_Cott","BREck2005",1,2,"> 0 (0-1)",">",0,1,TRUE,"presence of young of year sculpin","Rule0",NA,NA,NA,NA,NA,"Main_Eckert","Main_Eckert",1,"Main_Eckert_L2_Rule0_d_ac_yoy_Cott"
"LBR_Fish_BCG_v1","Main_Eckert","d_ac_yoy_Cott","BREck2005",1,4,"> 0 (0-1)",">",0,1,TRUE,"young of year sculpin (1=present)","Rule0",NA,NA,NA,NA,NA,"Main_Eckert","Main_Eckert",1,"Main_Eckert_L4_Rule0_d_ac_yoy_Cott"
"LBR_Fish_BCG_v1","Main_Eckert","d_ac_yoy_Cott","BREck2003",1,2,"> 0 (0-1)",">",0,1,TRUE,"detection - young of year (age class 1 or 2) - Family COTTIDAE","Rule0",NA,NA,NA,NA,NA,"Main_Eckert","Main_Eckert",1,"Main_Eckert_L2_Rule0_d_ac_yoy_Cott"
"LBR_Fish_BCG_v1","Main_Eckert","d_ac_yoy_Cott","BREck2003",1,3,"> 0 (0-1)",">",0,1,TRUE,"presence of young of year sculpin","Rule0",NA,NA,NA,NA,NA,"Main_Eckert","Main_Eckert",1,"Main_Eckert_L3_Rule0_d_ac_yoy_Cott"
"LBR_Fish_BCG_v1","Main_Eckert","d_ac_yoy_Cott","BREck2003",1,3,"> 0 (0-1)",">",0,1,TRUE,"detection - young of year (age class 1 or 2) - Family COTTIDAE","Rule0",NA,NA,NA,NA,NA,"Main_Eckert","Main_Eckert",1,"Main_Eckert_L3_Rule0_d_ac_yoy_Cott"
"LBR_Fish_BCG_v1","Main_Eckert","d_ac_yoy_Cott","BREck2003",1,2,"> 0 (0-1)",">",0,1,TRUE,"presence of young of year sculpin","Rule0",NA,NA,NA,NA,NA,"Main_Eckert","Main_Eckert",1,"Main_Eckert_L2_Rule0_d_ac_yoy_Cott"
"LBR_Fish_BCG_v1","Main_Eckert","d_ac_yoy_Cott","BREck2003",1,4,"> 0 (0-1)",">",0,1,TRUE,"young of year sculpin (1=present)","Rule0",NA,NA,NA,NA,NA,"Main_Eckert","Main_Eckert",1,"Main_Eckert_L4_Rule0_d_ac_yoy_Cott"
"LBR_Fish_BCG_v1","Main_Eckert","d_ac_yoy_Cott","BRLogCrk1996",1,2,"> 0 (0-1)",">",0,1,TRUE,"detection - young of year (age class 1 or 2) - Family COTTIDAE","Rule0",NA,NA,NA,NA,NA,"Main_Eckert","Main_Eckert",1,"Main_Eckert_L2_Rule0_d_ac_yoy_Cott"
"LBR_Fish_BCG_v1","Main_Eckert","d_ac_yoy_Cott","BRLogCrk1996",1,3,"> 0 (0-1)",">",0,1,TRUE,"presence of young of year sculpin","Rule0",NA,NA,NA,NA,NA,"Main_Eckert","Main_Eckert",1,"Main_Eckert_L3_Rule0_d_ac_yoy_Cott"
"LBR_Fish_BCG_v1","Main_Eckert","d_ac_yoy_Cott","BRLogCrk1996",1,3,"> 0 (0-1)",">",0,1,TRUE,"detection - young of year (age class 1 or 2) - Family COTTIDAE","Rule0",NA,NA,NA,NA,NA,"Main_Eckert","Main_Eckert",1,"Main_Eckert_L3_Rule0_d_ac_yoy_Cott"
"LBR_Fish_BCG_v1","Main_Eckert","d_ac_yoy_Cott","BRLogCrk1996",1,2,"> 0 (0-1)",">",0,1,TRUE,"presence of young of year sculpin","Rule0",NA,NA,NA,NA,NA,"Main_Eckert","Main_Eckert",1,"Main_Eckert_L2_Rule0_d_ac_yoy_Cott"
"LBR_Fish_BCG_v1","Main_Eckert","d_ac_yoy_Cott","BRLogCrk1996",1,4,"> 0 (0-1)",">",0,1,TRUE,"young of year sculpin (1=present)","Rule0",NA,NA,NA,NA,NA,"Main_Eckert","Main_Eckert",1,"Main_Eckert_L4_Rule0_d_ac_yoy_Cott"
"LBR_Fish_BCG_v1","Main_Eckert","d_ac_yoy_Cott","BREck2011",1,2,"> 0 (0-1)",">",0,1,TRUE,"detection - young of year (age class 1 or 2) - Family COTTIDAE","Rule0",NA,NA,NA,NA,NA,"Main_Eckert","Main_Eckert",1,"Main_Eckert_L2_Rule0_d_ac_yoy_Cott"
"LBR_Fish_BCG_v1","Main_Eckert","d_ac_yoy_Cott","BREck2011",1,3,"> 0 (0-1)",">",0,1,TRUE,"presence of young of year sculpin","Rule0",NA,NA,NA,NA,NA,"Main_Eckert","Main_Eckert",1,"Main_Eckert_L3_Rule0_d_ac_yoy_Cott"
"LBR_Fish_BCG_v1","Main_Eckert","d_ac_yoy_Cott","BREck2011",1,3,"> 0 (0-1)",">",0,1,TRUE,"detection - young of year (age class 1 or 2) - Family COTTIDAE","Rule0",NA,NA,NA,NA,NA,"Main_Eckert","Main_Eckert",1,"Main_Eckert_L3_Rule0_d_ac_yoy_Cott"
"LBR_Fish_BCG_v1","Main_Eckert","d_ac_yoy_Cott","BREck2011",1,2,"> 0 (0-1)",">",0,1,TRUE,"presence of young of year sculpin","Rule0",NA,NA,NA,NA,NA,"Main_Eckert","Main_Eckert",1,"Main_Eckert_L2_Rule0_d_ac_yoy_Cott"
"LBR_Fish_BCG_v1","Main_Eckert","d_ac_yoy_Cott","BREck2011",1,4,"> 0 (0-1)",">",0,1,TRUE,"young of year sculpin (1=present)","Rule0",NA,NA,NA,NA,NA,"Main_Eckert","Main_Eckert",1,"Main_Eckert_L4_Rule0_d_ac_yoy_Cott"
"LBR_Fish_BCG_v1","Main_Eckert","d_ac_yoy_Cott","09a390a6-3119-4a82-90e0-7a7b43b767e5",1,2,"> 0 (0-1)",">",0,1,TRUE,"detection - young of year (age class 1 or 2) - Family COTTIDAE","Rule0",NA,NA,NA,NA,NA,"Main_Eckert","Main_Eckert",1,"Main_Eckert_L2_Rule0_d_ac_yoy_Cott"
"LBR_Fish_BCG_v1","Main_Eckert","d_ac_yoy_Cott","09a390a6-3119-4a82-90e0-7a7b43b767e5",1,3,"> 0 (0-1)",">",0,1,TRUE,"presence of young of year sculpin","Rule0",NA,NA,NA,NA,NA,"Main_Eckert","Main_Eckert",1,"Main_Eckert_L3_Rule0_d_ac_yoy_Cott"
"LBR_Fish_BCG_v1","Main_Eckert","d_ac_yoy_Cott","09a390a6-3119-4a82-90e0-7a7b43b767e5",1,3,"> 0 (0-1)",">",0,1,TRUE,"detection - young of year (age class 1 or 2) - Family COTTIDAE","Rule0",NA,NA,NA,NA,NA,"Main_Eckert","Main_Eckert",1,"Main_Eckert_L3_Rule0_d_ac_yoy_Cott"
"LBR_Fish_BCG_v1","Main_Eckert","d_ac_yoy_Cott","09a390a6-3119-4a82-90e0-7a7b43b767e5",1,2,"> 0 (0-1)",">",0,1,TRUE,"presence of young of year sculpin","Rule0",NA,NA,NA,NA,NA,"Main_Eckert","Main_Eckert",1,"Main_Eckert_L2_Rule0_d_ac_yoy_Cott"
"LBR_Fish_BCG_v1","Main_Eckert","d_ac_yoy_Cott","09a390a6-3119-4a82-90e0-7a7b43b767e5",1,4,"> 0 (0-1)",">",0,1,TRUE,"young of year sculpin (1=present)","Rule0",NA,NA,NA,NA,NA,"Main_Eckert","Main_Eckert",1,"Main_Eckert_L4_Rule0_d_ac_yoy_Cott"
"LBR_Fish_BCG_v1","Main_Eckert","d_ac_yoy_rbt","BREck2003",1,2,"> 0 (0-1)",">",0,1,TRUE,"detection - young of year (age class 1 or 2) - Rainbow Trout","Rule0",NA,NA,NA,NA,NA,"Main_Eckert","Main_Eckert",1,"Main_Eckert_L2_Rule0_d_ac_yoy_rbt"
"LBR_Fish_BCG_v1","Main_Eckert","d_ac_yoy_rbt","BREck2003",1,3,"> 0 (0-1)",">",0,1,TRUE,"presence of young of year rainbow trout","Rule0",NA,NA,NA,NA,NA,"Main_Eckert","Main_Eckert",1,"Main_Eckert_L3_Rule0_d_ac_yoy_rbt"
"LBR_Fish_BCG_v1","Main_Eckert","d_ac_yoy_rbt","BREck2003",1,4,"> 0 (0-1)",">",0,1,TRUE,"young of year rainbow trout  (1=present)","Rule0",NA,NA,NA,NA,NA,"Main_Eckert","Main_Eckert",1,"Main_Eckert_L4_Rule0_d_ac_yoy_rbt"
"LBR_Fish_BCG_v1","Main_Eckert","d_ac_yoy_rbt","BREck2003",1,3,"> 0 (0-1)",">",0,1,TRUE,"detection - young of year (age class 1 or 2) - Rainbow Trout","Rule0",NA,NA,NA,NA,NA,"Main_Eckert","Main_Eckert",1,"Main_Eckert_L3_Rule0_d_ac_yoy_rbt"
"LBR_Fish_BCG_v1","Main_Eckert","d_ac_yoy_rbt","BREck2003",1,2,"> 0 (0-1)",">",0,1,TRUE,"presence of young of year rainbow trout","Rule0",NA,NA,NA,NA,NA,"Main_Eckert","Main_Eckert",1,"Main_Eckert_L2_Rule0_d_ac_yoy_rbt"
"LBR_Fish_BCG_v1","Main_Eckert","d_ac_yoy_rbt","09a390a6-3119-4a82-90e0-7a7b43b767e5",1,2,"> 0 (0-1)",">",0,1,TRUE,"detection - young of year (age class 1 or 2) - Rainbow Trout","Rule0",NA,NA,NA,NA,NA,"Main_Eckert","Main_Eckert",1,"Main_Eckert_L2_Rule0_d_ac_yoy_rbt"
"LBR_Fish_BCG_v1","Main_Eckert","d_ac_yoy_rbt","09a390a6-3119-4a82-90e0-7a7b43b767e5",1,3,"> 0 (0-1)",">",0,1,TRUE,"presence of young of year rainbow trout","Rule0",NA,NA,NA,NA,NA,"Main_Eckert","Main_Eckert",1,"Main_Eckert_L3_Rule0_d_ac_yoy_rbt"
"LBR_Fish_BCG_v1","Main_Eckert","d_ac_yoy_rbt","09a390a6-3119-4a82-90e0-7a7b43b767e5",1,4,"> 0 (0-1)",">",0,1,TRUE,"young of year rainbow trout  (1=present)","Rule0",NA,NA,NA,NA,NA,"Main_Eckert","Main_Eckert",1,"Main_Eckert_L4_Rule0_d_ac_yoy_rbt"
"LBR_Fish_BCG_v1","Main_Eckert","d_ac_yoy_rbt","09a390a6-3119-4a82-90e0-7a7b43b767e5",1,3,"> 0 (0-1)",">",0,1,TRUE,"detection - young of year (age class 1 or 2) - Rainbow Trout","Rule0",NA,NA,NA,NA,NA,"Main_Eckert","Main_Eckert",1,"Main_Eckert_L3_Rule0_d_ac_yoy_rbt"
"LBR_Fish_BCG_v1","Main_Eckert","d_ac_yoy_rbt","09a390a6-3119-4a82-90e0-7a7b43b767e5",1,2,"> 0 (0-1)",">",0,1,TRUE,"presence of young of year rainbow trout","Rule0",NA,NA,NA,NA,NA,"Main_Eckert","Main_Eckert",1,"Main_Eckert_L2_Rule0_d_ac_yoy_rbt"
"LBR_Fish_BCG_v1","Main_Eckert","d_ac_yoy_rbt","BREck2014",1,2,"> 0 (0-1)",">",0,1,TRUE,"detection - young of year (age class 1 or 2) - Rainbow Trout","Rule0",NA,NA,NA,NA,NA,"Main_Eckert","Main_Eckert",1,"Main_Eckert_L2_Rule0_d_ac_yoy_rbt"
"LBR_Fish_BCG_v1","Main_Eckert","d_ac_yoy_rbt","BREck2014",1,3,"> 0 (0-1)",">",0,1,TRUE,"presence of young of year rainbow trout","Rule0",NA,NA,NA,NA,NA,"Main_Eckert","Main_Eckert",1,"Main_Eckert_L3_Rule0_d_ac_yoy_rbt"
"LBR_Fish_BCG_v1","Main_Eckert","d_ac_yoy_rbt","BREck2014",1,4,"> 0 (0-1)",">",0,1,TRUE,"young of year rainbow trout  (1=present)","Rule0",NA,NA,NA,NA,NA,"Main_Eckert","Main_Eckert",1,"Main_Eckert_L4_Rule0_d_ac_yoy_rbt"
"LBR_Fish_BCG_v1","Main_Eckert","d_ac_yoy_rbt","BREck2014",1,3,"> 0 (0-1)",">",0,1,TRUE,"detection - young of year (age class 1 or 2) - Rainbow Trout","Rule0",NA,NA,NA,NA,NA,"Main_Eckert","Main_Eckert",1,"Main_Eckert_L3_Rule0_d_ac_yoy_rbt"
"LBR_Fish_BCG_v1","Main_Eckert","d_ac_yoy_rbt","BREck2014",1,2,"> 0 (0-1)",">",0,1,TRUE,"presence of young of year rainbow trout","Rule0",NA,NA,NA,NA,NA,"Main_Eckert","Main_Eckert",1,"Main_Eckert_L2_Rule0_d_ac_yoy_rbt"
"LBR_Fish_BCG_v1","Main_Eckert","d_ac_yoy_rbt","d4f42475-7110-4ef6-bc63-33b82f0712cf",1,2,"> 0 (0-1)",">",0,1,TRUE,"detection - young of year (age class 1 or 2) - Rainbow Trout","Rule0",NA,NA,NA,NA,NA,"Main_Eckert","Main_Eckert",1,"Main_Eckert_L2_Rule0_d_ac_yoy_rbt"
"LBR_Fish_BCG_v1","Main_Eckert","d_ac_yoy_rbt","d4f42475-7110-4ef6-bc63-33b82f0712cf",1,3,"> 0 (0-1)",">",0,1,TRUE,"presence of young of year rainbow trout","Rule0",NA,NA,NA,NA,NA,"Main_Eckert","Main_Eckert",1,"Main_Eckert_L3_Rule0_d_ac_yoy_rbt"
"LBR_Fish_BCG_v1","Main_Eckert","d_ac_yoy_rbt","d4f42475-7110-4ef6-bc63-33b82f0712cf",1,4,"> 0 (0-1)",">",0,1,TRUE,"young of year rainbow trout  (1=present)","Rule0",NA,NA,NA,NA,NA,"Main_Eckert","Main_Eckert",1,"Main_Eckert_L4_Rule0_d_ac_yoy_rbt"
"LBR_Fish_BCG_v1","Main_Eckert","d_ac_yoy_rbt","d4f42475-7110-4ef6-bc63-33b82f0712cf",1,3,"> 0 (0-1)",">",0,1,TRUE,"detection - young of year (age class 1 or 2) - Rainbow Trout","Rule0",NA,NA,NA,NA,NA,"Main_Eckert","Main_Eckert",1,"Main_Eckert_L3_Rule0_d_ac_yoy_rbt"
"LBR_Fish_BCG_v1","Main_Eckert","d_ac_yoy_rbt","d4f42475-7110-4ef6-bc63-33b82f0712cf",1,2,"> 0 (0-1)",">",0,1,TRUE,"presence of young of year rainbow trout","Rule0",NA,NA,NA,NA,NA,"Main_Eckert","Main_Eckert",1,"Main_Eckert_L2_Rule0_d_ac_yoy_rbt"
"LBR_Fish_BCG_v1","Main_Eckert","d_ac_yoy_rbt","BREck2011",1,2,"> 0 (0-1)",">",0,1,TRUE,"detection - young of year (age class 1 or 2) - Rainbow Trout","Rule0",NA,NA,NA,NA,NA,"Main_Eckert","Main_Eckert",1,"Main_Eckert_L2_Rule0_d_ac_yoy_rbt"
"LBR_Fish_BCG_v1","Main_Eckert","d_ac_yoy_rbt","BREck2011",1,3,"> 0 (0-1)",">",0,1,TRUE,"presence of young of year rainbow trout","Rule0",NA,NA,NA,NA,NA,"Main_Eckert","Main_Eckert",1,"Main_Eckert_L3_Rule0_d_ac_yoy_rbt"
"LBR_Fish_BCG_v1","Main_Eckert","d_ac_yoy_rbt","BREck2011",1,4,"> 0 (0-1)",">",0,1,TRUE,"young of year rainbow trout  (1=present)","Rule0",NA,NA,NA,NA,NA,"Main_Eckert","Main_Eckert",1,"Main_Eckert_L4_Rule0_d_ac_yoy_rbt"
"LBR_Fish_BCG_v1","Main_Eckert","d_ac_yoy_rbt","BREck2011",1,3,"> 0 (0-1)",">",0,1,TRUE,"detection - young of year (age class 1 or 2) - Rainbow Trout","Rule0",NA,NA,NA,NA,NA,"Main_Eckert","Main_Eckert",1,"Main_Eckert_L3_Rule0_d_ac_yoy_rbt"
"LBR_Fish_BCG_v1","Main_Eckert","d_ac_yoy_rbt","BREck2011",1,2,"> 0 (0-1)",">",0,1,TRUE,"presence of young of year rainbow trout","Rule0",NA,NA,NA,NA,NA,"Main_Eckert","Main_Eckert",1,"Main_Eckert_L2_Rule0_d_ac_yoy_rbt"
"LBR_Fish_BCG_v1","Main_Eckert","d_ac_yoy_rbt","BRLogCrk1996",1,2,"> 0 (0-1)",">",0,1,TRUE,"detection - young of year (age class 1 or 2) - Rainbow Trout","Rule0",NA,NA,NA,NA,NA,"Main_Eckert","Main_Eckert",1,"Main_Eckert_L2_Rule0_d_ac_yoy_rbt"
"LBR_Fish_BCG_v1","Main_Eckert","d_ac_yoy_rbt","BRLogCrk1996",1,3,"> 0 (0-1)",">",0,1,TRUE,"presence of young of year rainbow trout","Rule0",NA,NA,NA,NA,NA,"Main_Eckert","Main_Eckert",1,"Main_Eckert_L3_Rule0_d_ac_yoy_rbt"
"LBR_Fish_BCG_v1","Main_Eckert","d_ac_yoy_rbt","BRLogCrk1996",1,4,"> 0 (0-1)",">",0,1,TRUE,"young of year rainbow trout  (1=present)","Rule0",NA,NA,NA,NA,NA,"Main_Eckert","Main_Eckert",1,"Main_Eckert_L4_Rule0_d_ac_yoy_rbt"
"LBR_Fish_BCG_v1","Main_Eckert","d_ac_yoy_rbt","BRLogCrk1996",1,3,"> 0 (0-1)",">",0,1,TRUE,"detection - young of year (age class 1 or 2) - Rainbow Trout","Rule0",NA,NA,NA,NA,NA,"Main_Eckert","Main_Eckert",1,"Main_Eckert_L3_Rule0_d_ac_yoy_rbt"
"LBR_Fish_BCG_v1","Main_Eckert","d_ac_yoy_rbt","BRLogCrk1996",1,2,"> 0 (0-1)",">",0,1,TRUE,"presence of young of year rainbow trout","Rule0",NA,NA,NA,NA,NA,"Main_Eckert","Main_Eckert",1,"Main_Eckert_L2_Rule0_d_ac_yoy_rbt"
"LBR_Fish_BCG_v1","Main_Eckert","d_ac_yoy_rbt","BREck2017",1,2,"> 0 (0-1)",">",0,1,TRUE,"detection - young of year (age class 1 or 2) - Rainbow Trout","Rule0",NA,NA,NA,NA,NA,"Main_Eckert","Main_Eckert",1,"Main_Eckert_L2_Rule0_d_ac_yoy_rbt"
"LBR_Fish_BCG_v1","Main_Eckert","d_ac_yoy_rbt","BREck2017",1,3,"> 0 (0-1)",">",0,1,TRUE,"presence of young of year rainbow trout","Rule0",NA,NA,NA,NA,NA,"Main_Eckert","Main_Eckert",1,"Main_Eckert_L3_Rule0_d_ac_yoy_rbt"
"LBR_Fish_BCG_v1","Main_Eckert","d_ac_yoy_rbt","BREck2017",1,4,"> 0 (0-1)",">",0,1,TRUE,"young of year rainbow trout  (1=present)","Rule0",NA,NA,NA,NA,NA,"Main_Eckert","Main_Eckert",1,"Main_Eckert_L4_Rule0_d_ac_yoy_rbt"
"LBR_Fish_BCG_v1","Main_Eckert","d_ac_yoy_rbt","BREck2017",1,3,"> 0 (0-1)",">",0,1,TRUE,"detection - young of year (age class 1 or 2) - Rainbow Trout","Rule0",NA,NA,NA,NA,NA,"Main_Eckert","Main_Eckert",1,"Main_Eckert_L3_Rule0_d_ac_yoy_rbt"
"LBR_Fish_BCG_v1","Main_Eckert","d_ac_yoy_rbt","BREck2017",1,2,"> 0 (0-1)",">",0,1,TRUE,"presence of young of year rainbow trout","Rule0",NA,NA,NA,NA,NA,"Main_Eckert","Main_Eckert",1,"Main_Eckert_L2_Rule0_d_ac_yoy_rbt"
"LBR_Fish_BCG_v1","Main_Eckert","d_ac_yoy_rbt","BREck2005",1,2,"> 0 (0-1)",">",0,1,TRUE,"detection - young of year (age class 1 or 2) - Rainbow Trout","Rule0",NA,NA,NA,NA,NA,"Main_Eckert","Main_Eckert",1,"Main_Eckert_L2_Rule0_d_ac_yoy_rbt"
"LBR_Fish_BCG_v1","Main_Eckert","d_ac_yoy_rbt","BREck2005",1,3,"> 0 (0-1)",">",0,1,TRUE,"presence of young of year rainbow trout","Rule0",NA,NA,NA,NA,NA,"Main_Eckert","Main_Eckert",1,"Main_Eckert_L3_Rule0_d_ac_yoy_rbt"
"LBR_Fish_BCG_v1","Main_Eckert","d_ac_yoy_rbt","BREck2005",1,4,"> 0 (0-1)",">",0,1,TRUE,"young of year rainbow trout  (1=present)","Rule0",NA,NA,NA,NA,NA,"Main_Eckert","Main_Eckert",1,"Main_Eckert_L4_Rule0_d_ac_yoy_rbt"
"LBR_Fish_BCG_v1","Main_Eckert","d_ac_yoy_rbt","BREck2005",1,3,"> 0 (0-1)",">",0,1,TRUE,"detection - young of year (age class 1 or 2) - Rainbow Trout","Rule0",NA,NA,NA,NA,NA,"Main_Eckert","Main_Eckert",1,"Main_Eckert_L3_Rule0_d_ac_yoy_rbt"
"LBR_Fish_BCG_v1","Main_Eckert","d_ac_yoy_rbt","BREck2005",1,2,"> 0 (0-1)",">",0,1,TRUE,"presence of young of year rainbow trout","Rule0",NA,NA,NA,NA,NA,"Main_Eckert","Main_Eckert",1,"Main_Eckert_L2_Rule0_d_ac_yoy_rbt"
"LBR_Fish_BCG_v1","Main_Eckert","n_ac_Cott","BREck2011",5,3,"> 2 (1-4)",">",1,4,TRUE,"number of age classes - sculpin","Rule0",NA,NA,NA,NA,NA,"Main_Eckert","Main_Eckert",1,"Main_Eckert_L3_Rule0_n_ac_Cott"
"LBR_Fish_BCG_v1","Main_Eckert","n_ac_Cott","BREck2011",5,4,"> 1 (0.5-2)",">",0.5,2,TRUE,"number of age classes - Family COTTIDAE","Rule0",NA,NA,NA,NA,NA,"Main_Eckert","Main_Eckert",1,"Main_Eckert_L4_Rule0_n_ac_Cott"
"LBR_Fish_BCG_v1","Main_Eckert","n_ac_Cott","BREck2011",5,3,"> 2 (2-3.5)",">",2,3.5,TRUE,"number of age classes - Family COTTIDAE","Rule0",NA,NA,NA,NA,NA,"Main_Eckert","Main_Eckert",1,"Main_Eckert_L3_Rule0_n_ac_Cott"
"LBR_Fish_BCG_v1","Main_Eckert","n_ac_Cott","BREck2011",5,2,"> 4 (3.5-5)",">",3.5,5,TRUE,"number of age classes - Family COTTIDAE","Rule0",NA,NA,NA,NA,NA,"Main_Eckert","Main_Eckert",1,"Main_Eckert_L2_Rule0_n_ac_Cott"
"LBR_Fish_BCG_v1","Main_Eckert","n_ac_Cott","BREck2011",5,2,"≥ 5 (4-6)",">=",4,6,TRUE,"number of age classes - sculpin","Rule0",NA,NA,NA,NA,NA,"Main_Eckert","Main_Eckert",0.5,"Main_Eckert_L2_Rule0_n_ac_Cott"
"LBR_Fish_BCG_v1","Main_Eckert","n_ac_Cott","BREck2017",4,3,"> 2 (1-4)",">",1,4,TRUE,"number of age classes - sculpin","Rule0",NA,NA,NA,NA,NA,"Main_Eckert","Main_Eckert",1,"Main_Eckert_L3_Rule0_n_ac_Cott"
"LBR_Fish_BCG_v1","Main_Eckert","n_ac_Cott","BREck2017",4,4,"> 1 (0.5-2)",">",0.5,2,TRUE,"number of age classes - Family COTTIDAE","Rule0",NA,NA,NA,NA,NA,"Main_Eckert","Main_Eckert",1,"Main_Eckert_L4_Rule0_n_ac_Cott"
"LBR_Fish_BCG_v1","Main_Eckert","n_ac_Cott","BREck2017",4,3,"> 2 (2-3.5)",">",2,3.5,TRUE,"number of age classes - Family COTTIDAE","Rule0",NA,NA,NA,NA,NA,"Main_Eckert","Main_Eckert",1,"Main_Eckert_L3_Rule0_n_ac_Cott"
"LBR_Fish_BCG_v1","Main_Eckert","n_ac_Cott","BREck2017",4,2,"> 4 (3.5-5)",">",3.5,5,TRUE,"number of age classes - Family COTTIDAE","Rule0",NA,NA,NA,NA,NA,"Main_Eckert","Main_Eckert",0.333333333333333,"Main_Eckert_L2_Rule0_n_ac_Cott"
"LBR_Fish_BCG_v1","Main_Eckert","n_ac_Cott","BREck2017",4,2,"≥ 5 (4-6)",">=",4,6,TRUE,"number of age classes - sculpin","Rule0",NA,NA,NA,NA,NA,"Main_Eckert","Main_Eckert",0,"Main_Eckert_L2_Rule0_n_ac_Cott"
"LBR_Fish_BCG_v1","Main_Eckert","n_ac_Cott","BREck2005",3,3,"> 2 (1-4)",">",1,4,TRUE,"number of age classes - sculpin","Rule0",NA,NA,NA,NA,NA,"Main_Eckert","Main_Eckert",0.666666666666667,"Main_Eckert_L3_Rule0_n_ac_Cott"
"LBR_Fish_BCG_v1","Main_Eckert","n_ac_Cott","BREck2005",3,4,"> 1 (0.5-2)",">",0.5,2,TRUE,"number of age classes - Family COTTIDAE","Rule0",NA,NA,NA,NA,NA,"Main_Eckert","Main_Eckert",1,"Main_Eckert_L4_Rule0_n_ac_Cott"
"LBR_Fish_BCG_v1","Main_Eckert","n_ac_Cott","BREck2005",3,3,"> 2 (2-3.5)",">",2,3.5,TRUE,"number of age classes - Family COTTIDAE","Rule0",NA,NA,NA,NA,NA,"Main_Eckert","Main_Eckert",0.666666666666667,"Main_Eckert_L3_Rule0_n_ac_Cott"
"LBR_Fish_BCG_v1","Main_Eckert","n_ac_Cott","BREck2005",3,2,"> 4 (3.5-5)",">",3.5,5,TRUE,"number of age classes - Family COTTIDAE","Rule0",NA,NA,NA,NA,NA,"Main_Eckert","Main_Eckert",0,"Main_Eckert_L2_Rule0_n_ac_Cott"
"LBR_Fish_BCG_v1","Main_Eckert","n_ac_Cott","BREck2005",3,2,"≥ 5 (4-6)",">=",4,6,TRUE,"number of age classes - sculpin","Rule0",NA,NA,NA,NA,NA,"Main_Eckert","Main_Eckert",0,"Main_Eckert_L2_Rule0_n_ac_Cott"
"LBR_Fish_BCG_v1","Main_Eckert","n_ac_Cott","BRLogCrk1996",1,3,"> 2 (1-4)",">",1,4,TRUE,"number of age classes - sculpin","Rule0",NA,NA,NA,NA,NA,"Main_Eckert","Main_Eckert",0,"Main_Eckert_L3_Rule0_n_ac_Cott"
"LBR_Fish_BCG_v1","Main_Eckert","n_ac_Cott","BRLogCrk1996",1,4,"> 1 (0.5-2)",">",0.5,2,TRUE,"number of age classes - Family COTTIDAE","Rule0",NA,NA,NA,NA,NA,"Main_Eckert","Main_Eckert",0.333333333333333,"Main_Eckert_L4_Rule0_n_ac_Cott"
"LBR_Fish_BCG_v1","Main_Eckert","n_ac_Cott","BRLogCrk1996",1,3,"> 2 (2-3.5)",">",2,3.5,TRUE,"number of age classes - Family COTTIDAE","Rule0",NA,NA,NA,NA,NA,"Main_Eckert","Main_Eckert",0,"Main_Eckert_L3_Rule0_n_ac_Cott"
"LBR_Fish_BCG_v1","Main_Eckert","n_ac_Cott","BRLogCrk1996",1,2,"> 4 (3.5-5)",">",3.5,5,TRUE,"number of age classes - Family COTTIDAE","Rule0",NA,NA,NA,NA,NA,"Main_Eckert","Main_Eckert",0,"Main_Eckert_L2_Rule0_n_ac_Cott"
"LBR_Fish_BCG_v1","Main_Eckert","n_ac_Cott","BRLogCrk1996",1,2,"≥ 5 (4-6)",">=",4,6,TRUE,"number of age classes - sculpin","Rule0",NA,NA,NA,NA,NA,"Main_Eckert","Main_Eckert",0,"Main_Eckert_L2_Rule0_n_ac_Cott"
"LBR_Fish_BCG_v1","Main_Eckert","n_ac_Cott","BREck2003",5,3,"> 2 (1-4)",">",1,4,TRUE,"number of age classes - sculpin","Rule0",NA,NA,NA,NA,NA,"Main_Eckert","Main_Eckert",1,"Main_Eckert_L3_Rule0_n_ac_Cott"
"LBR_Fish_BCG_v1","Main_Eckert","n_ac_Cott","BREck2003",5,4,"> 1 (0.5-2)",">",0.5,2,TRUE,"number of age classes - Family COTTIDAE","Rule0",NA,NA,NA,NA,NA,"Main_Eckert","Main_Eckert",1,"Main_Eckert_L4_Rule0_n_ac_Cott"
"LBR_Fish_BCG_v1","Main_Eckert","n_ac_Cott","BREck2003",5,3,"> 2 (2-3.5)",">",2,3.5,TRUE,"number of age classes - Family COTTIDAE","Rule0",NA,NA,NA,NA,NA,"Main_Eckert","Main_Eckert",1,"Main_Eckert_L3_Rule0_n_ac_Cott"
"LBR_Fish_BCG_v1","Main_Eckert","n_ac_Cott","BREck2003",5,2,"> 4 (3.5-5)",">",3.5,5,TRUE,"number of age classes - Family COTTIDAE","Rule0",NA,NA,NA,NA,NA,"Main_Eckert","Main_Eckert",1,"Main_Eckert_L2_Rule0_n_ac_Cott"
"LBR_Fish_BCG_v1","Main_Eckert","n_ac_Cott","BREck2003",5,2,"≥ 5 (4-6)",">=",4,6,TRUE,"number of age classes - sculpin","Rule0",NA,NA,NA,NA,NA,"Main_Eckert","Main_Eckert",0.5,"Main_Eckert_L2_Rule0_n_ac_Cott"
"LBR_Fish_BCG_v1","Main_Eckert","n_ac_Cott","d4f42475-7110-4ef6-bc63-33b82f0712cf",3,3,"> 2 (1-4)",">",1,4,TRUE,"number of age classes - sculpin","Rule0",NA,NA,NA,NA,NA,"Main_Eckert","Main_Eckert",0.666666666666667,"Main_Eckert_L3_Rule0_n_ac_Cott"
"LBR_Fish_BCG_v1","Main_Eckert","n_ac_Cott","d4f42475-7110-4ef6-bc63-33b82f0712cf",3,4,"> 1 (0.5-2)",">",0.5,2,TRUE,"number of age classes - Family COTTIDAE","Rule0",NA,NA,NA,NA,NA,"Main_Eckert","Main_Eckert",1,"Main_Eckert_L4_Rule0_n_ac_Cott"
"LBR_Fish_BCG_v1","Main_Eckert","n_ac_Cott","d4f42475-7110-4ef6-bc63-33b82f0712cf",3,3,"> 2 (2-3.5)",">",2,3.5,TRUE,"number of age classes - Family COTTIDAE","Rule0",NA,NA,NA,NA,NA,"Main_Eckert","Main_Eckert",0.666666666666667,"Main_Eckert_L3_Rule0_n_ac_Cott"
"LBR_Fish_BCG_v1","Main_Eckert","n_ac_Cott","d4f42475-7110-4ef6-bc63-33b82f0712cf",3,2,"> 4 (3.5-5)",">",3.5,5,TRUE,"number of age classes - Family COTTIDAE","Rule0",NA,NA,NA,NA,NA,"Main_Eckert","Main_Eckert",0,"Main_Eckert_L2_Rule0_n_ac_Cott"
"LBR_Fish_BCG_v1","Main_Eckert","n_ac_Cott","d4f42475-7110-4ef6-bc63-33b82f0712cf",3,2,"≥ 5 (4-6)",">=",4,6,TRUE,"number of age classes - sculpin","Rule0",NA,NA,NA,NA,NA,"Main_Eckert","Main_Eckert",0,"Main_Eckert_L2_Rule0_n_ac_Cott"
"LBR_Fish_BCG_v1","Main_Eckert","n_ac_Cott","BREck2014",4,3,"> 2 (1-4)",">",1,4,TRUE,"number of age classes - sculpin","Rule0",NA,NA,NA,NA,NA,"Main_Eckert","Main_Eckert",1,"Main_Eckert_L3_Rule0_n_ac_Cott"
"LBR_Fish_BCG_v1","Main_Eckert","n_ac_Cott","BREck2014",4,4,"> 1 (0.5-2)",">",0.5,2,TRUE,"number of age classes - Family COTTIDAE","Rule0",NA,NA,NA,NA,NA,"Main_Eckert","Main_Eckert",1,"Main_Eckert_L4_Rule0_n_ac_Cott"
"LBR_Fish_BCG_v1","Main_Eckert","n_ac_Cott","BREck2014",4,3,"> 2 (2-3.5)",">",2,3.5,TRUE,"number of age classes - Family COTTIDAE","Rule0",NA,NA,NA,NA,NA,"Main_Eckert","Main_Eckert",1,"Main_Eckert_L3_Rule0_n_ac_Cott"
"LBR_Fish_BCG_v1","Main_Eckert","n_ac_Cott","BREck2014",4,2,"> 4 (3.5-5)",">",3.5,5,TRUE,"number of age classes - Family COTTIDAE","Rule0",NA,NA,NA,NA,NA,"Main_Eckert","Main_Eckert",0.333333333333333,"Main_Eckert_L2_Rule0_n_ac_Cott"
"LBR_Fish_BCG_v1","Main_Eckert","n_ac_Cott","BREck2014",4,2,"≥ 5 (4-6)",">=",4,6,TRUE,"number of age classes - sculpin","Rule0",NA,NA,NA,NA,NA,"Main_Eckert","Main_Eckert",0,"Main_Eckert_L2_Rule0_n_ac_Cott"
"LBR_Fish_BCG_v1","Main_Eckert","n_ac_Cott","09a390a6-3119-4a82-90e0-7a7b43b767e5",4,3,"> 2 (1-4)",">",1,4,TRUE,"number of age classes - sculpin","Rule0",NA,NA,NA,NA,NA,"Main_Eckert","Main_Eckert",1,"Main_Eckert_L3_Rule0_n_ac_Cott"
"LBR_Fish_BCG_v1","Main_Eckert","n_ac_Cott","09a390a6-3119-4a82-90e0-7a7b43b767e5",4,4,"> 1 (0.5-2)",">",0.5,2,TRUE,"number of age classes - Family COTTIDAE","Rule0",NA,NA,NA,NA,NA,"Main_Eckert","Main_Eckert",1,"Main_Eckert_L4_Rule0_n_ac_Cott"
"LBR_Fish_BCG_v1","Main_Eckert","n_ac_Cott","09a390a6-3119-4a82-90e0-7a7b43b767e5",4,3,"> 2 (2-3.5)",">",2,3.5,TRUE,"number of age classes - Family COTTIDAE","Rule0",NA,NA,NA,NA,NA,"Main_Eckert","Main_Eckert",1,"Main_Eckert_L3_Rule0_n_ac_Cott"
"LBR_Fish_BCG_v1","Main_Eckert","n_ac_Cott","09a390a6-3119-4a82-90e0-7a7b43b767e5",4,2,"> 4 (3.5-5)",">",3.5,5,TRUE,"number of age classes - Family COTTIDAE","Rule0",NA,NA,NA,NA,NA,"Main_Eckert","Main_Eckert",0.333333333333333,"Main_Eckert_L2_Rule0_n_ac_Cott"
"LBR_Fish_BCG_v1","Main_Eckert","n_ac_Cott","09a390a6-3119-4a82-90e0-7a7b43b767e5",4,2,"≥ 5 (4-6)",">=",4,6,TRUE,"number of age classes - sculpin","Rule0",NA,NA,NA,NA,NA,"Main_Eckert","Main_Eckert",0,"Main_Eckert_L2_Rule0_n_ac_Cott"
"LBR_Fish_BCG_v1","Main_Eckert","n_ac_rbt","d4f42475-7110-4ef6-bc63-33b82f0712cf",5,2,"> 5 (4.5-6)",">",4.5,6,TRUE,"number of age classes - Rainbow Trout","Rule0",NA,NA,NA,NA,NA,"Main_Eckert","Main_Eckert",0.333333333333333,"Main_Eckert_L2_Rule0_n_ac_rbt"
"LBR_Fish_BCG_v1","Main_Eckert","n_ac_rbt","d4f42475-7110-4ef6-bc63-33b82f0712cf",5,2,"≥ 5 (4-6)",">=",4,6,TRUE,"number of age classes - rainbow trout","Rule0",NA,NA,NA,NA,NA,"Main_Eckert","Main_Eckert",0.5,"Main_Eckert_L2_Rule0_n_ac_rbt"
"LBR_Fish_BCG_v1","Main_Eckert","n_ac_rbt","d4f42475-7110-4ef6-bc63-33b82f0712cf",5,3,"> 3 (2-5)",">",2,5,TRUE,"number of age classes - rainbow trout","Rule0",NA,NA,NA,NA,NA,"Main_Eckert","Main_Eckert",1,"Main_Eckert_L3_Rule0_n_ac_rbt"
"LBR_Fish_BCG_v1","Main_Eckert","n_ac_rbt","d4f42475-7110-4ef6-bc63-33b82f0712cf",5,4,"> 1 (0.5-2)",">",0.5,2,TRUE,"number of age classes - Rainbow Trout","Rule0",NA,NA,NA,NA,NA,"Main_Eckert","Main_Eckert",1,"Main_Eckert_L4_Rule0_n_ac_rbt"
"LBR_Fish_BCG_v1","Main_Eckert","n_ac_rbt","d4f42475-7110-4ef6-bc63-33b82f0712cf",5,3,"> 3 (2.5-4.5)",">",2.5,4.5,TRUE,"number of age classes - Rainbow Trout","Rule0",NA,NA,NA,NA,NA,"Main_Eckert","Main_Eckert",1,"Main_Eckert_L3_Rule0_n_ac_rbt"
"LBR_Fish_BCG_v1","Main_Eckert","n_ac_rbt","BREck2005",5,2,"> 5 (4.5-6)",">",4.5,6,TRUE,"number of age classes - Rainbow Trout","Rule0",NA,NA,NA,NA,NA,"Main_Eckert","Main_Eckert",0.333333333333333,"Main_Eckert_L2_Rule0_n_ac_rbt"
"LBR_Fish_BCG_v1","Main_Eckert","n_ac_rbt","BREck2005",5,2,"≥ 5 (4-6)",">=",4,6,TRUE,"number of age classes - rainbow trout","Rule0",NA,NA,NA,NA,NA,"Main_Eckert","Main_Eckert",0.5,"Main_Eckert_L2_Rule0_n_ac_rbt"
"LBR_Fish_BCG_v1","Main_Eckert","n_ac_rbt","BREck2005",5,3,"> 3 (2-5)",">",2,5,TRUE,"number of age classes - rainbow trout","Rule0",NA,NA,NA,NA,NA,"Main_Eckert","Main_Eckert",1,"Main_Eckert_L3_Rule0_n_ac_rbt"
"LBR_Fish_BCG_v1","Main_Eckert","n_ac_rbt","BREck2005",5,4,"> 1 (0.5-2)",">",0.5,2,TRUE,"number of age classes - Rainbow Trout","Rule0",NA,NA,NA,NA,NA,"Main_Eckert","Main_Eckert",1,"Main_Eckert_L4_Rule0_n_ac_rbt"
"LBR_Fish_BCG_v1","Main_Eckert","n_ac_rbt","BREck2005",5,3,"> 3 (2.5-4.5)",">",2.5,4.5,TRUE,"number of age classes - Rainbow Trout","Rule0",NA,NA,NA,NA,NA,"Main_Eckert","Main_Eckert",1,"Main_Eckert_L3_Rule0_n_ac_rbt"
"LBR_Fish_BCG_v1","Main_Eckert","n_ac_rbt","09a390a6-3119-4a82-90e0-7a7b43b767e5",4,2,"> 5 (4.5-6)",">",4.5,6,TRUE,"number of age classes - Rainbow Trout","Rule0",NA,NA,NA,NA,NA,"Main_Eckert","Main_Eckert",0,"Main_Eckert_L2_Rule0_n_ac_rbt"
"LBR_Fish_BCG_v1","Main_Eckert","n_ac_rbt","09a390a6-3119-4a82-90e0-7a7b43b767e5",4,2,"≥ 5 (4-6)",">=",4,6,TRUE,"number of age classes - rainbow trout","Rule0",NA,NA,NA,NA,NA,"Main_Eckert","Main_Eckert",0,"Main_Eckert_L2_Rule0_n_ac_rbt"
"LBR_Fish_BCG_v1","Main_Eckert","n_ac_rbt","09a390a6-3119-4a82-90e0-7a7b43b767e5",4,3,"> 3 (2-5)",">",2,5,TRUE,"number of age classes - rainbow trout","Rule0",NA,NA,NA,NA,NA,"Main_Eckert","Main_Eckert",0.666666666666667,"Main_Eckert_L3_Rule0_n_ac_rbt"
"LBR_Fish_BCG_v1","Main_Eckert","n_ac_rbt","09a390a6-3119-4a82-90e0-7a7b43b767e5",4,4,"> 1 (0.5-2)",">",0.5,2,TRUE,"number of age classes - Rainbow Trout","Rule0",NA,NA,NA,NA,NA,"Main_Eckert","Main_Eckert",1,"Main_Eckert_L4_Rule0_n_ac_rbt"
"LBR_Fish_BCG_v1","Main_Eckert","n_ac_rbt","09a390a6-3119-4a82-90e0-7a7b43b767e5",4,3,"> 3 (2.5-4.5)",">",2.5,4.5,TRUE,"number of age classes - Rainbow Trout","Rule0",NA,NA,NA,NA,NA,"Main_Eckert","Main_Eckert",0.75,"Main_Eckert_L3_Rule0_n_ac_rbt"
"LBR_Fish_BCG_v1","Main_Eckert","n_ac_rbt","BREck2011",5,2,"> 5 (4.5-6)",">",4.5,6,TRUE,"number of age classes - Rainbow Trout","Rule0",NA,NA,NA,NA,NA,"Main_Eckert","Main_Eckert",0.333333333333333,"Main_Eckert_L2_Rule0_n_ac_rbt"
"LBR_Fish_BCG_v1","Main_Eckert","n_ac_rbt","BREck2011",5,2,"≥ 5 (4-6)",">=",4,6,TRUE,"number of age classes - rainbow trout","Rule0",NA,NA,NA,NA,NA,"Main_Eckert","Main_Eckert",0.5,"Main_Eckert_L2_Rule0_n_ac_rbt"
"LBR_Fish_BCG_v1","Main_Eckert","n_ac_rbt","BREck2011",5,3,"> 3 (2-5)",">",2,5,TRUE,"number of age classes - rainbow trout","Rule0",NA,NA,NA,NA,NA,"Main_Eckert","Main_Eckert",1,"Main_Eckert_L3_Rule0_n_ac_rbt"
"LBR_Fish_BCG_v1","Main_Eckert","n_ac_rbt","BREck2011",5,4,"> 1 (0.5-2)",">",0.5,2,TRUE,"number of age classes - Rainbow Trout","Rule0",NA,NA,NA,NA,NA,"Main_Eckert","Main_Eckert",1,"Main_Eckert_L4_Rule0_n_ac_rbt"
"LBR_Fish_BCG_v1","Main_Eckert","n_ac_rbt","BREck2011",5,3,"> 3 (2.5-4.5)",">",2.5,4.5,TRUE,"number of age classes - Rainbow Trout","Rule0",NA,NA,NA,NA,NA,"Main_Eckert","Main_Eckert",1,"Main_Eckert_L3_Rule0_n_ac_rbt"
"LBR_Fish_BCG_v1","Main_Eckert","n_ac_rbt","BREck2014",6,2,"> 5 (4.5-6)",">",4.5,6,TRUE,"number of age classes - Rainbow Trout","Rule0",NA,NA,NA,NA,NA,"Main_Eckert","Main_Eckert",1,"Main_Eckert_L2_Rule0_n_ac_rbt"
"LBR_Fish_BCG_v1","Main_Eckert","n_ac_rbt","BREck2014",6,2,"≥ 5 (4-6)",">=",4,6,TRUE,"number of age classes - rainbow trout","Rule0",NA,NA,NA,NA,NA,"Main_Eckert","Main_Eckert",1,"Main_Eckert_L2_Rule0_n_ac_rbt"
"LBR_Fish_BCG_v1","Main_Eckert","n_ac_rbt","BREck2014",6,3,"> 3 (2-5)",">",2,5,TRUE,"number of age classes - rainbow trout","Rule0",NA,NA,NA,NA,NA,"Main_Eckert","Main_Eckert",1,"Main_Eckert_L3_Rule0_n_ac_rbt"
"LBR_Fish_BCG_v1","Main_Eckert","n_ac_rbt","BREck2014",6,4,"> 1 (0.5-2)",">",0.5,2,TRUE,"number of age classes - Rainbow Trout","Rule0",NA,NA,NA,NA,NA,"Main_Eckert","Main_Eckert",1,"Main_Eckert_L4_Rule0_n_ac_rbt"
"LBR_Fish_BCG_v1","Main_Eckert","n_ac_rbt","BREck2014",6,3,"> 3 (2.5-4.5)",">",2.5,4.5,TRUE,"number of age classes - Rainbow Trout","Rule0",NA,NA,NA,NA,NA,"Main_Eckert","Main_Eckert",1,"Main_Eckert_L3_Rule0_n_ac_rbt"
"LBR_Fish_BCG_v1","Main_Eckert","n_ac_rbt","BRLogCrk1996",4,2,"> 5 (4.5-6)",">",4.5,6,TRUE,"number of age classes - Rainbow Trout","Rule0",NA,NA,NA,NA,NA,"Main_Eckert","Main_Eckert",0,"Main_Eckert_L2_Rule0_n_ac_rbt"
"LBR_Fish_BCG_v1","Main_Eckert","n_ac_rbt","BRLogCrk1996",4,2,"≥ 5 (4-6)",">=",4,6,TRUE,"number of age classes - rainbow trout","Rule0",NA,NA,NA,NA,NA,"Main_Eckert","Main_Eckert",0,"Main_Eckert_L2_Rule0_n_ac_rbt"
"LBR_Fish_BCG_v1","Main_Eckert","n_ac_rbt","BRLogCrk1996",4,3,"> 3 (2-5)",">",2,5,TRUE,"number of age classes - rainbow trout","Rule0",NA,NA,NA,NA,NA,"Main_Eckert","Main_Eckert",0.666666666666667,"Main_Eckert_L3_Rule0_n_ac_rbt"
"LBR_Fish_BCG_v1","Main_Eckert","n_ac_rbt","BRLogCrk1996",4,4,"> 1 (0.5-2)",">",0.5,2,TRUE,"number of age classes - Rainbow Trout","Rule0",NA,NA,NA,NA,NA,"Main_Eckert","Main_Eckert",1,"Main_Eckert_L4_Rule0_n_ac_rbt"
"LBR_Fish_BCG_v1","Main_Eckert","n_ac_rbt","BRLogCrk1996",4,3,"> 3 (2.5-4.5)",">",2.5,4.5,TRUE,"number of age classes - Rainbow Trout","Rule0",NA,NA,NA,NA,NA,"Main_Eckert","Main_Eckert",0.75,"Main_Eckert_L3_Rule0_n_ac_rbt"
"LBR_Fish_BCG_v1","Main_Eckert","n_ac_rbt","BREck2017",4,2,"> 5 (4.5-6)",">",4.5,6,TRUE,"number of age classes - Rainbow Trout","Rule0",NA,NA,NA,NA,NA,"Main_Eckert","Main_Eckert",0,"Main_Eckert_L2_Rule0_n_ac_rbt"
"LBR_Fish_BCG_v1","Main_Eckert","n_ac_rbt","BREck2017",4,2,"≥ 5 (4-6)",">=",4,6,TRUE,"number of age classes - rainbow trout","Rule0",NA,NA,NA,NA,NA,"Main_Eckert","Main_Eckert",0,"Main_Eckert_L2_Rule0_n_ac_rbt"
"LBR_Fish_BCG_v1","Main_Eckert","n_ac_rbt","BREck2017",4,3,"> 3 (2-5)",">",2,5,TRUE,"number of age classes - rainbow trout","Rule0",NA,NA,NA,NA,NA,"Main_Eckert","Main_Eckert",0.666666666666667,"Main_Eckert_L3_Rule0_n_ac_rbt"
"LBR_Fish_BCG_v1","Main_Eckert","n_ac_rbt","BREck2017",4,4,"> 1 (0.5-2)",">",0.5,2,TRUE,"number of age classes - Rainbow Trout","Rule0",NA,NA,NA,NA,NA,"Main_Eckert","Main_Eckert",1,"Main_Eckert_L4_Rule0_n_ac_rbt"
"LBR_Fish_BCG_v1","Main_Eckert","n_ac_rbt","BREck2017",4,3,"> 3 (2.5-4.5)",">",2.5,4.5,TRUE,"number of age classes - Rainbow Trout","Rule0",NA,NA,NA,NA,NA,"Main_Eckert","Main_Eckert",0.75,"Main_Eckert_L3_Rule0_n_ac_rbt"
"LBR_Fish_BCG_v1","Main_Eckert","n_ac_rbt","BREck2003",5,2,"> 5 (4.5-6)",">",4.5,6,TRUE,"number of age classes - Rainbow Trout","Rule0",NA,NA,NA,NA,NA,"Main_Eckert","Main_Eckert",0.333333333333333,"Main_Eckert_L2_Rule0_n_ac_rbt"
"LBR_Fish_BCG_v1","Main_Eckert","n_ac_rbt","BREck2003",5,2,"≥ 5 (4-6)",">=",4,6,TRUE,"number of age classes - rainbow trout","Rule0",NA,NA,NA,NA,NA,"Main_Eckert","Main_Eckert",0.5,"Main_Eckert_L2_Rule0_n_ac_rbt"
"LBR_Fish_BCG_v1","Main_Eckert","n_ac_rbt","BREck2003",5,3,"> 3 (2-5)",">",2,5,TRUE,"number of age classes - rainbow trout","Rule0",NA,NA,NA,NA,NA,"Main_Eckert","Main_Eckert",1,"Main_Eckert_L3_Rule0_n_ac_rbt"
"LBR_Fish_BCG_v1","Main_Eckert","n_ac_rbt","BREck2003",5,4,"> 1 (0.5-2)",">",0.5,2,TRUE,"number of age classes - Rainbow Trout","Rule0",NA,NA,NA,NA,NA,"Main_Eckert","Main_Eckert",1,"Main_Eckert_L4_Rule0_n_ac_rbt"
"LBR_Fish_BCG_v1","Main_Eckert","n_ac_rbt","BREck2003",5,3,"> 3 (2.5-4.5)",">",2.5,4.5,TRUE,"number of age classes - Rainbow Trout","Rule0",NA,NA,NA,NA,NA,"Main_Eckert","Main_Eckert",1,"Main_Eckert_L3_Rule0_n_ac_rbt"
"LBR_Fish_BCG_v1","Main_Eckert","nt_BCG_att123","BRLogCrk1996",3,4,"> 1 (1-2)",">",1,2,TRUE,"number of taxa - BCG Attribute I + II + III","Rule0",NA,NA,NA,NA,NA,"Main_Eckert","Main_Eckert",1,"Main_Eckert_L4_Rule0_nt_BCG_att123"
"LBR_Fish_BCG_v1","Main_Eckert","nt_BCG_att123","BRLogCrk1996",3,3,"> 2 (2-3)",">",2,3,TRUE,"number of taxa - BCG Attribute I + II + III","Rule0",NA,NA,NA,NA,NA,"Main_Eckert","Main_Eckert",1,"Main_Eckert_L3_Rule0_nt_BCG_att123"
"LBR_Fish_BCG_v1","Main_Eckert","nt_BCG_att123","BRLogCrk1996",3,2,"≥ 5 (3-7)",">=",3,7,TRUE,"number of taxa - BCG Attribute I + II + III","Rule0",NA,NA,NA,NA,NA,"Main_Eckert","Main_Eckert",0,"Main_Eckert_L2_Rule0_nt_BCG_att123"
"LBR_Fish_BCG_v1","Main_Eckert","nt_BCG_att123","BREck2005",3,4,"> 1 (1-2)",">",1,2,TRUE,"number of taxa - BCG Attribute I + II + III","Rule0",NA,NA,NA,NA,NA,"Main_Eckert","Main_Eckert",1,"Main_Eckert_L4_Rule0_nt_BCG_att123"
"LBR_Fish_BCG_v1","Main_Eckert","nt_BCG_att123","BREck2005",3,3,"> 2 (2-3)",">",2,3,TRUE,"number of taxa - BCG Attribute I + II + III","Rule0",NA,NA,NA,NA,NA,"Main_Eckert","Main_Eckert",1,"Main_Eckert_L3_Rule0_nt_BCG_att123"
"LBR_Fish_BCG_v1","Main_Eckert","nt_BCG_att123","BREck2005",3,2,"≥ 5 (3-7)",">=",3,7,TRUE,"number of taxa - BCG Attribute I + II + III","Rule0",NA,NA,NA,NA,NA,"Main_Eckert","Main_Eckert",0,"Main_Eckert_L2_Rule0_nt_BCG_att123"
"LBR_Fish_BCG_v1","Main_Eckert","nt_BCG_att123","BREck2017",3,4,"> 1 (1-2)",">",1,2,TRUE,"number of taxa - BCG Attribute I + II + III","Rule0",NA,NA,NA,NA,NA,"Main_Eckert","Main_Eckert",1,"Main_Eckert_L4_Rule0_nt_BCG_att123"
"LBR_Fish_BCG_v1","Main_Eckert","nt_BCG_att123","BREck2017",3,3,"> 2 (2-3)",">",2,3,TRUE,"number of taxa - BCG Attribute I + II + III","Rule0",NA,NA,NA,NA,NA,"Main_Eckert","Main_Eckert",1,"Main_Eckert_L3_Rule0_nt_BCG_att123"
"LBR_Fish_BCG_v1","Main_Eckert","nt_BCG_att123","BREck2017",3,2,"≥ 5 (3-7)",">=",3,7,TRUE,"number of taxa - BCG Attribute I + II + III","Rule0",NA,NA,NA,NA,NA,"Main_Eckert","Main_Eckert",0,"Main_Eckert_L2_Rule0_nt_BCG_att123"
"LBR_Fish_BCG_v1","Main_Eckert","nt_BCG_att123","BREck2003",3,4,"> 1 (1-2)",">",1,2,TRUE,"number of taxa - BCG Attribute I + II + III","Rule0",NA,NA,NA,NA,NA,"Main_Eckert","Main_Eckert",1,"Main_Eckert_L4_Rule0_nt_BCG_att123"
"LBR_Fish_BCG_v1","Main_Eckert","nt_BCG_att123","BREck2003",3,3,"> 2 (2-3)",">",2,3,TRUE,"number of taxa - BCG Attribute I + II + III","Rule0",NA,NA,NA,NA,NA,"Main_Eckert","Main_Eckert",1,"Main_Eckert_L3_Rule0_nt_BCG_att123"
"LBR_Fish_BCG_v1","Main_Eckert","nt_BCG_att123","BREck2003",3,2,"≥ 5 (3-7)",">=",3,7,TRUE,"number of taxa - BCG Attribute I + II + III","Rule0",NA,NA,NA,NA,NA,"Main_Eckert","Main_Eckert",0,"Main_Eckert_L2_Rule0_nt_BCG_att123"
"LBR_Fish_BCG_v1","Main_Eckert","nt_BCG_att123","BREck2011",4,4,"> 1 (1-2)",">",1,2,TRUE,"number of taxa - BCG Attribute I + II + III","Rule0",NA,NA,NA,NA,NA,"Main_Eckert","Main_Eckert",1,"Main_Eckert_L4_Rule0_nt_BCG_att123"
"LBR_Fish_BCG_v1","Main_Eckert","nt_BCG_att123","BREck2011",4,3,"> 2 (2-3)",">",2,3,TRUE,"number of taxa - BCG Attribute I + II + III","Rule0",NA,NA,NA,NA,NA,"Main_Eckert","Main_Eckert",1,"Main_Eckert_L3_Rule0_nt_BCG_att123"
"LBR_Fish_BCG_v1","Main_Eckert","nt_BCG_att123","BREck2011",4,2,"≥ 5 (3-7)",">=",3,7,TRUE,"number of taxa - BCG Attribute I + II + III","Rule0",NA,NA,NA,NA,NA,"Main_Eckert","Main_Eckert",0.25,"Main_Eckert_L2_Rule0_nt_BCG_att123"
"LBR_Fish_BCG_v1","Main_Eckert","nt_BCG_att123","BREck2014",3,4,"> 1 (1-2)",">",1,2,TRUE,"number of taxa - BCG Attribute I + II + III","Rule0",NA,NA,NA,NA,NA,"Main_Eckert","Main_Eckert",1,"Main_Eckert_L4_Rule0_nt_BCG_att123"
"LBR_Fish_BCG_v1","Main_Eckert","nt_BCG_att123","BREck2014",3,3,"> 2 (2-3)",">",2,3,TRUE,"number of taxa - BCG Attribute I + II + III","Rule0",NA,NA,NA,NA,NA,"Main_Eckert","Main_Eckert",1,"Main_Eckert_L3_Rule0_nt_BCG_att123"
"LBR_Fish_BCG_v1","Main_Eckert","nt_BCG_att123","BREck2014",3,2,"≥ 5 (3-7)",">=",3,7,TRUE,"number of taxa - BCG Attribute I + II + III","Rule0",NA,NA,NA,NA,NA,"Main_Eckert","Main_Eckert",0,"Main_Eckert_L2_Rule0_nt_BCG_att123"
"LBR_Fish_BCG_v1","Main_Eckert","nt_BCG_att123","09a390a6-3119-4a82-90e0-7a7b43b767e5",3,4,"> 1 (1-2)",">",1,2,TRUE,"number of taxa - BCG Attribute I + II + III","Rule0",NA,NA,NA,NA,NA,"Main_Eckert","Main_Eckert",1,"Main_Eckert_L4_Rule0_nt_BCG_att123"
"LBR_Fish_BCG_v1","Main_Eckert","nt_BCG_att123","09a390a6-3119-4a82-90e0-7a7b43b767e5",3,3,"> 2 (2-3)",">",2,3,TRUE,"number of taxa - BCG Attribute I + II + III","Rule0",NA,NA,NA,NA,NA,"Main_Eckert","Main_Eckert",1,"Main_Eckert_L3_Rule0_nt_BCG_att123"
"LBR_Fish_BCG_v1","Main_Eckert","nt_BCG_att123","09a390a6-3119-4a82-90e0-7a7b43b767e5",3,2,"≥ 5 (3-7)",">=",3,7,TRUE,"number of taxa - BCG Attribute I + II + III","Rule0",NA,NA,NA,NA,NA,"Main_Eckert","Main_Eckert",0,"Main_Eckert_L2_Rule0_nt_BCG_att123"
"LBR_Fish_BCG_v1","Main_Eckert","nt_BCG_att123","d4f42475-7110-4ef6-bc63-33b82f0712cf",3,4,"> 1 (1-2)",">",1,2,TRUE,"number of taxa - BCG Attribute I + II + III","Rule0",NA,NA,NA,NA,NA,"Main_Eckert","Main_Eckert",1,"Main_Eckert_L4_Rule0_nt_BCG_att123"
"LBR_Fish_BCG_v1","Main_Eckert","nt_BCG_att123","d4f42475-7110-4ef6-bc63-33b82f0712cf",3,3,"> 2 (2-3)",">",2,3,TRUE,"number of taxa - BCG Attribute I + II + III","Rule0",NA,NA,NA,NA,NA,"Main_Eckert","Main_Eckert",1,"Main_Eckert_L3_Rule0_nt_BCG_att123"
"LBR_Fish_BCG_v1","Main_Eckert","nt_BCG_att123","d4f42475-7110-4ef6-bc63-33b82f0712cf",3,2,"≥ 5 (3-7)",">=",3,7,TRUE,"number of taxa - BCG Attribute I + II + III","Rule0",NA,NA,NA,NA,NA,"Main_Eckert","Main_Eckert",0,"Main_Eckert_L2_Rule0_nt_BCG_att123"
"LBR_Fish_BCG_v1","Main_Eckert","nt_BCG_att2","BREck2005",1,2,"≥ 3 (2-4)",">=",2,4,TRUE,"number of taxa - BCG Attribute II","Rule0",NA,NA,NA,NA,NA,"Main_Eckert","Main_Eckert",0,"Main_Eckert_L2_Rule0_nt_BCG_att2"
"LBR_Fish_BCG_v1","Main_Eckert","nt_BCG_att2","BREck2014",1,2,"≥ 3 (2-4)",">=",2,4,TRUE,"number of taxa - BCG Attribute II","Rule0",NA,NA,NA,NA,NA,"Main_Eckert","Main_Eckert",0,"Main_Eckert_L2_Rule0_nt_BCG_att2"
"LBR_Fish_BCG_v1","Main_Eckert","nt_BCG_att2","d4f42475-7110-4ef6-bc63-33b82f0712cf",1,2,"≥ 3 (2-4)",">=",2,4,TRUE,"number of taxa - BCG Attribute II","Rule0",NA,NA,NA,NA,NA,"Main_Eckert","Main_Eckert",0,"Main_Eckert_L2_Rule0_nt_BCG_att2"
"LBR_Fish_BCG_v1","Main_Eckert","nt_BCG_att2","BREck2017",1,2,"≥ 3 (2-4)",">=",2,4,TRUE,"number of taxa - BCG Attribute II","Rule0",NA,NA,NA,NA,NA,"Main_Eckert","Main_Eckert",0,"Main_Eckert_L2_Rule0_nt_BCG_att2"
"LBR_Fish_BCG_v1","Main_Eckert","nt_BCG_att2","BRLogCrk1996",1,2,"≥ 3 (2-4)",">=",2,4,TRUE,"number of taxa - BCG Attribute II","Rule0",NA,NA,NA,NA,NA,"Main_Eckert","Main_Eckert",0,"Main_Eckert_L2_Rule0_nt_BCG_att2"
"LBR_Fish_BCG_v1","Main_Eckert","nt_BCG_att2","BREck2011",1,2,"≥ 3 (2-4)",">=",2,4,TRUE,"number of taxa - BCG Attribute II","Rule0",NA,NA,NA,NA,NA,"Main_Eckert","Main_Eckert",0,"Main_Eckert_L2_Rule0_nt_BCG_att2"
"LBR_Fish_BCG_v1","Main_Eckert","nt_BCG_att2","BREck2003",1,2,"≥ 3 (2-4)",">=",2,4,TRUE,"number of taxa - BCG Attribute II","Rule0",NA,NA,NA,NA,NA,"Main_Eckert","Main_Eckert",0,"Main_Eckert_L2_Rule0_nt_BCG_att2"
"LBR_Fish_BCG_v1","Main_Eckert","nt_BCG_att2","09a390a6-3119-4a82-90e0-7a7b43b767e5",1,2,"≥ 3 (2-4)",">=",2,4,TRUE,"number of taxa - BCG Attribute II","Rule0",NA,NA,NA,NA,NA,"Main_Eckert","Main_Eckert",0,"Main_Eckert_L2_Rule0_nt_BCG_att2"
"LBR_Fish_BCG_v1","Main_Eckert","nt_BCG_att6t","BREck2003",0,3,"0 (0-1)","<",0,1,FALSE,"number of tolerant non-native taxa (VI t)","Rule0",NA,NA,NA,NA,NA,"Main_Eckert","Main_Eckert",1,"Main_Eckert_L3_Rule0_nt_BCG_att6t"
"LBR_Fish_BCG_v1","Main_Eckert","nt_BCG_att6t","BREck2003",0,4,"< 2 (1-2)","<",1,2,FALSE,"number of tolerant non-native taxa (VI t)","Rule0",NA,NA,NA,NA,NA,"Main_Eckert","Main_Eckert",1,"Main_Eckert_L4_Rule0_nt_BCG_att6t"
"LBR_Fish_BCG_v1","Main_Eckert","nt_BCG_att6t","BREck2014",0,3,"0 (0-1)","<",0,1,FALSE,"number of tolerant non-native taxa (VI t)","Rule0",NA,NA,NA,NA,NA,"Main_Eckert","Main_Eckert",1,"Main_Eckert_L3_Rule0_nt_BCG_att6t"
"LBR_Fish_BCG_v1","Main_Eckert","nt_BCG_att6t","BREck2014",0,4,"< 2 (1-2)","<",1,2,FALSE,"number of tolerant non-native taxa (VI t)","Rule0",NA,NA,NA,NA,NA,"Main_Eckert","Main_Eckert",1,"Main_Eckert_L4_Rule0_nt_BCG_att6t"
"LBR_Fish_BCG_v1","Main_Eckert","nt_BCG_att6t","BREck2005",0,3,"0 (0-1)","<",0,1,FALSE,"number of tolerant non-native taxa (VI t)","Rule0",NA,NA,NA,NA,NA,"Main_Eckert","Main_Eckert",1,"Main_Eckert_L3_Rule0_nt_BCG_att6t"
"LBR_Fish_BCG_v1","Main_Eckert","nt_BCG_att6t","BREck2005",0,4,"< 2 (1-2)","<",1,2,FALSE,"number of tolerant non-native taxa (VI t)","Rule0",NA,NA,NA,NA,NA,"Main_Eckert","Main_Eckert",1,"Main_Eckert_L4_Rule0_nt_BCG_att6t"
"LBR_Fish_BCG_v1","Main_Eckert","nt_BCG_att6t","BRLogCrk1996",0,3,"0 (0-1)","<",0,1,FALSE,"number of tolerant non-native taxa (VI t)","Rule0",NA,NA,NA,NA,NA,"Main_Eckert","Main_Eckert",1,"Main_Eckert_L3_Rule0_nt_BCG_att6t"
"LBR_Fish_BCG_v1","Main_Eckert","nt_BCG_att6t","BRLogCrk1996",0,4,"< 2 (1-2)","<",1,2,FALSE,"number of tolerant non-native taxa (VI t)","Rule0",NA,NA,NA,NA,NA,"Main_Eckert","Main_Eckert",1,"Main_Eckert_L4_Rule0_nt_BCG_att6t"
"LBR_Fish_BCG_v1","Main_Eckert","nt_BCG_att6t","09a390a6-3119-4a82-90e0-7a7b43b767e5",0,3,"0 (0-1)","<",0,1,FALSE,"number of tolerant non-native taxa (VI t)","Rule0",NA,NA,NA,NA,NA,"Main_Eckert","Main_Eckert",1,"Main_Eckert_L3_Rule0_nt_BCG_att6t"
"LBR_Fish_BCG_v1","Main_Eckert","nt_BCG_att6t","09a390a6-3119-4a82-90e0-7a7b43b767e5",0,4,"< 2 (1-2)","<",1,2,FALSE,"number of tolerant non-native taxa (VI t)","Rule0",NA,NA,NA,NA,NA,"Main_Eckert","Main_Eckert",1,"Main_Eckert_L4_Rule0_nt_BCG_att6t"
"LBR_Fish_BCG_v1","Main_Eckert","nt_BCG_att6t","d4f42475-7110-4ef6-bc63-33b82f0712cf",0,3,"0 (0-1)","<",0,1,FALSE,"number of tolerant non-native taxa (VI t)","Rule0",NA,NA,NA,NA,NA,"Main_Eckert","Main_Eckert",1,"Main_Eckert_L3_Rule0_nt_BCG_att6t"
"LBR_Fish_BCG_v1","Main_Eckert","nt_BCG_att6t","d4f42475-7110-4ef6-bc63-33b82f0712cf",0,4,"< 2 (1-2)","<",1,2,FALSE,"number of tolerant non-native taxa (VI t)","Rule0",NA,NA,NA,NA,NA,"Main_Eckert","Main_Eckert",1,"Main_Eckert_L4_Rule0_nt_BCG_att6t"
"LBR_Fish_BCG_v1","Main_Eckert","nt_BCG_att6t","BREck2017",0,3,"0 (0-1)","<",0,1,FALSE,"number of tolerant non-native taxa (VI t)","Rule0",NA,NA,NA,NA,NA,"Main_Eckert","Main_Eckert",1,"Main_Eckert_L3_Rule0_nt_BCG_att6t"
"LBR_Fish_BCG_v1","Main_Eckert","nt_BCG_att6t","BREck2017",0,4,"< 2 (1-2)","<",1,2,FALSE,"number of tolerant non-native taxa (VI t)","Rule0",NA,NA,NA,NA,NA,"Main_Eckert","Main_Eckert",1,"Main_Eckert_L4_Rule0_nt_BCG_att6t"
"LBR_Fish_BCG_v1","Main_Eckert","nt_BCG_att6t","BREck2011",0,3,"0 (0-1)","<",0,1,FALSE,"number of tolerant non-native taxa (VI t)","Rule0",NA,NA,NA,NA,NA,"Main_Eckert","Main_Eckert",1,"Main_Eckert_L3_Rule0_nt_BCG_att6t"
"LBR_Fish_BCG_v1","Main_Eckert","nt_BCG_att6t","BREck2011",0,4,"< 2 (1-2)","<",1,2,FALSE,"number of tolerant non-native taxa (VI t)","Rule0",NA,NA,NA,NA,NA,"Main_Eckert","Main_Eckert",1,"Main_Eckert_L4_Rule0_nt_BCG_att6t"
"LBR_Fish_BCG_v1","Main_Eckert","nt_BCG2_att1234b","09a390a6-3119-4a82-90e0-7a7b43b767e5",5,3,"> 3 (2-5)",">",2,5,TRUE,"number of taxa - BCG Attribute I + II + III + IV_better","Rule0",NA,NA,NA,NA,NA,"Main_Eckert","Main_Eckert",1,"Main_Eckert_L3_Rule0_nt_BCG2_att1234b"
"LBR_Fish_BCG_v1","Main_Eckert","nt_BCG2_att1234b","09a390a6-3119-4a82-90e0-7a7b43b767e5",5,2,"> 6 (5-8)",">",5,8,TRUE,"number of taxa - BCG Attribute I + II + III + IV_better","Rule0",NA,NA,NA,NA,NA,"Main_Eckert","Main_Eckert",0,"Main_Eckert_L2_Rule0_nt_BCG2_att1234b"
"LBR_Fish_BCG_v1","Main_Eckert","nt_BCG2_att1234b","09a390a6-3119-4a82-90e0-7a7b43b767e5",5,4,"> 1 (0.5-2)",">",0.5,2,TRUE,"number of taxa - BCG Attribute I + II + III + IV_better","Rule0",NA,NA,NA,NA,NA,"Main_Eckert","Main_Eckert",1,"Main_Eckert_L4_Rule0_nt_BCG2_att1234b"
"LBR_Fish_BCG_v1","Main_Eckert","nt_BCG2_att1234b","BRLogCrk1996",4,3,"> 3 (2-5)",">",2,5,TRUE,"number of taxa - BCG Attribute I + II + III + IV_better","Rule0",NA,NA,NA,NA,NA,"Main_Eckert","Main_Eckert",0.666666666666667,"Main_Eckert_L3_Rule0_nt_BCG2_att1234b"
"LBR_Fish_BCG_v1","Main_Eckert","nt_BCG2_att1234b","BRLogCrk1996",4,2,"> 6 (5-8)",">",5,8,TRUE,"number of taxa - BCG Attribute I + II + III + IV_better","Rule0",NA,NA,NA,NA,NA,"Main_Eckert","Main_Eckert",0,"Main_Eckert_L2_Rule0_nt_BCG2_att1234b"
"LBR_Fish_BCG_v1","Main_Eckert","nt_BCG2_att1234b","BRLogCrk1996",4,4,"> 1 (0.5-2)",">",0.5,2,TRUE,"number of taxa - BCG Attribute I + II + III + IV_better","Rule0",NA,NA,NA,NA,NA,"Main_Eckert","Main_Eckert",1,"Main_Eckert_L4_Rule0_nt_BCG2_att1234b"
"LBR_Fish_BCG_v1","Main_Eckert","nt_BCG2_att1234b","BREck2005",3,3,"> 3 (2-5)",">",2,5,TRUE,"number of taxa - BCG Attribute I + II + III + IV_better","Rule0",NA,NA,NA,NA,NA,"Main_Eckert","Main_Eckert",0.333333333333333,"Main_Eckert_L3_Rule0_nt_BCG2_att1234b"
"LBR_Fish_BCG_v1","Main_Eckert","nt_BCG2_att1234b","BREck2005",3,2,"> 6 (5-8)",">",5,8,TRUE,"number of taxa - BCG Attribute I + II + III + IV_better","Rule0",NA,NA,NA,NA,NA,"Main_Eckert","Main_Eckert",0,"Main_Eckert_L2_Rule0_nt_BCG2_att1234b"
"LBR_Fish_BCG_v1","Main_Eckert","nt_BCG2_att1234b","BREck2005",3,4,"> 1 (0.5-2)",">",0.5,2,TRUE,"number of taxa - BCG Attribute I + II + III + IV_better","Rule0",NA,NA,NA,NA,NA,"Main_Eckert","Main_Eckert",1,"Main_Eckert_L4_Rule0_nt_BCG2_att1234b"
"LBR_Fish_BCG_v1","Main_Eckert","nt_BCG2_att1234b","BREck2011",6,3,"> 3 (2-5)",">",2,5,TRUE,"number of taxa - BCG Attribute I + II + III + IV_better","Rule0",NA,NA,NA,NA,NA,"Main_Eckert","Main_Eckert",1,"Main_Eckert_L3_Rule0_nt_BCG2_att1234b"
"LBR_Fish_BCG_v1","Main_Eckert","nt_BCG2_att1234b","BREck2011",6,2,"> 6 (5-8)",">",5,8,TRUE,"number of taxa - BCG Attribute I + II + III + IV_better","Rule0",NA,NA,NA,NA,NA,"Main_Eckert","Main_Eckert",0.333333333333333,"Main_Eckert_L2_Rule0_nt_BCG2_att1234b"
"LBR_Fish_BCG_v1","Main_Eckert","nt_BCG2_att1234b","BREck2011",6,4,"> 1 (0.5-2)",">",0.5,2,TRUE,"number of taxa - BCG Attribute I + II + III + IV_better","Rule0",NA,NA,NA,NA,NA,"Main_Eckert","Main_Eckert",1,"Main_Eckert_L4_Rule0_nt_BCG2_att1234b"
"LBR_Fish_BCG_v1","Main_Eckert","nt_BCG2_att1234b","BREck2017",5,3,"> 3 (2-5)",">",2,5,TRUE,"number of taxa - BCG Attribute I + II + III + IV_better","Rule0",NA,NA,NA,NA,NA,"Main_Eckert","Main_Eckert",1,"Main_Eckert_L3_Rule0_nt_BCG2_att1234b"
"LBR_Fish_BCG_v1","Main_Eckert","nt_BCG2_att1234b","BREck2017",5,2,"> 6 (5-8)",">",5,8,TRUE,"number of taxa - BCG Attribute I + II + III + IV_better","Rule0",NA,NA,NA,NA,NA,"Main_Eckert","Main_Eckert",0,"Main_Eckert_L2_Rule0_nt_BCG2_att1234b"
"LBR_Fish_BCG_v1","Main_Eckert","nt_BCG2_att1234b","BREck2017",5,4,"> 1 (0.5-2)",">",0.5,2,TRUE,"number of taxa - BCG Attribute I + II + III + IV_better","Rule0",NA,NA,NA,NA,NA,"Main_Eckert","Main_Eckert",1,"Main_Eckert_L4_Rule0_nt_BCG2_att1234b"
"LBR_Fish_BCG_v1","Main_Eckert","nt_BCG2_att1234b","BREck2003",4,3,"> 3 (2-5)",">",2,5,TRUE,"number of taxa - BCG Attribute I + II + III + IV_better","Rule0",NA,NA,NA,NA,NA,"Main_Eckert","Main_Eckert",0.666666666666667,"Main_Eckert_L3_Rule0_nt_BCG2_att1234b"
"LBR_Fish_BCG_v1","Main_Eckert","nt_BCG2_att1234b","BREck2003",4,2,"> 6 (5-8)",">",5,8,TRUE,"number of taxa - BCG Attribute I + II + III + IV_better","Rule0",NA,NA,NA,NA,NA,"Main_Eckert","Main_Eckert",0,"Main_Eckert_L2_Rule0_nt_BCG2_att1234b"
"LBR_Fish_BCG_v1","Main_Eckert","nt_BCG2_att1234b","BREck2003",4,4,"> 1 (0.5-2)",">",0.5,2,TRUE,"number of taxa - BCG Attribute I + II + III + IV_better","Rule0",NA,NA,NA,NA,NA,"Main_Eckert","Main_Eckert",1,"Main_Eckert_L4_Rule0_nt_BCG2_att1234b"
"LBR_Fish_BCG_v1","Main_Eckert","nt_BCG2_att1234b","d4f42475-7110-4ef6-bc63-33b82f0712cf",4,3,"> 3 (2-5)",">",2,5,TRUE,"number of taxa - BCG Attribute I + II + III + IV_better","Rule0",NA,NA,NA,NA,NA,"Main_Eckert","Main_Eckert",0.666666666666667,"Main_Eckert_L3_Rule0_nt_BCG2_att1234b"
"LBR_Fish_BCG_v1","Main_Eckert","nt_BCG2_att1234b","d4f42475-7110-4ef6-bc63-33b82f0712cf",4,2,"> 6 (5-8)",">",5,8,TRUE,"number of taxa - BCG Attribute I + II + III + IV_better","Rule0",NA,NA,NA,NA,NA,"Main_Eckert","Main_Eckert",0,"Main_Eckert_L2_Rule0_nt_BCG2_att1234b"
"LBR_Fish_BCG_v1","Main_Eckert","nt_BCG2_att1234b","d4f42475-7110-4ef6-bc63-33b82f0712cf",4,4,"> 1 (0.5-2)",">",0.5,2,TRUE,"number of taxa - BCG Attribute I + II + III + IV_better","Rule0",NA,NA,NA,NA,NA,"Main_Eckert","Main_Eckert",1,"Main_Eckert_L4_Rule0_nt_BCG2_att1234b"
"LBR_Fish_BCG_v1","Main_Eckert","nt_BCG2_att1234b","BREck2014",5,3,"> 3 (2-5)",">",2,5,TRUE,"number of taxa - BCG Attribute I + II + III + IV_better","Rule0",NA,NA,NA,NA,NA,"Main_Eckert","Main_Eckert",1,"Main_Eckert_L3_Rule0_nt_BCG2_att1234b"
"LBR_Fish_BCG_v1","Main_Eckert","nt_BCG2_att1234b","BREck2014",5,2,"> 6 (5-8)",">",5,8,TRUE,"number of taxa - BCG Attribute I + II + III + IV_better","Rule0",NA,NA,NA,NA,NA,"Main_Eckert","Main_Eckert",0,"Main_Eckert_L2_Rule0_nt_BCG2_att1234b"
"LBR_Fish_BCG_v1","Main_Eckert","nt_BCG2_att1234b","BREck2014",5,4,"> 1 (0.5-2)",">",0.5,2,TRUE,"number of taxa - BCG Attribute I + II + III + IV_better","Rule0",NA,NA,NA,NA,NA,"Main_Eckert","Main_Eckert",1,"Main_Eckert_L4_Rule0_nt_BCG2_att1234b"
"LBR_Fish_BCG_v1","Main_Eckert","nt_native","d4f42475-7110-4ef6-bc63-33b82f0712cf",7,5,"> 1 (0-3)",">",0,3,TRUE,"number of native taxa","Rule0",NA,NA,NA,NA,NA,"Main_Eckert","Main_Eckert",1,"Main_Eckert_L5_Rule0_nt_native"
"LBR_Fish_BCG_v1","Main_Eckert","nt_native","d4f42475-7110-4ef6-bc63-33b82f0712cf",7,5,"> 0 (0-1)",">",0,1,TRUE,"number of native taxa","Rule0",NA,NA,NA,NA,NA,"Main_Eckert","Main_Eckert",1,"Main_Eckert_L5_Rule0_nt_native"
"LBR_Fish_BCG_v1","Main_Eckert","nt_native","d4f42475-7110-4ef6-bc63-33b82f0712cf",7,3,"> 6 (5-8)",">",5,8,TRUE,"number of native taxa","Rule0",NA,NA,NA,NA,NA,"Main_Eckert","Main_Eckert",0.666666666666667,"Main_Eckert_L3_Rule0_nt_native"
"LBR_Fish_BCG_v1","Main_Eckert","nt_native","d4f42475-7110-4ef6-bc63-33b82f0712cf",7,4,"≥ 4 (3-5)",">=",3,5,TRUE,"number of native taxa","Rule0",NA,NA,NA,NA,NA,"Main_Eckert","Main_Eckert",1,"Main_Eckert_L4_Rule0_nt_native"
"LBR_Fish_BCG_v1","Main_Eckert","nt_native","d4f42475-7110-4ef6-bc63-33b82f0712cf",7,2,"> 12 (11-14)",">",11,14,TRUE,"number of native taxa","Rule0",NA,NA,NA,NA,NA,"Main_Eckert","Main_Eckert",0,"Main_Eckert_L2_Rule0_nt_native"
"LBR_Fish_BCG_v1","Main_Eckert","nt_native","d4f42475-7110-4ef6-bc63-33b82f0712cf",7,3,"≥ 6 (5-7)",">=",5,7,TRUE,"number of native taxa","Rule0",NA,NA,NA,NA,NA,"Main_Eckert","Main_Eckert",1,"Main_Eckert_L3_Rule0_nt_native"
"LBR_Fish_BCG_v1","Main_Eckert","nt_native","d4f42475-7110-4ef6-bc63-33b82f0712cf",7,2,"> 8 (7-10)",">",7,10,TRUE,"number of native taxa","Rule0",NA,NA,NA,NA,NA,"Main_Eckert","Main_Eckert",0,"Main_Eckert_L2_Rule0_nt_native"
"LBR_Fish_BCG_v1","Main_Eckert","nt_native","d4f42475-7110-4ef6-bc63-33b82f0712cf",7,4,"> 3 (2-5)",">",2,5,TRUE,"number of native taxa","Rule0",NA,NA,NA,NA,NA,"Main_Eckert","Main_Eckert",1,"Main_Eckert_L4_Rule0_nt_native"
"LBR_Fish_BCG_v1","Main_Eckert","nt_native","BREck2011",8,5,"> 1 (0-3)",">",0,3,TRUE,"number of native taxa","Rule0",NA,NA,NA,NA,NA,"Main_Eckert","Main_Eckert",1,"Main_Eckert_L5_Rule0_nt_native"
"LBR_Fish_BCG_v1","Main_Eckert","nt_native","BREck2011",8,5,"> 0 (0-1)",">",0,1,TRUE,"number of native taxa","Rule0",NA,NA,NA,NA,NA,"Main_Eckert","Main_Eckert",1,"Main_Eckert_L5_Rule0_nt_native"
"LBR_Fish_BCG_v1","Main_Eckert","nt_native","BREck2011",8,3,"> 6 (5-8)",">",5,8,TRUE,"number of native taxa","Rule0",NA,NA,NA,NA,NA,"Main_Eckert","Main_Eckert",1,"Main_Eckert_L3_Rule0_nt_native"
"LBR_Fish_BCG_v1","Main_Eckert","nt_native","BREck2011",8,4,"≥ 4 (3-5)",">=",3,5,TRUE,"number of native taxa","Rule0",NA,NA,NA,NA,NA,"Main_Eckert","Main_Eckert",1,"Main_Eckert_L4_Rule0_nt_native"
"LBR_Fish_BCG_v1","Main_Eckert","nt_native","BREck2011",8,2,"> 12 (11-14)",">",11,14,TRUE,"number of native taxa","Rule0",NA,NA,NA,NA,NA,"Main_Eckert","Main_Eckert",0,"Main_Eckert_L2_Rule0_nt_native"
"LBR_Fish_BCG_v1","Main_Eckert","nt_native","BREck2011",8,3,"≥ 6 (5-7)",">=",5,7,TRUE,"number of native taxa","Rule0",NA,NA,NA,NA,NA,"Main_Eckert","Main_Eckert",1,"Main_Eckert_L3_Rule0_nt_native"
"LBR_Fish_BCG_v1","Main_Eckert","nt_native","BREck2011",8,2,"> 8 (7-10)",">",7,10,TRUE,"number of native taxa","Rule0",NA,NA,NA,NA,NA,"Main_Eckert","Main_Eckert",0.333333333333333,"Main_Eckert_L2_Rule0_nt_native"
"LBR_Fish_BCG_v1","Main_Eckert","nt_native","BREck2011",8,4,"> 3 (2-5)",">",2,5,TRUE,"number of native taxa","Rule0",NA,NA,NA,NA,NA,"Main_Eckert","Main_Eckert",1,"Main_Eckert_L4_Rule0_nt_native"
"LBR_Fish_BCG_v1","Main_Eckert","nt_native","BREck2017",9,5,"> 1 (0-3)",">",0,3,TRUE,"number of native taxa","Rule0",NA,NA,NA,NA,NA,"Main_Eckert","Main_Eckert",1,"Main_Eckert_L5_Rule0_nt_native"
"LBR_Fish_BCG_v1","Main_Eckert","nt_native","BREck2017",9,5,"> 0 (0-1)",">",0,1,TRUE,"number of native taxa","Rule0",NA,NA,NA,NA,NA,"Main_Eckert","Main_Eckert",1,"Main_Eckert_L5_Rule0_nt_native"
"LBR_Fish_BCG_v1","Main_Eckert","nt_native","BREck2017",9,3,"> 6 (5-8)",">",5,8,TRUE,"number of native taxa","Rule0",NA,NA,NA,NA,NA,"Main_Eckert","Main_Eckert",1,"Main_Eckert_L3_Rule0_nt_native"
"LBR_Fish_BCG_v1","Main_Eckert","nt_native","BREck2017",9,4,"≥ 4 (3-5)",">=",3,5,TRUE,"number of native taxa","Rule0",NA,NA,NA,NA,NA,"Main_Eckert","Main_Eckert",1,"Main_Eckert_L4_Rule0_nt_native"
"LBR_Fish_BCG_v1","Main_Eckert","nt_native","BREck2017",9,2,"> 12 (11-14)",">",11,14,TRUE,"number of native taxa","Rule0",NA,NA,NA,NA,NA,"Main_Eckert","Main_Eckert",0,"Main_Eckert_L2_Rule0_nt_native"
"LBR_Fish_BCG_v1","Main_Eckert","nt_native","BREck2017",9,3,"≥ 6 (5-7)",">=",5,7,TRUE,"number of native taxa","Rule0",NA,NA,NA,NA,NA,"Main_Eckert","Main_Eckert",1,"Main_Eckert_L3_Rule0_nt_native"
"LBR_Fish_BCG_v1","Main_Eckert","nt_native","BREck2017",9,2,"> 8 (7-10)",">",7,10,TRUE,"number of native taxa","Rule0",NA,NA,NA,NA,NA,"Main_Eckert","Main_Eckert",0.666666666666667,"Main_Eckert_L2_Rule0_nt_native"
"LBR_Fish_BCG_v1","Main_Eckert","nt_native","BREck2017",9,4,"> 3 (2-5)",">",2,5,TRUE,"number of native taxa","Rule0",NA,NA,NA,NA,NA,"Main_Eckert","Main_Eckert",1,"Main_Eckert_L4_Rule0_nt_native"
"LBR_Fish_BCG_v1","Main_Eckert","nt_native","09a390a6-3119-4a82-90e0-7a7b43b767e5",8,5,"> 1 (0-3)",">",0,3,TRUE,"number of native taxa","Rule0",NA,NA,NA,NA,NA,"Main_Eckert","Main_Eckert",1,"Main_Eckert_L5_Rule0_nt_native"
"LBR_Fish_BCG_v1","Main_Eckert","nt_native","09a390a6-3119-4a82-90e0-7a7b43b767e5",8,5,"> 0 (0-1)",">",0,1,TRUE,"number of native taxa","Rule0",NA,NA,NA,NA,NA,"Main_Eckert","Main_Eckert",1,"Main_Eckert_L5_Rule0_nt_native"
"LBR_Fish_BCG_v1","Main_Eckert","nt_native","09a390a6-3119-4a82-90e0-7a7b43b767e5",8,3,"> 6 (5-8)",">",5,8,TRUE,"number of native taxa","Rule0",NA,NA,NA,NA,NA,"Main_Eckert","Main_Eckert",1,"Main_Eckert_L3_Rule0_nt_native"
"LBR_Fish_BCG_v1","Main_Eckert","nt_native","09a390a6-3119-4a82-90e0-7a7b43b767e5",8,4,"≥ 4 (3-5)",">=",3,5,TRUE,"number of native taxa","Rule0",NA,NA,NA,NA,NA,"Main_Eckert","Main_Eckert",1,"Main_Eckert_L4_Rule0_nt_native"
"LBR_Fish_BCG_v1","Main_Eckert","nt_native","09a390a6-3119-4a82-90e0-7a7b43b767e5",8,2,"> 12 (11-14)",">",11,14,TRUE,"number of native taxa","Rule0",NA,NA,NA,NA,NA,"Main_Eckert","Main_Eckert",0,"Main_Eckert_L2_Rule0_nt_native"
"LBR_Fish_BCG_v1","Main_Eckert","nt_native","09a390a6-3119-4a82-90e0-7a7b43b767e5",8,3,"≥ 6 (5-7)",">=",5,7,TRUE,"number of native taxa","Rule0",NA,NA,NA,NA,NA,"Main_Eckert","Main_Eckert",1,"Main_Eckert_L3_Rule0_nt_native"
"LBR_Fish_BCG_v1","Main_Eckert","nt_native","09a390a6-3119-4a82-90e0-7a7b43b767e5",8,2,"> 8 (7-10)",">",7,10,TRUE,"number of native taxa","Rule0",NA,NA,NA,NA,NA,"Main_Eckert","Main_Eckert",0.333333333333333,"Main_Eckert_L2_Rule0_nt_native"
"LBR_Fish_BCG_v1","Main_Eckert","nt_native","09a390a6-3119-4a82-90e0-7a7b43b767e5",8,4,"> 3 (2-5)",">",2,5,TRUE,"number of native taxa","Rule0",NA,NA,NA,NA,NA,"Main_Eckert","Main_Eckert",1,"Main_Eckert_L4_Rule0_nt_native"
"LBR_Fish_BCG_v1","Main_Eckert","nt_native","BRLogCrk1996",6,5,"> 1 (0-3)",">",0,3,TRUE,"number of native taxa","Rule0",NA,NA,NA,NA,NA,"Main_Eckert","Main_Eckert",1,"Main_Eckert_L5_Rule0_nt_native"
"LBR_Fish_BCG_v1","Main_Eckert","nt_native","BRLogCrk1996",6,5,"> 0 (0-1)",">",0,1,TRUE,"number of native taxa","Rule0",NA,NA,NA,NA,NA,"Main_Eckert","Main_Eckert",1,"Main_Eckert_L5_Rule0_nt_native"
"LBR_Fish_BCG_v1","Main_Eckert","nt_native","BRLogCrk1996",6,3,"> 6 (5-8)",">",5,8,TRUE,"number of native taxa","Rule0",NA,NA,NA,NA,NA,"Main_Eckert","Main_Eckert",0.333333333333333,"Main_Eckert_L3_Rule0_nt_native"
"LBR_Fish_BCG_v1","Main_Eckert","nt_native","BRLogCrk1996",6,4,"≥ 4 (3-5)",">=",3,5,TRUE,"number of native taxa","Rule0",NA,NA,NA,NA,NA,"Main_Eckert","Main_Eckert",1,"Main_Eckert_L4_Rule0_nt_native"
"LBR_Fish_BCG_v1","Main_Eckert","nt_native","BRLogCrk1996",6,2,"> 12 (11-14)",">",11,14,TRUE,"number of native taxa","Rule0",NA,NA,NA,NA,NA,"Main_Eckert","Main_Eckert",0,"Main_Eckert_L2_Rule0_nt_native"
"LBR_Fish_BCG_v1","Main_Eckert","nt_native","BRLogCrk1996",6,3,"≥ 6 (5-7)",">=",5,7,TRUE,"number of native taxa","Rule0",NA,NA,NA,NA,NA,"Main_Eckert","Main_Eckert",0.5,"Main_Eckert_L3_Rule0_nt_native"
"LBR_Fish_BCG_v1","Main_Eckert","nt_native","BRLogCrk1996",6,2,"> 8 (7-10)",">",7,10,TRUE,"number of native taxa","Rule0",NA,NA,NA,NA,NA,"Main_Eckert","Main_Eckert",0,"Main_Eckert_L2_Rule0_nt_native"
"LBR_Fish_BCG_v1","Main_Eckert","nt_native","BRLogCrk1996",6,4,"> 3 (2-5)",">",2,5,TRUE,"number of native taxa","Rule0",NA,NA,NA,NA,NA,"Main_Eckert","Main_Eckert",1,"Main_Eckert_L4_Rule0_nt_native"
"LBR_Fish_BCG_v1","Main_Eckert","nt_native","BREck2005",7,5,"> 1 (0-3)",">",0,3,TRUE,"number of native taxa","Rule0",NA,NA,NA,NA,NA,"Main_Eckert","Main_Eckert",1,"Main_Eckert_L5_Rule0_nt_native"
"LBR_Fish_BCG_v1","Main_Eckert","nt_native","BREck2005",7,5,"> 0 (0-1)",">",0,1,TRUE,"number of native taxa","Rule0",NA,NA,NA,NA,NA,"Main_Eckert","Main_Eckert",1,"Main_Eckert_L5_Rule0_nt_native"
"LBR_Fish_BCG_v1","Main_Eckert","nt_native","BREck2005",7,3,"> 6 (5-8)",">",5,8,TRUE,"number of native taxa","Rule0",NA,NA,NA,NA,NA,"Main_Eckert","Main_Eckert",0.666666666666667,"Main_Eckert_L3_Rule0_nt_native"
"LBR_Fish_BCG_v1","Main_Eckert","nt_native","BREck2005",7,4,"≥ 4 (3-5)",">=",3,5,TRUE,"number of native taxa","Rule0",NA,NA,NA,NA,NA,"Main_Eckert","Main_Eckert",1,"Main_Eckert_L4_Rule0_nt_native"
"LBR_Fish_BCG_v1","Main_Eckert","nt_native","BREck2005",7,2,"> 12 (11-14)",">",11,14,TRUE,"number of native taxa","Rule0",NA,NA,NA,NA,NA,"Main_Eckert","Main_Eckert",0,"Main_Eckert_L2_Rule0_nt_native"
"LBR_Fish_BCG_v1","Main_Eckert","nt_native","BREck2005",7,3,"≥ 6 (5-7)",">=",5,7,TRUE,"number of native taxa","Rule0",NA,NA,NA,NA,NA,"Main_Eckert","Main_Eckert",1,"Main_Eckert_L3_Rule0_nt_native"
"LBR_Fish_BCG_v1","Main_Eckert","nt_native","BREck2005",7,2,"> 8 (7-10)",">",7,10,TRUE,"number of native taxa","Rule0",NA,NA,NA,NA,NA,"Main_Eckert","Main_Eckert",0,"Main_Eckert_L2_Rule0_nt_native"
"LBR_Fish_BCG_v1","Main_Eckert","nt_native","BREck2005",7,4,"> 3 (2-5)",">",2,5,TRUE,"number of native taxa","Rule0",NA,NA,NA,NA,NA,"Main_Eckert","Main_Eckert",1,"Main_Eckert_L4_Rule0_nt_native"
"LBR_Fish_BCG_v1","Main_Eckert","nt_native","BREck2014",8,5,"> 1 (0-3)",">",0,3,TRUE,"number of native taxa","Rule0",NA,NA,NA,NA,NA,"Main_Eckert","Main_Eckert",1,"Main_Eckert_L5_Rule0_nt_native"
"LBR_Fish_BCG_v1","Main_Eckert","nt_native","BREck2014",8,5,"> 0 (0-1)",">",0,1,TRUE,"number of native taxa","Rule0",NA,NA,NA,NA,NA,"Main_Eckert","Main_Eckert",1,"Main_Eckert_L5_Rule0_nt_native"
"LBR_Fish_BCG_v1","Main_Eckert","nt_native","BREck2014",8,3,"> 6 (5-8)",">",5,8,TRUE,"number of native taxa","Rule0",NA,NA,NA,NA,NA,"Main_Eckert","Main_Eckert",1,"Main_Eckert_L3_Rule0_nt_native"
"LBR_Fish_BCG_v1","Main_Eckert","nt_native","BREck2014",8,4,"≥ 4 (3-5)",">=",3,5,TRUE,"number of native taxa","Rule0",NA,NA,NA,NA,NA,"Main_Eckert","Main_Eckert",1,"Main_Eckert_L4_Rule0_nt_native"
"LBR_Fish_BCG_v1","Main_Eckert","nt_native","BREck2014",8,2,"> 12 (11-14)",">",11,14,TRUE,"number of native taxa","Rule0",NA,NA,NA,NA,NA,"Main_Eckert","Main_Eckert",0,"Main_Eckert_L2_Rule0_nt_native"
"LBR_Fish_BCG_v1","Main_Eckert","nt_native","BREck2014",8,3,"≥ 6 (5-7)",">=",5,7,TRUE,"number of native taxa","Rule0",NA,NA,NA,NA,NA,"Main_Eckert","Main_Eckert",1,"Main_Eckert_L3_Rule0_nt_native"
"LBR_Fish_BCG_v1","Main_Eckert","nt_native","BREck2014",8,2,"> 8 (7-10)",">",7,10,TRUE,"number of native taxa","Rule0",NA,NA,NA,NA,NA,"Main_Eckert","Main_Eckert",0.333333333333333,"Main_Eckert_L2_Rule0_nt_native"
"LBR_Fish_BCG_v1","Main_Eckert","nt_native","BREck2014",8,4,"> 3 (2-5)",">",2,5,TRUE,"number of native taxa","Rule0",NA,NA,NA,NA,NA,"Main_Eckert","Main_Eckert",1,"Main_Eckert_L4_Rule0_nt_native"
"LBR_Fish_BCG_v1","Main_Eckert","nt_native","BREck2003",10,5,"> 1 (0-3)",">",0,3,TRUE,"number of native taxa","Rule0",NA,NA,NA,NA,NA,"Main_Eckert","Main_Eckert",1,"Main_Eckert_L5_Rule0_nt_native"
"LBR_Fish_BCG_v1","Main_Eckert","nt_native","BREck2003",10,5,"> 0 (0-1)",">",0,1,TRUE,"number of native taxa","Rule0",NA,NA,NA,NA,NA,"Main_Eckert","Main_Eckert",1,"Main_Eckert_L5_Rule0_nt_native"
"LBR_Fish_BCG_v1","Main_Eckert","nt_native","BREck2003",10,3,"> 6 (5-8)",">",5,8,TRUE,"number of native taxa","Rule0",NA,NA,NA,NA,NA,"Main_Eckert","Main_Eckert",1,"Main_Eckert_L3_Rule0_nt_native"
"LBR_Fish_BCG_v1","Main_Eckert","nt_native","BREck2003",10,4,"≥ 4 (3-5)",">=",3,5,TRUE,"number of native taxa","Rule0",NA,NA,NA,NA,NA,"Main_Eckert","Main_Eckert",1,"Main_Eckert_L4_Rule0_nt_native"
"LBR_Fish_BCG_v1","Main_Eckert","nt_native","BREck2003",10,2,"> 12 (11-14)",">",11,14,TRUE,"number of native taxa","Rule0",NA,NA,NA,NA,NA,"Main_Eckert","Main_Eckert",0,"Main_Eckert_L2_Rule0_nt_native"
"LBR_Fish_BCG_v1","Main_Eckert","nt_native","BREck2003",10,3,"≥ 6 (5-7)",">=",5,7,TRUE,"number of native taxa","Rule0",NA,NA,NA,NA,NA,"Main_Eckert","Main_Eckert",1,"Main_Eckert_L3_Rule0_nt_native"
"LBR_Fish_BCG_v1","Main_Eckert","nt_native","BREck2003",10,2,"> 8 (7-10)",">",7,10,TRUE,"number of native taxa","Rule0",NA,NA,NA,NA,NA,"Main_Eckert","Main_Eckert",1,"Main_Eckert_L2_Rule0_nt_native"
"LBR_Fish_BCG_v1","Main_Eckert","nt_native","BREck2003",10,4,"> 3 (2-5)",">",2,5,TRUE,"number of native taxa","Rule0",NA,NA,NA,NA,NA,"Main_Eckert","Main_Eckert",1,"Main_Eckert_L4_Rule0_nt_native"
"LBR_Fish_BCG_v1","Main_Eckert","nt_natLeuc","BREck2017",3,3,"> 1 (1-2)",">",1,2,TRUE,"number of taxa - native Leuciscidae (minnows)","Rule0",NA,NA,NA,NA,NA,"Main_Eckert","Main_Eckert",1,"Main_Eckert_L3_Rule0_nt_natLeuc"
"LBR_Fish_BCG_v1","Main_Eckert","nt_natLeuc","BREck2017",3,2,"≥ 4 (3-5)",">=",3,5,TRUE,"number of taxa - native Leuciscidae (minnows)","Rule0",NA,NA,NA,NA,NA,"Main_Eckert","Main_Eckert",0,"Main_Eckert_L2_Rule0_nt_natLeuc"
"LBR_Fish_BCG_v1","Main_Eckert","nt_natLeuc","BREck2011",2,3,"> 1 (1-2)",">",1,2,TRUE,"number of taxa - native Leuciscidae (minnows)","Rule0",NA,NA,NA,NA,NA,"Main_Eckert","Main_Eckert",1,"Main_Eckert_L3_Rule0_nt_natLeuc"
"LBR_Fish_BCG_v1","Main_Eckert","nt_natLeuc","BREck2011",2,2,"≥ 4 (3-5)",">=",3,5,TRUE,"number of taxa - native Leuciscidae (minnows)","Rule0",NA,NA,NA,NA,NA,"Main_Eckert","Main_Eckert",0,"Main_Eckert_L2_Rule0_nt_natLeuc"
"LBR_Fish_BCG_v1","Main_Eckert","nt_natLeuc","BREck2005",2,3,"> 1 (1-2)",">",1,2,TRUE,"number of taxa - native Leuciscidae (minnows)","Rule0",NA,NA,NA,NA,NA,"Main_Eckert","Main_Eckert",1,"Main_Eckert_L3_Rule0_nt_natLeuc"
"LBR_Fish_BCG_v1","Main_Eckert","nt_natLeuc","BREck2005",2,2,"≥ 4 (3-5)",">=",3,5,TRUE,"number of taxa - native Leuciscidae (minnows)","Rule0",NA,NA,NA,NA,NA,"Main_Eckert","Main_Eckert",0,"Main_Eckert_L2_Rule0_nt_natLeuc"
"LBR_Fish_BCG_v1","Main_Eckert","nt_natLeuc","BREck2014",2,3,"> 1 (1-2)",">",1,2,TRUE,"number of taxa - native Leuciscidae (minnows)","Rule0",NA,NA,NA,NA,NA,"Main_Eckert","Main_Eckert",1,"Main_Eckert_L3_Rule0_nt_natLeuc"
"LBR_Fish_BCG_v1","Main_Eckert","nt_natLeuc","BREck2014",2,2,"≥ 4 (3-5)",">=",3,5,TRUE,"number of taxa - native Leuciscidae (minnows)","Rule0",NA,NA,NA,NA,NA,"Main_Eckert","Main_Eckert",0,"Main_Eckert_L2_Rule0_nt_natLeuc"
"LBR_Fish_BCG_v1","Main_Eckert","nt_natLeuc","d4f42475-7110-4ef6-bc63-33b82f0712cf",2,3,"> 1 (1-2)",">",1,2,TRUE,"number of taxa - native Leuciscidae (minnows)","Rule0",NA,NA,NA,NA,NA,"Main_Eckert","Main_Eckert",1,"Main_Eckert_L3_Rule0_nt_natLeuc"
"LBR_Fish_BCG_v1","Main_Eckert","nt_natLeuc","d4f42475-7110-4ef6-bc63-33b82f0712cf",2,2,"≥ 4 (3-5)",">=",3,5,TRUE,"number of taxa - native Leuciscidae (minnows)","Rule0",NA,NA,NA,NA,NA,"Main_Eckert","Main_Eckert",0,"Main_Eckert_L2_Rule0_nt_natLeuc"
"LBR_Fish_BCG_v1","Main_Eckert","nt_natLeuc","BREck2003",3,3,"> 1 (1-2)",">",1,2,TRUE,"number of taxa - native Leuciscidae (minnows)","Rule0",NA,NA,NA,NA,NA,"Main_Eckert","Main_Eckert",1,"Main_Eckert_L3_Rule0_nt_natLeuc"
"LBR_Fish_BCG_v1","Main_Eckert","nt_natLeuc","BREck2003",3,2,"≥ 4 (3-5)",">=",3,5,TRUE,"number of taxa - native Leuciscidae (minnows)","Rule0",NA,NA,NA,NA,NA,"Main_Eckert","Main_Eckert",0,"Main_Eckert_L2_Rule0_nt_natLeuc"
"LBR_Fish_BCG_v1","Main_Eckert","nt_natLeuc","BRLogCrk1996",2,3,"> 1 (1-2)",">",1,2,TRUE,"number of taxa - native Leuciscidae (minnows)","Rule0",NA,NA,NA,NA,NA,"Main_Eckert","Main_Eckert",1,"Main_Eckert_L3_Rule0_nt_natLeuc"
"LBR_Fish_BCG_v1","Main_Eckert","nt_natLeuc","BRLogCrk1996",2,2,"≥ 4 (3-5)",">=",3,5,TRUE,"number of taxa - native Leuciscidae (minnows)","Rule0",NA,NA,NA,NA,NA,"Main_Eckert","Main_Eckert",0,"Main_Eckert_L2_Rule0_nt_natLeuc"
"LBR_Fish_BCG_v1","Main_Eckert","nt_natLeuc","09a390a6-3119-4a82-90e0-7a7b43b767e5",2,3,"> 1 (1-2)",">",1,2,TRUE,"number of taxa - native Leuciscidae (minnows)","Rule0",NA,NA,NA,NA,NA,"Main_Eckert","Main_Eckert",1,"Main_Eckert_L3_Rule0_nt_natLeuc"
"LBR_Fish_BCG_v1","Main_Eckert","nt_natLeuc","09a390a6-3119-4a82-90e0-7a7b43b767e5",2,2,"≥ 4 (3-5)",">=",3,5,TRUE,"number of taxa - native Leuciscidae (minnows)","Rule0",NA,NA,NA,NA,NA,"Main_Eckert","Main_Eckert",0,"Main_Eckert_L2_Rule0_nt_natLeuc"
"LBR_Fish_BCG_v1","Main_Eckert","nt_nonnative","BREck2014",1,2,"< 0 (0-1)","<",0,1,FALSE,"number of non-native taxa","Rule0",NA,NA,NA,NA,NA,"Main_Eckert","Main_Eckert",0,"Main_Eckert_L2_Rule0_nt_nonnative"
"LBR_Fish_BCG_v1","Main_Eckert","nt_nonnative","09a390a6-3119-4a82-90e0-7a7b43b767e5",1,2,"< 0 (0-1)","<",0,1,FALSE,"number of non-native taxa","Rule0",NA,NA,NA,NA,NA,"Main_Eckert","Main_Eckert",0,"Main_Eckert_L2_Rule0_nt_nonnative"
"LBR_Fish_BCG_v1","Main_Eckert","nt_nonnative","BREck2003",1,2,"< 0 (0-1)","<",0,1,FALSE,"number of non-native taxa","Rule0",NA,NA,NA,NA,NA,"Main_Eckert","Main_Eckert",0,"Main_Eckert_L2_Rule0_nt_nonnative"
"LBR_Fish_BCG_v1","Main_Eckert","nt_nonnative","BRLogCrk1996",1,2,"< 0 (0-1)","<",0,1,FALSE,"number of non-native taxa","Rule0",NA,NA,NA,NA,NA,"Main_Eckert","Main_Eckert",0,"Main_Eckert_L2_Rule0_nt_nonnative"
"LBR_Fish_BCG_v1","Main_Eckert","nt_nonnative","BREck2017",1,2,"< 0 (0-1)","<",0,1,FALSE,"number of non-native taxa","Rule0",NA,NA,NA,NA,NA,"Main_Eckert","Main_Eckert",0,"Main_Eckert_L2_Rule0_nt_nonnative"
"LBR_Fish_BCG_v1","Main_Eckert","nt_nonnative","BREck2011",1,2,"< 0 (0-1)","<",0,1,FALSE,"number of non-native taxa","Rule0",NA,NA,NA,NA,NA,"Main_Eckert","Main_Eckert",0,"Main_Eckert_L2_Rule0_nt_nonnative"
"LBR_Fish_BCG_v1","Main_Eckert","nt_nonnative","BREck2005",1,2,"< 0 (0-1)","<",0,1,FALSE,"number of non-native taxa","Rule0",NA,NA,NA,NA,NA,"Main_Eckert","Main_Eckert",0,"Main_Eckert_L2_Rule0_nt_nonnative"
"LBR_Fish_BCG_v1","Main_Eckert","nt_nonnative","d4f42475-7110-4ef6-bc63-33b82f0712cf",1,2,"< 0 (0-1)","<",0,1,FALSE,"number of non-native taxa","Rule0",NA,NA,NA,NA,NA,"Main_Eckert","Main_Eckert",0,"Main_Eckert_L2_Rule0_nt_nonnative"
"LBR_Fish_BCG_v1","Main_Eckert","nt_repro_lithophil","BREck2017",6,3,"> 3 (3-4)",">",3,4,TRUE,"number of taxa - lithophilic spawners","Rule0",NA,NA,NA,NA,NA,"Main_Eckert","Main_Eckert",1,"Main_Eckert_L3_Rule0_nt_repro_lithophil"
"LBR_Fish_BCG_v1","Main_Eckert","nt_repro_lithophil","BREck2017",6,2,"> 7 (6-9)",">",6,9,TRUE,"number of taxa - LITHOPHIL (requires clean, coarse substrate)","Rule0",NA,NA,NA,NA,NA,"Main_Eckert","Main_Eckert",0,"Main_Eckert_L2_Rule0_nt_repro_lithophil"
"LBR_Fish_BCG_v1","Main_Eckert","nt_repro_lithophil","BREck2017",6,4,"> 2 (2-3)",">",2,3,TRUE,"number of taxa - lithophilic spawners","Rule0",NA,NA,NA,NA,NA,"Main_Eckert","Main_Eckert",1,"Main_Eckert_L4_Rule0_nt_repro_lithophil"
"LBR_Fish_BCG_v1","Main_Eckert","nt_repro_lithophil","BREck2017",6,2,"≥ 6 (5-7)",">=",5,7,TRUE,"number of taxa - lithophilic spawners","Rule0",NA,NA,NA,NA,NA,"Main_Eckert","Main_Eckert",0.5,"Main_Eckert_L2_Rule0_nt_repro_lithophil"
"LBR_Fish_BCG_v1","Main_Eckert","nt_repro_lithophil","BREck2017",6,4,"> 1 (0-3)",">",0,3,TRUE,"number of taxa - LITHOPHIL (requires clean, coarse substrate)","Rule0",NA,NA,NA,NA,NA,"Main_Eckert","Main_Eckert",1,"Main_Eckert_L4_Rule0_nt_repro_lithophil"
"LBR_Fish_BCG_v1","Main_Eckert","nt_repro_lithophil","BREck2017",6,3,"> 4 (3-6)",">",3,6,TRUE,"number of taxa - LITHOPHIL (requires clean, coarse substrate)","Rule0",NA,NA,NA,NA,NA,"Main_Eckert","Main_Eckert",1,"Main_Eckert_L3_Rule0_nt_repro_lithophil"
"LBR_Fish_BCG_v1","Main_Eckert","nt_repro_lithophil","BREck2011",6,3,"> 3 (3-4)",">",3,4,TRUE,"number of taxa - lithophilic spawners","Rule0",NA,NA,NA,NA,NA,"Main_Eckert","Main_Eckert",1,"Main_Eckert_L3_Rule0_nt_repro_lithophil"
"LBR_Fish_BCG_v1","Main_Eckert","nt_repro_lithophil","BREck2011",6,2,"> 7 (6-9)",">",6,9,TRUE,"number of taxa - LITHOPHIL (requires clean, coarse substrate)","Rule0",NA,NA,NA,NA,NA,"Main_Eckert","Main_Eckert",0,"Main_Eckert_L2_Rule0_nt_repro_lithophil"
"LBR_Fish_BCG_v1","Main_Eckert","nt_repro_lithophil","BREck2011",6,4,"> 2 (2-3)",">",2,3,TRUE,"number of taxa - lithophilic spawners","Rule0",NA,NA,NA,NA,NA,"Main_Eckert","Main_Eckert",1,"Main_Eckert_L4_Rule0_nt_repro_lithophil"
"LBR_Fish_BCG_v1","Main_Eckert","nt_repro_lithophil","BREck2011",6,2,"≥ 6 (5-7)",">=",5,7,TRUE,"number of taxa - lithophilic spawners","Rule0",NA,NA,NA,NA,NA,"Main_Eckert","Main_Eckert",0.5,"Main_Eckert_L2_Rule0_nt_repro_lithophil"
"LBR_Fish_BCG_v1","Main_Eckert","nt_repro_lithophil","BREck2011",6,4,"> 1 (0-3)",">",0,3,TRUE,"number of taxa - LITHOPHIL (requires clean, coarse substrate)","Rule0",NA,NA,NA,NA,NA,"Main_Eckert","Main_Eckert",1,"Main_Eckert_L4_Rule0_nt_repro_lithophil"
"LBR_Fish_BCG_v1","Main_Eckert","nt_repro_lithophil","BREck2011",6,3,"> 4 (3-6)",">",3,6,TRUE,"number of taxa - LITHOPHIL (requires clean, coarse substrate)","Rule0",NA,NA,NA,NA,NA,"Main_Eckert","Main_Eckert",1,"Main_Eckert_L3_Rule0_nt_repro_lithophil"
"LBR_Fish_BCG_v1","Main_Eckert","nt_repro_lithophil","BREck2005",4,3,"> 3 (3-4)",">",3,4,TRUE,"number of taxa - lithophilic spawners","Rule0",NA,NA,NA,NA,NA,"Main_Eckert","Main_Eckert",1,"Main_Eckert_L3_Rule0_nt_repro_lithophil"
"LBR_Fish_BCG_v1","Main_Eckert","nt_repro_lithophil","BREck2005",4,2,"> 7 (6-9)",">",6,9,TRUE,"number of taxa - LITHOPHIL (requires clean, coarse substrate)","Rule0",NA,NA,NA,NA,NA,"Main_Eckert","Main_Eckert",0,"Main_Eckert_L2_Rule0_nt_repro_lithophil"
"LBR_Fish_BCG_v1","Main_Eckert","nt_repro_lithophil","BREck2005",4,4,"> 2 (2-3)",">",2,3,TRUE,"number of taxa - lithophilic spawners","Rule0",NA,NA,NA,NA,NA,"Main_Eckert","Main_Eckert",1,"Main_Eckert_L4_Rule0_nt_repro_lithophil"
"LBR_Fish_BCG_v1","Main_Eckert","nt_repro_lithophil","BREck2005",4,2,"≥ 6 (5-7)",">=",5,7,TRUE,"number of taxa - lithophilic spawners","Rule0",NA,NA,NA,NA,NA,"Main_Eckert","Main_Eckert",0,"Main_Eckert_L2_Rule0_nt_repro_lithophil"
"LBR_Fish_BCG_v1","Main_Eckert","nt_repro_lithophil","BREck2005",4,4,"> 1 (0-3)",">",0,3,TRUE,"number of taxa - LITHOPHIL (requires clean, coarse substrate)","Rule0",NA,NA,NA,NA,NA,"Main_Eckert","Main_Eckert",1,"Main_Eckert_L4_Rule0_nt_repro_lithophil"
"LBR_Fish_BCG_v1","Main_Eckert","nt_repro_lithophil","BREck2005",4,3,"> 4 (3-6)",">",3,6,TRUE,"number of taxa - LITHOPHIL (requires clean, coarse substrate)","Rule0",NA,NA,NA,NA,NA,"Main_Eckert","Main_Eckert",0.333333333333333,"Main_Eckert_L3_Rule0_nt_repro_lithophil"
"LBR_Fish_BCG_v1","Main_Eckert","nt_repro_lithophil","09a390a6-3119-4a82-90e0-7a7b43b767e5",6,3,"> 3 (3-4)",">",3,4,TRUE,"number of taxa - lithophilic spawners","Rule0",NA,NA,NA,NA,NA,"Main_Eckert","Main_Eckert",1,"Main_Eckert_L3_Rule0_nt_repro_lithophil"
"LBR_Fish_BCG_v1","Main_Eckert","nt_repro_lithophil","09a390a6-3119-4a82-90e0-7a7b43b767e5",6,2,"> 7 (6-9)",">",6,9,TRUE,"number of taxa - LITHOPHIL (requires clean, coarse substrate)","Rule0",NA,NA,NA,NA,NA,"Main_Eckert","Main_Eckert",0,"Main_Eckert_L2_Rule0_nt_repro_lithophil"
"LBR_Fish_BCG_v1","Main_Eckert","nt_repro_lithophil","09a390a6-3119-4a82-90e0-7a7b43b767e5",6,4,"> 2 (2-3)",">",2,3,TRUE,"number of taxa - lithophilic spawners","Rule0",NA,NA,NA,NA,NA,"Main_Eckert","Main_Eckert",1,"Main_Eckert_L4_Rule0_nt_repro_lithophil"
"LBR_Fish_BCG_v1","Main_Eckert","nt_repro_lithophil","09a390a6-3119-4a82-90e0-7a7b43b767e5",6,2,"≥ 6 (5-7)",">=",5,7,TRUE,"number of taxa - lithophilic spawners","Rule0",NA,NA,NA,NA,NA,"Main_Eckert","Main_Eckert",0.5,"Main_Eckert_L2_Rule0_nt_repro_lithophil"
"LBR_Fish_BCG_v1","Main_Eckert","nt_repro_lithophil","09a390a6-3119-4a82-90e0-7a7b43b767e5",6,4,"> 1 (0-3)",">",0,3,TRUE,"number of taxa - LITHOPHIL (requires clean, coarse substrate)","Rule0",NA,NA,NA,NA,NA,"Main_Eckert","Main_Eckert",1,"Main_Eckert_L4_Rule0_nt_repro_lithophil"
"LBR_Fish_BCG_v1","Main_Eckert","nt_repro_lithophil","09a390a6-3119-4a82-90e0-7a7b43b767e5",6,3,"> 4 (3-6)",">",3,6,TRUE,"number of taxa - LITHOPHIL (requires clean, coarse substrate)","Rule0",NA,NA,NA,NA,NA,"Main_Eckert","Main_Eckert",1,"Main_Eckert_L3_Rule0_nt_repro_lithophil"
"LBR_Fish_BCG_v1","Main_Eckert","nt_repro_lithophil","BRLogCrk1996",5,3,"> 3 (3-4)",">",3,4,TRUE,"number of taxa - lithophilic spawners","Rule0",NA,NA,NA,NA,NA,"Main_Eckert","Main_Eckert",1,"Main_Eckert_L3_Rule0_nt_repro_lithophil"
"LBR_Fish_BCG_v1","Main_Eckert","nt_repro_lithophil","BRLogCrk1996",5,2,"> 7 (6-9)",">",6,9,TRUE,"number of taxa - LITHOPHIL (requires clean, coarse substrate)","Rule0",NA,NA,NA,NA,NA,"Main_Eckert","Main_Eckert",0,"Main_Eckert_L2_Rule0_nt_repro_lithophil"
"LBR_Fish_BCG_v1","Main_Eckert","nt_repro_lithophil","BRLogCrk1996",5,4,"> 2 (2-3)",">",2,3,TRUE,"number of taxa - lithophilic spawners","Rule0",NA,NA,NA,NA,NA,"Main_Eckert","Main_Eckert",1,"Main_Eckert_L4_Rule0_nt_repro_lithophil"
"LBR_Fish_BCG_v1","Main_Eckert","nt_repro_lithophil","BRLogCrk1996",5,2,"≥ 6 (5-7)",">=",5,7,TRUE,"number of taxa - lithophilic spawners","Rule0",NA,NA,NA,NA,NA,"Main_Eckert","Main_Eckert",0,"Main_Eckert_L2_Rule0_nt_repro_lithophil"
"LBR_Fish_BCG_v1","Main_Eckert","nt_repro_lithophil","BRLogCrk1996",5,4,"> 1 (0-3)",">",0,3,TRUE,"number of taxa - LITHOPHIL (requires clean, coarse substrate)","Rule0",NA,NA,NA,NA,NA,"Main_Eckert","Main_Eckert",1,"Main_Eckert_L4_Rule0_nt_repro_lithophil"
"LBR_Fish_BCG_v1","Main_Eckert","nt_repro_lithophil","BRLogCrk1996",5,3,"> 4 (3-6)",">",3,6,TRUE,"number of taxa - LITHOPHIL (requires clean, coarse substrate)","Rule0",NA,NA,NA,NA,NA,"Main_Eckert","Main_Eckert",0.666666666666667,"Main_Eckert_L3_Rule0_nt_repro_lithophil"
"LBR_Fish_BCG_v1","Main_Eckert","nt_repro_lithophil","d4f42475-7110-4ef6-bc63-33b82f0712cf",6,3,"> 3 (3-4)",">",3,4,TRUE,"number of taxa - lithophilic spawners","Rule0",NA,NA,NA,NA,NA,"Main_Eckert","Main_Eckert",1,"Main_Eckert_L3_Rule0_nt_repro_lithophil"
"LBR_Fish_BCG_v1","Main_Eckert","nt_repro_lithophil","d4f42475-7110-4ef6-bc63-33b82f0712cf",6,2,"> 7 (6-9)",">",6,9,TRUE,"number of taxa - LITHOPHIL (requires clean, coarse substrate)","Rule0",NA,NA,NA,NA,NA,"Main_Eckert","Main_Eckert",0,"Main_Eckert_L2_Rule0_nt_repro_lithophil"
"LBR_Fish_BCG_v1","Main_Eckert","nt_repro_lithophil","d4f42475-7110-4ef6-bc63-33b82f0712cf",6,4,"> 2 (2-3)",">",2,3,TRUE,"number of taxa - lithophilic spawners","Rule0",NA,NA,NA,NA,NA,"Main_Eckert","Main_Eckert",1,"Main_Eckert_L4_Rule0_nt_repro_lithophil"
"LBR_Fish_BCG_v1","Main_Eckert","nt_repro_lithophil","d4f42475-7110-4ef6-bc63-33b82f0712cf",6,2,"≥ 6 (5-7)",">=",5,7,TRUE,"number of taxa - lithophilic spawners","Rule0",NA,NA,NA,NA,NA,"Main_Eckert","Main_Eckert",0.5,"Main_Eckert_L2_Rule0_nt_repro_lithophil"
"LBR_Fish_BCG_v1","Main_Eckert","nt_repro_lithophil","d4f42475-7110-4ef6-bc63-33b82f0712cf",6,4,"> 1 (0-3)",">",0,3,TRUE,"number of taxa - LITHOPHIL (requires clean, coarse substrate)","Rule0",NA,NA,NA,NA,NA,"Main_Eckert","Main_Eckert",1,"Main_Eckert_L4_Rule0_nt_repro_lithophil"
"LBR_Fish_BCG_v1","Main_Eckert","nt_repro_lithophil","d4f42475-7110-4ef6-bc63-33b82f0712cf",6,3,"> 4 (3-6)",">",3,6,TRUE,"number of taxa - LITHOPHIL (requires clean, coarse substrate)","Rule0",NA,NA,NA,NA,NA,"Main_Eckert","Main_Eckert",1,"Main_Eckert_L3_Rule0_nt_repro_lithophil"
"LBR_Fish_BCG_v1","Main_Eckert","nt_repro_lithophil","BREck2014",5,3,"> 3 (3-4)",">",3,4,TRUE,"number of taxa - lithophilic spawners","Rule0",NA,NA,NA,NA,NA,"Main_Eckert","Main_Eckert",1,"Main_Eckert_L3_Rule0_nt_repro_lithophil"
"LBR_Fish_BCG_v1","Main_Eckert","nt_repro_lithophil","BREck2014",5,2,"> 7 (6-9)",">",6,9,TRUE,"number of taxa - LITHOPHIL (requires clean, coarse substrate)","Rule0",NA,NA,NA,NA,NA,"Main_Eckert","Main_Eckert",0,"Main_Eckert_L2_Rule0_nt_repro_lithophil"
"LBR_Fish_BCG_v1","Main_Eckert","nt_repro_lithophil","BREck2014",5,4,"> 2 (2-3)",">",2,3,TRUE,"number of taxa - lithophilic spawners","Rule0",NA,NA,NA,NA,NA,"Main_Eckert","Main_Eckert",1,"Main_Eckert_L4_Rule0_nt_repro_lithophil"
"LBR_Fish_BCG_v1","Main_Eckert","nt_repro_lithophil","BREck2014",5,2,"≥ 6 (5-7)",">=",5,7,TRUE,"number of taxa - lithophilic spawners","Rule0",NA,NA,NA,NA,NA,"Main_Eckert","Main_Eckert",0,"Main_Eckert_L2_Rule0_nt_repro_lithophil"
"LBR_Fish_BCG_v1","Main_Eckert","nt_repro_lithophil","BREck2014",5,4,"> 1 (0-3)",">",0,3,TRUE,"number of taxa - LITHOPHIL (requires clean, coarse substrate)","Rule0",NA,NA,NA,NA,NA,"Main_Eckert","Main_Eckert",1,"Main_Eckert_L4_Rule0_nt_repro_lithophil"
"LBR_Fish_BCG_v1","Main_Eckert","nt_repro_lithophil","BREck2014",5,3,"> 4 (3-6)",">",3,6,TRUE,"number of taxa - LITHOPHIL (requires clean, coarse substrate)","Rule0",NA,NA,NA,NA,NA,"Main_Eckert","Main_Eckert",0.666666666666667,"Main_Eckert_L3_Rule0_nt_repro_lithophil"
"LBR_Fish_BCG_v1","Main_Eckert","nt_repro_lithophil","BREck2003",6,3,"> 3 (3-4)",">",3,4,TRUE,"number of taxa - lithophilic spawners","Rule0",NA,NA,NA,NA,NA,"Main_Eckert","Main_Eckert",1,"Main_Eckert_L3_Rule0_nt_repro_lithophil"
"LBR_Fish_BCG_v1","Main_Eckert","nt_repro_lithophil","BREck2003",6,2,"> 7 (6-9)",">",6,9,TRUE,"number of taxa - LITHOPHIL (requires clean, coarse substrate)","Rule0",NA,NA,NA,NA,NA,"Main_Eckert","Main_Eckert",0,"Main_Eckert_L2_Rule0_nt_repro_lithophil"
"LBR_Fish_BCG_v1","Main_Eckert","nt_repro_lithophil","BREck2003",6,4,"> 2 (2-3)",">",2,3,TRUE,"number of taxa - lithophilic spawners","Rule0",NA,NA,NA,NA,NA,"Main_Eckert","Main_Eckert",1,"Main_Eckert_L4_Rule0_nt_repro_lithophil"
"LBR_Fish_BCG_v1","Main_Eckert","nt_repro_lithophil","BREck2003",6,2,"≥ 6 (5-7)",">=",5,7,TRUE,"number of taxa - lithophilic spawners","Rule0",NA,NA,NA,NA,NA,"Main_Eckert","Main_Eckert",0.5,"Main_Eckert_L2_Rule0_nt_repro_lithophil"
"LBR_Fish_BCG_v1","Main_Eckert","nt_repro_lithophil","BREck2003",6,4,"> 1 (0-3)",">",0,3,TRUE,"number of taxa - LITHOPHIL (requires clean, coarse substrate)","Rule0",NA,NA,NA,NA,NA,"Main_Eckert","Main_Eckert",1,"Main_Eckert_L4_Rule0_nt_repro_lithophil"
"LBR_Fish_BCG_v1","Main_Eckert","nt_repro_lithophil","BREck2003",6,3,"> 4 (3-6)",">",3,6,TRUE,"number of taxa - LITHOPHIL (requires clean, coarse substrate)","Rule0",NA,NA,NA,NA,NA,"Main_Eckert","Main_Eckert",1,"Main_Eckert_L3_Rule0_nt_repro_lithophil"
"LBR_Fish_BCG_v1","Main_Eckert","nt_ti_warm","09a390a6-3119-4a82-90e0-7a7b43b767e5",0,2,"< 0 (0-1)","<",0,1,FALSE,"number of taxa - warm","Rule0",NA,NA,NA,NA,NA,"Main_Eckert","Main_Eckert",1,"Main_Eckert_L2_Rule0_nt_ti_warm"
"LBR_Fish_BCG_v1","Main_Eckert","nt_ti_warm","BREck2005",0,2,"< 0 (0-1)","<",0,1,FALSE,"number of taxa - warm","Rule0",NA,NA,NA,NA,NA,"Main_Eckert","Main_Eckert",1,"Main_Eckert_L2_Rule0_nt_ti_warm"
"LBR_Fish_BCG_v1","Main_Eckert","nt_ti_warm","BREck2003",0,2,"< 0 (0-1)","<",0,1,FALSE,"number of taxa - warm","Rule0",NA,NA,NA,NA,NA,"Main_Eckert","Main_Eckert",1,"Main_Eckert_L2_Rule0_nt_ti_warm"
"LBR_Fish_BCG_v1","Main_Eckert","nt_ti_warm","BRLogCrk1996",0,2,"< 0 (0-1)","<",0,1,FALSE,"number of taxa - warm","Rule0",NA,NA,NA,NA,NA,"Main_Eckert","Main_Eckert",1,"Main_Eckert_L2_Rule0_nt_ti_warm"
"LBR_Fish_BCG_v1","Main_Eckert","nt_ti_warm","BREck2014",0,2,"< 0 (0-1)","<",0,1,FALSE,"number of taxa - warm","Rule0",NA,NA,NA,NA,NA,"Main_Eckert","Main_Eckert",1,"Main_Eckert_L2_Rule0_nt_ti_warm"
"LBR_Fish_BCG_v1","Main_Eckert","nt_ti_warm","d4f42475-7110-4ef6-bc63-33b82f0712cf",0,2,"< 0 (0-1)","<",0,1,FALSE,"number of taxa - warm","Rule0",NA,NA,NA,NA,NA,"Main_Eckert","Main_Eckert",1,"Main_Eckert_L2_Rule0_nt_ti_warm"
"LBR_Fish_BCG_v1","Main_Eckert","nt_ti_warm","BREck2011",0,2,"< 0 (0-1)","<",0,1,FALSE,"number of taxa - warm","Rule0",NA,NA,NA,NA,NA,"Main_Eckert","Main_Eckert",1,"Main_Eckert_L2_Rule0_nt_ti_warm"
"LBR_Fish_BCG_v1","Main_Eckert","nt_ti_warm","BREck2017",0,2,"< 0 (0-1)","<",0,1,FALSE,"number of taxa - warm","Rule0",NA,NA,NA,NA,NA,"Main_Eckert","Main_Eckert",1,"Main_Eckert_L2_Rule0_nt_ti_warm"
"LBR_Fish_BCG_v1","Main_Eckert","pi_BCG_att123","BREck2003",92.831541218638,4,"≥ 30 (25-35)",">=",25,35,TRUE,"percent (0-100) individuals - BCG Attribute I + II + III","Rule0",NA,NA,NA,NA,NA,"Main_Eckert","Main_Eckert",1,"Main_Eckert_L4_Rule0_pi_BCG_att123"
"LBR_Fish_BCG_v1","Main_Eckert","pi_BCG_att123","BREck2003",92.831541218638,5,"≥ 20 (15-25)",">=",15,25,TRUE,"percent (0-100) individuals - BCG Attribute I + II + III","Rule0",NA,NA,NA,NA,NA,"Main_Eckert","Main_Eckert",1,"Main_Eckert_L5_Rule0_pi_BCG_att123"
"LBR_Fish_BCG_v1","Main_Eckert","pi_BCG_att123","BREck2003",92.831541218638,3,"≥ 70 (65-75)",">=",65,75,TRUE,"percent (0-100) individuals - BCG Attribute I + II + III","Rule0",NA,NA,NA,NA,NA,"Main_Eckert","Main_Eckert",1,"Main_Eckert_L3_Rule0_pi_BCG_att123"
"LBR_Fish_BCG_v1","Main_Eckert","pi_BCG_att123","BREck2003",92.831541218638,3,"> 82% (80-85)",">",80,85,TRUE,"percent (0-100) individuals - BCG Attribute I + II + III","Rule0",NA,NA,NA,NA,NA,"Main_Eckert","Main_Eckert",1,"Main_Eckert_L3_Rule0_pi_BCG_att123"
"LBR_Fish_BCG_v1","Main_Eckert","pi_BCG_att123","BREck2003",92.831541218638,2,"≥ 80 (75-85)",">=",75,85,TRUE,"percent (0-100) individuals - BCG Attribute I + II + III","Rule0",NA,NA,NA,NA,NA,"Main_Eckert","Main_Eckert",1,"Main_Eckert_L2_Rule0_pi_BCG_att123"
"LBR_Fish_BCG_v1","Main_Eckert","pi_BCG_att123","BREck2003",92.831541218638,2,"≥ 90% (85-95)",">=",85,95,TRUE,"percent (0-100) individuals - BCG Attribute I + II + III","Rule0",NA,NA,NA,NA,NA,"Main_Eckert","Main_Eckert",0.783154121863799,"Main_Eckert_L2_Rule0_pi_BCG_att123"
"LBR_Fish_BCG_v1","Main_Eckert","pi_BCG_att123","BRLogCrk1996",69.7478991596639,4,"≥ 30 (25-35)",">=",25,35,TRUE,"percent (0-100) individuals - BCG Attribute I + II + III","Rule0",NA,NA,NA,NA,NA,"Main_Eckert","Main_Eckert",1,"Main_Eckert_L4_Rule0_pi_BCG_att123"
"LBR_Fish_BCG_v1","Main_Eckert","pi_BCG_att123","BRLogCrk1996",69.7478991596639,5,"≥ 20 (15-25)",">=",15,25,TRUE,"percent (0-100) individuals - BCG Attribute I + II + III","Rule0",NA,NA,NA,NA,NA,"Main_Eckert","Main_Eckert",1,"Main_Eckert_L5_Rule0_pi_BCG_att123"
"LBR_Fish_BCG_v1","Main_Eckert","pi_BCG_att123","BRLogCrk1996",69.7478991596639,3,"≥ 70 (65-75)",">=",65,75,TRUE,"percent (0-100) individuals - BCG Attribute I + II + III","Rule0",NA,NA,NA,NA,NA,"Main_Eckert","Main_Eckert",0.474789915966386,"Main_Eckert_L3_Rule0_pi_BCG_att123"
"LBR_Fish_BCG_v1","Main_Eckert","pi_BCG_att123","BRLogCrk1996",69.7478991596639,3,"> 82% (80-85)",">",80,85,TRUE,"percent (0-100) individuals - BCG Attribute I + II + III","Rule0",NA,NA,NA,NA,NA,"Main_Eckert","Main_Eckert",0,"Main_Eckert_L3_Rule0_pi_BCG_att123"
"LBR_Fish_BCG_v1","Main_Eckert","pi_BCG_att123","BRLogCrk1996",69.7478991596639,2,"≥ 80 (75-85)",">=",75,85,TRUE,"percent (0-100) individuals - BCG Attribute I + II + III","Rule0",NA,NA,NA,NA,NA,"Main_Eckert","Main_Eckert",0,"Main_Eckert_L2_Rule0_pi_BCG_att123"
"LBR_Fish_BCG_v1","Main_Eckert","pi_BCG_att123","BRLogCrk1996",69.7478991596639,2,"≥ 90% (85-95)",">=",85,95,TRUE,"percent (0-100) individuals - BCG Attribute I + II + III","Rule0",NA,NA,NA,NA,NA,"Main_Eckert","Main_Eckert",0,"Main_Eckert_L2_Rule0_pi_BCG_att123"
"LBR_Fish_BCG_v1","Main_Eckert","pi_BCG_att123","BREck2011",89.6946564885496,4,"≥ 30 (25-35)",">=",25,35,TRUE,"percent (0-100) individuals - BCG Attribute I + II + III","Rule0",NA,NA,NA,NA,NA,"Main_Eckert","Main_Eckert",1,"Main_Eckert_L4_Rule0_pi_BCG_att123"
"LBR_Fish_BCG_v1","Main_Eckert","pi_BCG_att123","BREck2011",89.6946564885496,5,"≥ 20 (15-25)",">=",15,25,TRUE,"percent (0-100) individuals - BCG Attribute I + II + III","Rule0",NA,NA,NA,NA,NA,"Main_Eckert","Main_Eckert",1,"Main_Eckert_L5_Rule0_pi_BCG_att123"
"LBR_Fish_BCG_v1","Main_Eckert","pi_BCG_att123","BREck2011",89.6946564885496,3,"≥ 70 (65-75)",">=",65,75,TRUE,"percent (0-100) individuals - BCG Attribute I + II + III","Rule0",NA,NA,NA,NA,NA,"Main_Eckert","Main_Eckert",1,"Main_Eckert_L3_Rule0_pi_BCG_att123"
"LBR_Fish_BCG_v1","Main_Eckert","pi_BCG_att123","BREck2011",89.6946564885496,3,"> 82% (80-85)",">",80,85,TRUE,"percent (0-100) individuals - BCG Attribute I + II + III","Rule0",NA,NA,NA,NA,NA,"Main_Eckert","Main_Eckert",1,"Main_Eckert_L3_Rule0_pi_BCG_att123"
"LBR_Fish_BCG_v1","Main_Eckert","pi_BCG_att123","BREck2011",89.6946564885496,2,"≥ 80 (75-85)",">=",75,85,TRUE,"percent (0-100) individuals - BCG Attribute I + II + III","Rule0",NA,NA,NA,NA,NA,"Main_Eckert","Main_Eckert",1,"Main_Eckert_L2_Rule0_pi_BCG_att123"
"LBR_Fish_BCG_v1","Main_Eckert","pi_BCG_att123","BREck2011",89.6946564885496,2,"≥ 90% (85-95)",">=",85,95,TRUE,"percent (0-100) individuals - BCG Attribute I + II + III","Rule0",NA,NA,NA,NA,NA,"Main_Eckert","Main_Eckert",0.46946564885496,"Main_Eckert_L2_Rule0_pi_BCG_att123"
"LBR_Fish_BCG_v1","Main_Eckert","pi_BCG_att123","BREck2014",89.9777282850779,4,"≥ 30 (25-35)",">=",25,35,TRUE,"percent (0-100) individuals - BCG Attribute I + II + III","Rule0",NA,NA,NA,NA,NA,"Main_Eckert","Main_Eckert",1,"Main_Eckert_L4_Rule0_pi_BCG_att123"
"LBR_Fish_BCG_v1","Main_Eckert","pi_BCG_att123","BREck2014",89.9777282850779,5,"≥ 20 (15-25)",">=",15,25,TRUE,"percent (0-100) individuals - BCG Attribute I + II + III","Rule0",NA,NA,NA,NA,NA,"Main_Eckert","Main_Eckert",1,"Main_Eckert_L5_Rule0_pi_BCG_att123"
"LBR_Fish_BCG_v1","Main_Eckert","pi_BCG_att123","BREck2014",89.9777282850779,3,"≥ 70 (65-75)",">=",65,75,TRUE,"percent (0-100) individuals - BCG Attribute I + II + III","Rule0",NA,NA,NA,NA,NA,"Main_Eckert","Main_Eckert",1,"Main_Eckert_L3_Rule0_pi_BCG_att123"
"LBR_Fish_BCG_v1","Main_Eckert","pi_BCG_att123","BREck2014",89.9777282850779,3,"> 82% (80-85)",">",80,85,TRUE,"percent (0-100) individuals - BCG Attribute I + II + III","Rule0",NA,NA,NA,NA,NA,"Main_Eckert","Main_Eckert",1,"Main_Eckert_L3_Rule0_pi_BCG_att123"
"LBR_Fish_BCG_v1","Main_Eckert","pi_BCG_att123","BREck2014",89.9777282850779,2,"≥ 80 (75-85)",">=",75,85,TRUE,"percent (0-100) individuals - BCG Attribute I + II + III","Rule0",NA,NA,NA,NA,NA,"Main_Eckert","Main_Eckert",1,"Main_Eckert_L2_Rule0_pi_BCG_att123"
"LBR_Fish_BCG_v1","Main_Eckert","pi_BCG_att123","BREck2014",89.9777282850779,2,"≥ 90% (85-95)",">=",85,95,TRUE,"percent (0-100) individuals - BCG Attribute I + II + III","Rule0",NA,NA,NA,NA,NA,"Main_Eckert","Main_Eckert",0.497772828507795,"Main_Eckert_L2_Rule0_pi_BCG_att123"
"LBR_Fish_BCG_v1","Main_Eckert","pi_BCG_att123","BREck2005",90.4458598726115,4,"≥ 30 (25-35)",">=",25,35,TRUE,"percent (0-100) individuals - BCG Attribute I + II + III","Rule0",NA,NA,NA,NA,NA,"Main_Eckert","Main_Eckert",1,"Main_Eckert_L4_Rule0_pi_BCG_att123"
"LBR_Fish_BCG_v1","Main_Eckert","pi_BCG_att123","BREck2005",90.4458598726115,5,"≥ 20 (15-25)",">=",15,25,TRUE,"percent (0-100) individuals - BCG Attribute I + II + III","Rule0",NA,NA,NA,NA,NA,"Main_Eckert","Main_Eckert",1,"Main_Eckert_L5_Rule0_pi_BCG_att123"
"LBR_Fish_BCG_v1","Main_Eckert","pi_BCG_att123","BREck2005",90.4458598726115,3,"≥ 70 (65-75)",">=",65,75,TRUE,"percent (0-100) individuals - BCG Attribute I + II + III","Rule0",NA,NA,NA,NA,NA,"Main_Eckert","Main_Eckert",1,"Main_Eckert_L3_Rule0_pi_BCG_att123"
"LBR_Fish_BCG_v1","Main_Eckert","pi_BCG_att123","BREck2005",90.4458598726115,3,"> 82% (80-85)",">",80,85,TRUE,"percent (0-100) individuals - BCG Attribute I + II + III","Rule0",NA,NA,NA,NA,NA,"Main_Eckert","Main_Eckert",1,"Main_Eckert_L3_Rule0_pi_BCG_att123"
"LBR_Fish_BCG_v1","Main_Eckert","pi_BCG_att123","BREck2005",90.4458598726115,2,"≥ 80 (75-85)",">=",75,85,TRUE,"percent (0-100) individuals - BCG Attribute I + II + III","Rule0",NA,NA,NA,NA,NA,"Main_Eckert","Main_Eckert",1,"Main_Eckert_L2_Rule0_pi_BCG_att123"
"LBR_Fish_BCG_v1","Main_Eckert","pi_BCG_att123","BREck2005",90.4458598726115,2,"≥ 90% (85-95)",">=",85,95,TRUE,"percent (0-100) individuals - BCG Attribute I + II + III","Rule0",NA,NA,NA,NA,NA,"Main_Eckert","Main_Eckert",0.544585987261147,"Main_Eckert_L2_Rule0_pi_BCG_att123"
"LBR_Fish_BCG_v1","Main_Eckert","pi_BCG_att123","d4f42475-7110-4ef6-bc63-33b82f0712cf",75,4,"≥ 30 (25-35)",">=",25,35,TRUE,"percent (0-100) individuals - BCG Attribute I + II + III","Rule0",NA,NA,NA,NA,NA,"Main_Eckert","Main_Eckert",1,"Main_Eckert_L4_Rule0_pi_BCG_att123"
"LBR_Fish_BCG_v1","Main_Eckert","pi_BCG_att123","d4f42475-7110-4ef6-bc63-33b82f0712cf",75,5,"≥ 20 (15-25)",">=",15,25,TRUE,"percent (0-100) individuals - BCG Attribute I + II + III","Rule0",NA,NA,NA,NA,NA,"Main_Eckert","Main_Eckert",1,"Main_Eckert_L5_Rule0_pi_BCG_att123"
"LBR_Fish_BCG_v1","Main_Eckert","pi_BCG_att123","d4f42475-7110-4ef6-bc63-33b82f0712cf",75,3,"≥ 70 (65-75)",">=",65,75,TRUE,"percent (0-100) individuals - BCG Attribute I + II + III","Rule0",NA,NA,NA,NA,NA,"Main_Eckert","Main_Eckert",1,"Main_Eckert_L3_Rule0_pi_BCG_att123"
"LBR_Fish_BCG_v1","Main_Eckert","pi_BCG_att123","d4f42475-7110-4ef6-bc63-33b82f0712cf",75,3,"> 82% (80-85)",">",80,85,TRUE,"percent (0-100) individuals - BCG Attribute I + II + III","Rule0",NA,NA,NA,NA,NA,"Main_Eckert","Main_Eckert",0,"Main_Eckert_L3_Rule0_pi_BCG_att123"
"LBR_Fish_BCG_v1","Main_Eckert","pi_BCG_att123","d4f42475-7110-4ef6-bc63-33b82f0712cf",75,2,"≥ 80 (75-85)",">=",75,85,TRUE,"percent (0-100) individuals - BCG Attribute I + II + III","Rule0",NA,NA,NA,NA,NA,"Main_Eckert","Main_Eckert",0,"Main_Eckert_L2_Rule0_pi_BCG_att123"
"LBR_Fish_BCG_v1","Main_Eckert","pi_BCG_att123","d4f42475-7110-4ef6-bc63-33b82f0712cf",75,2,"≥ 90% (85-95)",">=",85,95,TRUE,"percent (0-100) individuals - BCG Attribute I + II + III","Rule0",NA,NA,NA,NA,NA,"Main_Eckert","Main_Eckert",0,"Main_Eckert_L2_Rule0_pi_BCG_att123"
"LBR_Fish_BCG_v1","Main_Eckert","pi_BCG_att123","BREck2017",87.6847290640394,4,"≥ 30 (25-35)",">=",25,35,TRUE,"percent (0-100) individuals - BCG Attribute I + II + III","Rule0",NA,NA,NA,NA,NA,"Main_Eckert","Main_Eckert",1,"Main_Eckert_L4_Rule0_pi_BCG_att123"
"LBR_Fish_BCG_v1","Main_Eckert","pi_BCG_att123","BREck2017",87.6847290640394,5,"≥ 20 (15-25)",">=",15,25,TRUE,"percent (0-100) individuals - BCG Attribute I + II + III","Rule0",NA,NA,NA,NA,NA,"Main_Eckert","Main_Eckert",1,"Main_Eckert_L5_Rule0_pi_BCG_att123"
"LBR_Fish_BCG_v1","Main_Eckert","pi_BCG_att123","BREck2017",87.6847290640394,3,"≥ 70 (65-75)",">=",65,75,TRUE,"percent (0-100) individuals - BCG Attribute I + II + III","Rule0",NA,NA,NA,NA,NA,"Main_Eckert","Main_Eckert",1,"Main_Eckert_L3_Rule0_pi_BCG_att123"
"LBR_Fish_BCG_v1","Main_Eckert","pi_BCG_att123","BREck2017",87.6847290640394,3,"> 82% (80-85)",">",80,85,TRUE,"percent (0-100) individuals - BCG Attribute I + II + III","Rule0",NA,NA,NA,NA,NA,"Main_Eckert","Main_Eckert",1,"Main_Eckert_L3_Rule0_pi_BCG_att123"
"LBR_Fish_BCG_v1","Main_Eckert","pi_BCG_att123","BREck2017",87.6847290640394,2,"≥ 80 (75-85)",">=",75,85,TRUE,"percent (0-100) individuals - BCG Attribute I + II + III","Rule0",NA,NA,NA,NA,NA,"Main_Eckert","Main_Eckert",1,"Main_Eckert_L2_Rule0_pi_BCG_att123"
"LBR_Fish_BCG_v1","Main_Eckert","pi_BCG_att123","BREck2017",87.6847290640394,2,"≥ 90% (85-95)",">=",85,95,TRUE,"percent (0-100) individuals - BCG Attribute I + II + III","Rule0",NA,NA,NA,NA,NA,"Main_Eckert","Main_Eckert",0.26847290640394,"Main_Eckert_L2_Rule0_pi_BCG_att123"
"LBR_Fish_BCG_v1","Main_Eckert","pi_BCG_att123","09a390a6-3119-4a82-90e0-7a7b43b767e5",86.8098159509202,4,"≥ 30 (25-35)",">=",25,35,TRUE,"percent (0-100) individuals - BCG Attribute I + II + III","Rule0",NA,NA,NA,NA,NA,"Main_Eckert","Main_Eckert",1,"Main_Eckert_L4_Rule0_pi_BCG_att123"
"LBR_Fish_BCG_v1","Main_Eckert","pi_BCG_att123","09a390a6-3119-4a82-90e0-7a7b43b767e5",86.8098159509202,5,"≥ 20 (15-25)",">=",15,25,TRUE,"percent (0-100) individuals - BCG Attribute I + II + III","Rule0",NA,NA,NA,NA,NA,"Main_Eckert","Main_Eckert",1,"Main_Eckert_L5_Rule0_pi_BCG_att123"
"LBR_Fish_BCG_v1","Main_Eckert","pi_BCG_att123","09a390a6-3119-4a82-90e0-7a7b43b767e5",86.8098159509202,3,"≥ 70 (65-75)",">=",65,75,TRUE,"percent (0-100) individuals - BCG Attribute I + II + III","Rule0",NA,NA,NA,NA,NA,"Main_Eckert","Main_Eckert",1,"Main_Eckert_L3_Rule0_pi_BCG_att123"
"LBR_Fish_BCG_v1","Main_Eckert","pi_BCG_att123","09a390a6-3119-4a82-90e0-7a7b43b767e5",86.8098159509202,3,"> 82% (80-85)",">",80,85,TRUE,"percent (0-100) individuals - BCG Attribute I + II + III","Rule0",NA,NA,NA,NA,NA,"Main_Eckert","Main_Eckert",1,"Main_Eckert_L3_Rule0_pi_BCG_att123"
"LBR_Fish_BCG_v1","Main_Eckert","pi_BCG_att123","09a390a6-3119-4a82-90e0-7a7b43b767e5",86.8098159509202,2,"≥ 80 (75-85)",">=",75,85,TRUE,"percent (0-100) individuals - BCG Attribute I + II + III","Rule0",NA,NA,NA,NA,NA,"Main_Eckert","Main_Eckert",1,"Main_Eckert_L2_Rule0_pi_BCG_att123"
"LBR_Fish_BCG_v1","Main_Eckert","pi_BCG_att123","09a390a6-3119-4a82-90e0-7a7b43b767e5",86.8098159509202,2,"≥ 90% (85-95)",">=",85,95,TRUE,"percent (0-100) individuals - BCG Attribute I + II + III","Rule0",NA,NA,NA,NA,NA,"Main_Eckert","Main_Eckert",0.180981595092025,"Main_Eckert_L2_Rule0_pi_BCG_att123"
"LBR_Fish_BCG_v1","Main_Eckert","pi_Cott","BREck2017",60.0985221674877,4,"≥ 15 (10-20)",">=",10,20,TRUE,"percent (0-100) individuals - Family COTTIDAE","Rule0","SMALL2","second worst",NA,NA,NA,"Main_Eckert","Main_Eckert",1,"Main_Eckert_L4_Rule0_pi_Cott"
"LBR_Fish_BCG_v1","Main_Eckert","pi_Cott","BREck2017",60.0985221674877,3,"≥ 35 (30-40)",">=",30,40,TRUE,"percent (0-100) individuals - Family COTTIDAE","Rule0",NA,NA,NA,NA,NA,"Main_Eckert","Main_Eckert",1,"Main_Eckert_L3_Rule0_pi_Cott"
"LBR_Fish_BCG_v1","Main_Eckert","pi_Cott","BREck2017",60.0985221674877,2,"≥ 45 (40-50)",">=",40,50,TRUE,"percent (0-100) individuals - Family COTTIDAE","Rule0",NA,NA,NA,NA,NA,"Main_Eckert","Main_Eckert",1,"Main_Eckert_L2_Rule0_pi_Cott"
"LBR_Fish_BCG_v1","Main_Eckert","pi_Cott","BREck2017",60.0985221674877,3,"> 37% (35-40)",">",35,40,TRUE,"percent (0-100) individuals - sculpin (Family COTTIDAE)","Rule0",NA,NA,NA,NA,NA,"Main_Eckert","Main_Eckert",1,"Main_Eckert_L3_Rule0_pi_Cott"
"LBR_Fish_BCG_v1","Main_Eckert","pi_Cott","BREck2017",60.0985221674877,2,"≥ 45% (40-50)",">=",40,50,TRUE,"percent (0-100) individuals - sculpin (Family COTTIDAE)","Rule0",NA,NA,NA,NA,NA,"Main_Eckert","Main_Eckert",1,"Main_Eckert_L2_Rule0_pi_Cott"
"LBR_Fish_BCG_v1","Main_Eckert","pi_Cott","BREck2011",66.793893129771,4,"≥ 15 (10-20)",">=",10,20,TRUE,"percent (0-100) individuals - Family COTTIDAE","Rule0","SMALL2","second worst",NA,NA,NA,"Main_Eckert","Main_Eckert",1,"Main_Eckert_L4_Rule0_pi_Cott"
"LBR_Fish_BCG_v1","Main_Eckert","pi_Cott","BREck2011",66.793893129771,3,"≥ 35 (30-40)",">=",30,40,TRUE,"percent (0-100) individuals - Family COTTIDAE","Rule0",NA,NA,NA,NA,NA,"Main_Eckert","Main_Eckert",1,"Main_Eckert_L3_Rule0_pi_Cott"
"LBR_Fish_BCG_v1","Main_Eckert","pi_Cott","BREck2011",66.793893129771,2,"≥ 45 (40-50)",">=",40,50,TRUE,"percent (0-100) individuals - Family COTTIDAE","Rule0",NA,NA,NA,NA,NA,"Main_Eckert","Main_Eckert",1,"Main_Eckert_L2_Rule0_pi_Cott"
"LBR_Fish_BCG_v1","Main_Eckert","pi_Cott","BREck2011",66.793893129771,3,"> 37% (35-40)",">",35,40,TRUE,"percent (0-100) individuals - sculpin (Family COTTIDAE)","Rule0",NA,NA,NA,NA,NA,"Main_Eckert","Main_Eckert",1,"Main_Eckert_L3_Rule0_pi_Cott"
"LBR_Fish_BCG_v1","Main_Eckert","pi_Cott","BREck2011",66.793893129771,2,"≥ 45% (40-50)",">=",40,50,TRUE,"percent (0-100) individuals - sculpin (Family COTTIDAE)","Rule0",NA,NA,NA,NA,NA,"Main_Eckert","Main_Eckert",1,"Main_Eckert_L2_Rule0_pi_Cott"
"LBR_Fish_BCG_v1","Main_Eckert","pi_Cott","09a390a6-3119-4a82-90e0-7a7b43b767e5",81.5950920245399,4,"≥ 15 (10-20)",">=",10,20,TRUE,"percent (0-100) individuals - Family COTTIDAE","Rule0","SMALL2","second worst",NA,NA,NA,"Main_Eckert","Main_Eckert",1,"Main_Eckert_L4_Rule0_pi_Cott"
"LBR_Fish_BCG_v1","Main_Eckert","pi_Cott","09a390a6-3119-4a82-90e0-7a7b43b767e5",81.5950920245399,3,"≥ 35 (30-40)",">=",30,40,TRUE,"percent (0-100) individuals - Family COTTIDAE","Rule0",NA,NA,NA,NA,NA,"Main_Eckert","Main_Eckert",1,"Main_Eckert_L3_Rule0_pi_Cott"
"LBR_Fish_BCG_v1","Main_Eckert","pi_Cott","09a390a6-3119-4a82-90e0-7a7b43b767e5",81.5950920245399,2,"≥ 45 (40-50)",">=",40,50,TRUE,"percent (0-100) individuals - Family COTTIDAE","Rule0",NA,NA,NA,NA,NA,"Main_Eckert","Main_Eckert",1,"Main_Eckert_L2_Rule0_pi_Cott"
"LBR_Fish_BCG_v1","Main_Eckert","pi_Cott","09a390a6-3119-4a82-90e0-7a7b43b767e5",81.5950920245399,3,"> 37% (35-40)",">",35,40,TRUE,"percent (0-100) individuals - sculpin (Family COTTIDAE)","Rule0",NA,NA,NA,NA,NA,"Main_Eckert","Main_Eckert",1,"Main_Eckert_L3_Rule0_pi_Cott"
"LBR_Fish_BCG_v1","Main_Eckert","pi_Cott","09a390a6-3119-4a82-90e0-7a7b43b767e5",81.5950920245399,2,"≥ 45% (40-50)",">=",40,50,TRUE,"percent (0-100) individuals - sculpin (Family COTTIDAE)","Rule0",NA,NA,NA,NA,NA,"Main_Eckert","Main_Eckert",1,"Main_Eckert_L2_Rule0_pi_Cott"
"LBR_Fish_BCG_v1","Main_Eckert","pi_Cott","BREck2014",42.0935412026726,4,"≥ 15 (10-20)",">=",10,20,TRUE,"percent (0-100) individuals - Family COTTIDAE","Rule0","SMALL2","second worst",NA,NA,NA,"Main_Eckert","Main_Eckert",1,"Main_Eckert_L4_Rule0_pi_Cott"
"LBR_Fish_BCG_v1","Main_Eckert","pi_Cott","BREck2014",42.0935412026726,3,"≥ 35 (30-40)",">=",30,40,TRUE,"percent (0-100) individuals - Family COTTIDAE","Rule0",NA,NA,NA,NA,NA,"Main_Eckert","Main_Eckert",1,"Main_Eckert_L3_Rule0_pi_Cott"
"LBR_Fish_BCG_v1","Main_Eckert","pi_Cott","BREck2014",42.0935412026726,2,"≥ 45 (40-50)",">=",40,50,TRUE,"percent (0-100) individuals - Family COTTIDAE","Rule0",NA,NA,NA,NA,NA,"Main_Eckert","Main_Eckert",0.20935412026726,"Main_Eckert_L2_Rule0_pi_Cott"
"LBR_Fish_BCG_v1","Main_Eckert","pi_Cott","BREck2014",42.0935412026726,3,"> 37% (35-40)",">",35,40,TRUE,"percent (0-100) individuals - sculpin (Family COTTIDAE)","Rule0",NA,NA,NA,NA,NA,"Main_Eckert","Main_Eckert",1,"Main_Eckert_L3_Rule0_pi_Cott"
"LBR_Fish_BCG_v1","Main_Eckert","pi_Cott","BREck2014",42.0935412026726,2,"≥ 45% (40-50)",">=",40,50,TRUE,"percent (0-100) individuals - sculpin (Family COTTIDAE)","Rule0",NA,NA,NA,NA,NA,"Main_Eckert","Main_Eckert",0.20935412026726,"Main_Eckert_L2_Rule0_pi_Cott"
"LBR_Fish_BCG_v1","Main_Eckert","pi_Cott","BREck2005",45.859872611465,4,"≥ 15 (10-20)",">=",10,20,TRUE,"percent (0-100) individuals - Family COTTIDAE","Rule0","SMALL2","second worst",NA,NA,NA,"Main_Eckert","Main_Eckert",1,"Main_Eckert_L4_Rule0_pi_Cott"
"LBR_Fish_BCG_v1","Main_Eckert","pi_Cott","BREck2005",45.859872611465,3,"≥ 35 (30-40)",">=",30,40,TRUE,"percent (0-100) individuals - Family COTTIDAE","Rule0",NA,NA,NA,NA,NA,"Main_Eckert","Main_Eckert",1,"Main_Eckert_L3_Rule0_pi_Cott"
"LBR_Fish_BCG_v1","Main_Eckert","pi_Cott","BREck2005",45.859872611465,2,"≥ 45 (40-50)",">=",40,50,TRUE,"percent (0-100) individuals - Family COTTIDAE","Rule0",NA,NA,NA,NA,NA,"Main_Eckert","Main_Eckert",0.585987261146497,"Main_Eckert_L2_Rule0_pi_Cott"
"LBR_Fish_BCG_v1","Main_Eckert","pi_Cott","BREck2005",45.859872611465,3,"> 37% (35-40)",">",35,40,TRUE,"percent (0-100) individuals - sculpin (Family COTTIDAE)","Rule0",NA,NA,NA,NA,NA,"Main_Eckert","Main_Eckert",1,"Main_Eckert_L3_Rule0_pi_Cott"
"LBR_Fish_BCG_v1","Main_Eckert","pi_Cott","BREck2005",45.859872611465,2,"≥ 45% (40-50)",">=",40,50,TRUE,"percent (0-100) individuals - sculpin (Family COTTIDAE)","Rule0",NA,NA,NA,NA,NA,"Main_Eckert","Main_Eckert",0.585987261146497,"Main_Eckert_L2_Rule0_pi_Cott"
"LBR_Fish_BCG_v1","Main_Eckert","pi_Cott","BRLogCrk1996",49.5798319327731,4,"≥ 15 (10-20)",">=",10,20,TRUE,"percent (0-100) individuals - Family COTTIDAE","Rule0","SMALL2","second worst",NA,NA,NA,"Main_Eckert","Main_Eckert",1,"Main_Eckert_L4_Rule0_pi_Cott"
"LBR_Fish_BCG_v1","Main_Eckert","pi_Cott","BRLogCrk1996",49.5798319327731,3,"≥ 35 (30-40)",">=",30,40,TRUE,"percent (0-100) individuals - Family COTTIDAE","Rule0",NA,NA,NA,NA,NA,"Main_Eckert","Main_Eckert",1,"Main_Eckert_L3_Rule0_pi_Cott"
"LBR_Fish_BCG_v1","Main_Eckert","pi_Cott","BRLogCrk1996",49.5798319327731,2,"≥ 45 (40-50)",">=",40,50,TRUE,"percent (0-100) individuals - Family COTTIDAE","Rule0",NA,NA,NA,NA,NA,"Main_Eckert","Main_Eckert",0.957983193277311,"Main_Eckert_L2_Rule0_pi_Cott"
"LBR_Fish_BCG_v1","Main_Eckert","pi_Cott","BRLogCrk1996",49.5798319327731,3,"> 37% (35-40)",">",35,40,TRUE,"percent (0-100) individuals - sculpin (Family COTTIDAE)","Rule0",NA,NA,NA,NA,NA,"Main_Eckert","Main_Eckert",1,"Main_Eckert_L3_Rule0_pi_Cott"
"LBR_Fish_BCG_v1","Main_Eckert","pi_Cott","BRLogCrk1996",49.5798319327731,2,"≥ 45% (40-50)",">=",40,50,TRUE,"percent (0-100) individuals - sculpin (Family COTTIDAE)","Rule0",NA,NA,NA,NA,NA,"Main_Eckert","Main_Eckert",0.957983193277311,"Main_Eckert_L2_Rule0_pi_Cott"
"LBR_Fish_BCG_v1","Main_Eckert","pi_Cott","BREck2003",76.8219832735962,4,"≥ 15 (10-20)",">=",10,20,TRUE,"percent (0-100) individuals - Family COTTIDAE","Rule0","SMALL2","second worst",NA,NA,NA,"Main_Eckert","Main_Eckert",1,"Main_Eckert_L4_Rule0_pi_Cott"
"LBR_Fish_BCG_v1","Main_Eckert","pi_Cott","BREck2003",76.8219832735962,3,"≥ 35 (30-40)",">=",30,40,TRUE,"percent (0-100) individuals - Family COTTIDAE","Rule0",NA,NA,NA,NA,NA,"Main_Eckert","Main_Eckert",1,"Main_Eckert_L3_Rule0_pi_Cott"
"LBR_Fish_BCG_v1","Main_Eckert","pi_Cott","BREck2003",76.8219832735962,2,"≥ 45 (40-50)",">=",40,50,TRUE,"percent (0-100) individuals - Family COTTIDAE","Rule0",NA,NA,NA,NA,NA,"Main_Eckert","Main_Eckert",1,"Main_Eckert_L2_Rule0_pi_Cott"
"LBR_Fish_BCG_v1","Main_Eckert","pi_Cott","BREck2003",76.8219832735962,3,"> 37% (35-40)",">",35,40,TRUE,"percent (0-100) individuals - sculpin (Family COTTIDAE)","Rule0",NA,NA,NA,NA,NA,"Main_Eckert","Main_Eckert",1,"Main_Eckert_L3_Rule0_pi_Cott"
"LBR_Fish_BCG_v1","Main_Eckert","pi_Cott","BREck2003",76.8219832735962,2,"≥ 45% (40-50)",">=",40,50,TRUE,"percent (0-100) individuals - sculpin (Family COTTIDAE)","Rule0",NA,NA,NA,NA,NA,"Main_Eckert","Main_Eckert",1,"Main_Eckert_L2_Rule0_pi_Cott"
"LBR_Fish_BCG_v1","Main_Eckert","pi_Cott","d4f42475-7110-4ef6-bc63-33b82f0712cf",46.0526315789474,4,"≥ 15 (10-20)",">=",10,20,TRUE,"percent (0-100) individuals - Family COTTIDAE","Rule0","SMALL2","second worst",NA,NA,NA,"Main_Eckert","Main_Eckert",1,"Main_Eckert_L4_Rule0_pi_Cott"
"LBR_Fish_BCG_v1","Main_Eckert","pi_Cott","d4f42475-7110-4ef6-bc63-33b82f0712cf",46.0526315789474,3,"≥ 35 (30-40)",">=",30,40,TRUE,"percent (0-100) individuals - Family COTTIDAE","Rule0",NA,NA,NA,NA,NA,"Main_Eckert","Main_Eckert",1,"Main_Eckert_L3_Rule0_pi_Cott"
"LBR_Fish_BCG_v1","Main_Eckert","pi_Cott","d4f42475-7110-4ef6-bc63-33b82f0712cf",46.0526315789474,2,"≥ 45 (40-50)",">=",40,50,TRUE,"percent (0-100) individuals - Family COTTIDAE","Rule0",NA,NA,NA,NA,NA,"Main_Eckert","Main_Eckert",0.605263157894737,"Main_Eckert_L2_Rule0_pi_Cott"
"LBR_Fish_BCG_v1","Main_Eckert","pi_Cott","d4f42475-7110-4ef6-bc63-33b82f0712cf",46.0526315789474,3,"> 37% (35-40)",">",35,40,TRUE,"percent (0-100) individuals - sculpin (Family COTTIDAE)","Rule0",NA,NA,NA,NA,NA,"Main_Eckert","Main_Eckert",1,"Main_Eckert_L3_Rule0_pi_Cott"
"LBR_Fish_BCG_v1","Main_Eckert","pi_Cott","d4f42475-7110-4ef6-bc63-33b82f0712cf",46.0526315789474,2,"≥ 45% (40-50)",">=",40,50,TRUE,"percent (0-100) individuals - sculpin (Family COTTIDAE)","Rule0",NA,NA,NA,NA,NA,"Main_Eckert","Main_Eckert",0.605263157894737,"Main_Eckert_L2_Rule0_pi_Cott"
"LBR_Fish_BCG_v1","Main_Eckert","pi_nonnative","d4f42475-7110-4ef6-bc63-33b82f0712cf",2.63157894736842,2,"< 0.1 (0-0.1)","<",0,0.1,FALSE,"percent (0-100) individuals - non-native","Rule0",NA,NA,NA,NA,NA,"Main_Eckert","Main_Eckert",0,"Main_Eckert_L2_Rule0_pi_nonnative"
"LBR_Fish_BCG_v1","Main_Eckert","pi_nonnative","d4f42475-7110-4ef6-bc63-33b82f0712cf",2.63157894736842,3,"≤ 3 (1-5)","<=",1,5,FALSE,"percent (0-100) individuals - non-native","Rule0",NA,NA,NA,NA,NA,"Main_Eckert","Main_Eckert",0.592105263157895,"Main_Eckert_L3_Rule0_pi_nonnative"
"LBR_Fish_BCG_v1","Main_Eckert","pi_nonnative","d4f42475-7110-4ef6-bc63-33b82f0712cf",2.63157894736842,5,"≤ 20 (15-25)","<=",15,25,FALSE,"percent (0-100) individuals - non-native","Rule0",NA,NA,NA,NA,NA,"Main_Eckert","Main_Eckert",1,"Main_Eckert_L5_Rule0_pi_nonnative"
"LBR_Fish_BCG_v1","Main_Eckert","pi_nonnative","d4f42475-7110-4ef6-bc63-33b82f0712cf",2.63157894736842,4,"≤ 5% (3-7)","<=",3,7,FALSE,"percent (0-100) individuals - non-native taxa","Rule0",NA,NA,NA,NA,NA,"Main_Eckert","Main_Eckert",1,"Main_Eckert_L4_Rule0_pi_nonnative"
"LBR_Fish_BCG_v1","Main_Eckert","pi_nonnative","d4f42475-7110-4ef6-bc63-33b82f0712cf",2.63157894736842,5,"≤ 12% (7-17)","<=",7,17,FALSE,"percent (0-100) individuals - non-native taxa","Rule0",NA,NA,NA,NA,NA,"Main_Eckert","Main_Eckert",1,"Main_Eckert_L5_Rule0_pi_nonnative"
"LBR_Fish_BCG_v1","Main_Eckert","pi_nonnative","d4f42475-7110-4ef6-bc63-33b82f0712cf",2.63157894736842,3,"< 3% (2-3)","<",2,3,FALSE,"percent (0-100) individuals - non-native taxa","Rule0",NA,NA,NA,NA,NA,"Main_Eckert","Main_Eckert",0.368421052631579,"Main_Eckert_L3_Rule0_pi_nonnative"
"LBR_Fish_BCG_v1","Main_Eckert","pi_nonnative","d4f42475-7110-4ef6-bc63-33b82f0712cf",2.63157894736842,4,"≤ 10 (5-15)","<=",5,15,FALSE,"percent (0-100) individuals - non-native","Rule0","SMALL2","second worst",NA,NA,NA,"Main_Eckert","Main_Eckert",1,"Main_Eckert_L4_Rule0_pi_nonnative"
"LBR_Fish_BCG_v1","Main_Eckert","pi_nonnative","BREck2014",1.33630289532294,2,"< 0.1 (0-0.1)","<",0,0.1,FALSE,"percent (0-100) individuals - non-native","Rule0",NA,NA,NA,NA,NA,"Main_Eckert","Main_Eckert",0,"Main_Eckert_L2_Rule0_pi_nonnative"
"LBR_Fish_BCG_v1","Main_Eckert","pi_nonnative","BREck2014",1.33630289532294,3,"≤ 3 (1-5)","<=",1,5,FALSE,"percent (0-100) individuals - non-native","Rule0",NA,NA,NA,NA,NA,"Main_Eckert","Main_Eckert",0.915924276169265,"Main_Eckert_L3_Rule0_pi_nonnative"
"LBR_Fish_BCG_v1","Main_Eckert","pi_nonnative","BREck2014",1.33630289532294,5,"≤ 20 (15-25)","<=",15,25,FALSE,"percent (0-100) individuals - non-native","Rule0",NA,NA,NA,NA,NA,"Main_Eckert","Main_Eckert",1,"Main_Eckert_L5_Rule0_pi_nonnative"
"LBR_Fish_BCG_v1","Main_Eckert","pi_nonnative","BREck2014",1.33630289532294,4,"≤ 5% (3-7)","<=",3,7,FALSE,"percent (0-100) individuals - non-native taxa","Rule0",NA,NA,NA,NA,NA,"Main_Eckert","Main_Eckert",1,"Main_Eckert_L4_Rule0_pi_nonnative"
"LBR_Fish_BCG_v1","Main_Eckert","pi_nonnative","BREck2014",1.33630289532294,5,"≤ 12% (7-17)","<=",7,17,FALSE,"percent (0-100) individuals - non-native taxa","Rule0",NA,NA,NA,NA,NA,"Main_Eckert","Main_Eckert",1,"Main_Eckert_L5_Rule0_pi_nonnative"
"LBR_Fish_BCG_v1","Main_Eckert","pi_nonnative","BREck2014",1.33630289532294,3,"< 3% (2-3)","<",2,3,FALSE,"percent (0-100) individuals - non-native taxa","Rule0",NA,NA,NA,NA,NA,"Main_Eckert","Main_Eckert",1,"Main_Eckert_L3_Rule0_pi_nonnative"
"LBR_Fish_BCG_v1","Main_Eckert","pi_nonnative","BREck2014",1.33630289532294,4,"≤ 10 (5-15)","<=",5,15,FALSE,"percent (0-100) individuals - non-native","Rule0","SMALL2","second worst",NA,NA,NA,"Main_Eckert","Main_Eckert",1,"Main_Eckert_L4_Rule0_pi_nonnative"
"LBR_Fish_BCG_v1","Main_Eckert","pi_nonnative","BREck2017",0.492610837438424,2,"< 0.1 (0-0.1)","<",0,0.1,FALSE,"percent (0-100) individuals - non-native","Rule0",NA,NA,NA,NA,NA,"Main_Eckert","Main_Eckert",0,"Main_Eckert_L2_Rule0_pi_nonnative"
"LBR_Fish_BCG_v1","Main_Eckert","pi_nonnative","BREck2017",0.492610837438424,3,"≤ 3 (1-5)","<=",1,5,FALSE,"percent (0-100) individuals - non-native","Rule0",NA,NA,NA,NA,NA,"Main_Eckert","Main_Eckert",1,"Main_Eckert_L3_Rule0_pi_nonnative"
"LBR_Fish_BCG_v1","Main_Eckert","pi_nonnative","BREck2017",0.492610837438424,5,"≤ 20 (15-25)","<=",15,25,FALSE,"percent (0-100) individuals - non-native","Rule0",NA,NA,NA,NA,NA,"Main_Eckert","Main_Eckert",1,"Main_Eckert_L5_Rule0_pi_nonnative"
"LBR_Fish_BCG_v1","Main_Eckert","pi_nonnative","BREck2017",0.492610837438424,4,"≤ 5% (3-7)","<=",3,7,FALSE,"percent (0-100) individuals - non-native taxa","Rule0",NA,NA,NA,NA,NA,"Main_Eckert","Main_Eckert",1,"Main_Eckert_L4_Rule0_pi_nonnative"
"LBR_Fish_BCG_v1","Main_Eckert","pi_nonnative","BREck2017",0.492610837438424,5,"≤ 12% (7-17)","<=",7,17,FALSE,"percent (0-100) individuals - non-native taxa","Rule0",NA,NA,NA,NA,NA,"Main_Eckert","Main_Eckert",1,"Main_Eckert_L5_Rule0_pi_nonnative"
"LBR_Fish_BCG_v1","Main_Eckert","pi_nonnative","BREck2017",0.492610837438424,3,"< 3% (2-3)","<",2,3,FALSE,"percent (0-100) individuals - non-native taxa","Rule0",NA,NA,NA,NA,NA,"Main_Eckert","Main_Eckert",1,"Main_Eckert_L3_Rule0_pi_nonnative"
"LBR_Fish_BCG_v1","Main_Eckert","pi_nonnative","BREck2017",0.492610837438424,4,"≤ 10 (5-15)","<=",5,15,FALSE,"percent (0-100) individuals - non-native","Rule0","SMALL2","second worst",NA,NA,NA,"Main_Eckert","Main_Eckert",1,"Main_Eckert_L4_Rule0_pi_nonnative"
"LBR_Fish_BCG_v1","Main_Eckert","pi_nonnative","BREck2005",1.59235668789809,2,"< 0.1 (0-0.1)","<",0,0.1,FALSE,"percent (0-100) individuals - non-native","Rule0",NA,NA,NA,NA,NA,"Main_Eckert","Main_Eckert",0,"Main_Eckert_L2_Rule0_pi_nonnative"
"LBR_Fish_BCG_v1","Main_Eckert","pi_nonnative","BREck2005",1.59235668789809,3,"≤ 3 (1-5)","<=",1,5,FALSE,"percent (0-100) individuals - non-native","Rule0",NA,NA,NA,NA,NA,"Main_Eckert","Main_Eckert",0.851910828025478,"Main_Eckert_L3_Rule0_pi_nonnative"
"LBR_Fish_BCG_v1","Main_Eckert","pi_nonnative","BREck2005",1.59235668789809,5,"≤ 20 (15-25)","<=",15,25,FALSE,"percent (0-100) individuals - non-native","Rule0",NA,NA,NA,NA,NA,"Main_Eckert","Main_Eckert",1,"Main_Eckert_L5_Rule0_pi_nonnative"
"LBR_Fish_BCG_v1","Main_Eckert","pi_nonnative","BREck2005",1.59235668789809,4,"≤ 5% (3-7)","<=",3,7,FALSE,"percent (0-100) individuals - non-native taxa","Rule0",NA,NA,NA,NA,NA,"Main_Eckert","Main_Eckert",1,"Main_Eckert_L4_Rule0_pi_nonnative"
"LBR_Fish_BCG_v1","Main_Eckert","pi_nonnative","BREck2005",1.59235668789809,5,"≤ 12% (7-17)","<=",7,17,FALSE,"percent (0-100) individuals - non-native taxa","Rule0",NA,NA,NA,NA,NA,"Main_Eckert","Main_Eckert",1,"Main_Eckert_L5_Rule0_pi_nonnative"
"LBR_Fish_BCG_v1","Main_Eckert","pi_nonnative","BREck2005",1.59235668789809,3,"< 3% (2-3)","<",2,3,FALSE,"percent (0-100) individuals - non-native taxa","Rule0",NA,NA,NA,NA,NA,"Main_Eckert","Main_Eckert",1,"Main_Eckert_L3_Rule0_pi_nonnative"
"LBR_Fish_BCG_v1","Main_Eckert","pi_nonnative","BREck2005",1.59235668789809,4,"≤ 10 (5-15)","<=",5,15,FALSE,"percent (0-100) individuals - non-native","Rule0","SMALL2","second worst",NA,NA,NA,"Main_Eckert","Main_Eckert",1,"Main_Eckert_L4_Rule0_pi_nonnative"
"LBR_Fish_BCG_v1","Main_Eckert","pi_nonnative","BREck2011",0.381679389312977,2,"< 0.1 (0-0.1)","<",0,0.1,FALSE,"percent (0-100) individuals - non-native","Rule0",NA,NA,NA,NA,NA,"Main_Eckert","Main_Eckert",0,"Main_Eckert_L2_Rule0_pi_nonnative"
"LBR_Fish_BCG_v1","Main_Eckert","pi_nonnative","BREck2011",0.381679389312977,3,"≤ 3 (1-5)","<=",1,5,FALSE,"percent (0-100) individuals - non-native","Rule0",NA,NA,NA,NA,NA,"Main_Eckert","Main_Eckert",1,"Main_Eckert_L3_Rule0_pi_nonnative"
"LBR_Fish_BCG_v1","Main_Eckert","pi_nonnative","BREck2011",0.381679389312977,5,"≤ 20 (15-25)","<=",15,25,FALSE,"percent (0-100) individuals - non-native","Rule0",NA,NA,NA,NA,NA,"Main_Eckert","Main_Eckert",1,"Main_Eckert_L5_Rule0_pi_nonnative"
"LBR_Fish_BCG_v1","Main_Eckert","pi_nonnative","BREck2011",0.381679389312977,4,"≤ 5% (3-7)","<=",3,7,FALSE,"percent (0-100) individuals - non-native taxa","Rule0",NA,NA,NA,NA,NA,"Main_Eckert","Main_Eckert",1,"Main_Eckert_L4_Rule0_pi_nonnative"
"LBR_Fish_BCG_v1","Main_Eckert","pi_nonnative","BREck2011",0.381679389312977,5,"≤ 12% (7-17)","<=",7,17,FALSE,"percent (0-100) individuals - non-native taxa","Rule0",NA,NA,NA,NA,NA,"Main_Eckert","Main_Eckert",1,"Main_Eckert_L5_Rule0_pi_nonnative"
"LBR_Fish_BCG_v1","Main_Eckert","pi_nonnative","BREck2011",0.381679389312977,3,"< 3% (2-3)","<",2,3,FALSE,"percent (0-100) individuals - non-native taxa","Rule0",NA,NA,NA,NA,NA,"Main_Eckert","Main_Eckert",1,"Main_Eckert_L3_Rule0_pi_nonnative"
"LBR_Fish_BCG_v1","Main_Eckert","pi_nonnative","BREck2011",0.381679389312977,4,"≤ 10 (5-15)","<=",5,15,FALSE,"percent (0-100) individuals - non-native","Rule0","SMALL2","second worst",NA,NA,NA,"Main_Eckert","Main_Eckert",1,"Main_Eckert_L4_Rule0_pi_nonnative"
"LBR_Fish_BCG_v1","Main_Eckert","pi_nonnative","BREck2003",0.2389486260454,2,"< 0.1 (0-0.1)","<",0,0.1,FALSE,"percent (0-100) individuals - non-native","Rule0",NA,NA,NA,NA,NA,"Main_Eckert","Main_Eckert",0,"Main_Eckert_L2_Rule0_pi_nonnative"
"LBR_Fish_BCG_v1","Main_Eckert","pi_nonnative","BREck2003",0.2389486260454,3,"≤ 3 (1-5)","<=",1,5,FALSE,"percent (0-100) individuals - non-native","Rule0",NA,NA,NA,NA,NA,"Main_Eckert","Main_Eckert",1,"Main_Eckert_L3_Rule0_pi_nonnative"
"LBR_Fish_BCG_v1","Main_Eckert","pi_nonnative","BREck2003",0.2389486260454,5,"≤ 20 (15-25)","<=",15,25,FALSE,"percent (0-100) individuals - non-native","Rule0",NA,NA,NA,NA,NA,"Main_Eckert","Main_Eckert",1,"Main_Eckert_L5_Rule0_pi_nonnative"
"LBR_Fish_BCG_v1","Main_Eckert","pi_nonnative","BREck2003",0.2389486260454,4,"≤ 5% (3-7)","<=",3,7,FALSE,"percent (0-100) individuals - non-native taxa","Rule0",NA,NA,NA,NA,NA,"Main_Eckert","Main_Eckert",1,"Main_Eckert_L4_Rule0_pi_nonnative"
"LBR_Fish_BCG_v1","Main_Eckert","pi_nonnative","BREck2003",0.2389486260454,5,"≤ 12% (7-17)","<=",7,17,FALSE,"percent (0-100) individuals - non-native taxa","Rule0",NA,NA,NA,NA,NA,"Main_Eckert","Main_Eckert",1,"Main_Eckert_L5_Rule0_pi_nonnative"
"LBR_Fish_BCG_v1","Main_Eckert","pi_nonnative","BREck2003",0.2389486260454,3,"< 3% (2-3)","<",2,3,FALSE,"percent (0-100) individuals - non-native taxa","Rule0",NA,NA,NA,NA,NA,"Main_Eckert","Main_Eckert",1,"Main_Eckert_L3_Rule0_pi_nonnative"
"LBR_Fish_BCG_v1","Main_Eckert","pi_nonnative","BREck2003",0.2389486260454,4,"≤ 10 (5-15)","<=",5,15,FALSE,"percent (0-100) individuals - non-native","Rule0","SMALL2","second worst",NA,NA,NA,"Main_Eckert","Main_Eckert",1,"Main_Eckert_L4_Rule0_pi_nonnative"
"LBR_Fish_BCG_v1","Main_Eckert","pi_nonnative","09a390a6-3119-4a82-90e0-7a7b43b767e5",1.53374233128834,2,"< 0.1 (0-0.1)","<",0,0.1,FALSE,"percent (0-100) individuals - non-native","Rule0",NA,NA,NA,NA,NA,"Main_Eckert","Main_Eckert",0,"Main_Eckert_L2_Rule0_pi_nonnative"
"LBR_Fish_BCG_v1","Main_Eckert","pi_nonnative","09a390a6-3119-4a82-90e0-7a7b43b767e5",1.53374233128834,3,"≤ 3 (1-5)","<=",1,5,FALSE,"percent (0-100) individuals - non-native","Rule0",NA,NA,NA,NA,NA,"Main_Eckert","Main_Eckert",0.866564417177914,"Main_Eckert_L3_Rule0_pi_nonnative"
"LBR_Fish_BCG_v1","Main_Eckert","pi_nonnative","09a390a6-3119-4a82-90e0-7a7b43b767e5",1.53374233128834,5,"≤ 20 (15-25)","<=",15,25,FALSE,"percent (0-100) individuals - non-native","Rule0",NA,NA,NA,NA,NA,"Main_Eckert","Main_Eckert",1,"Main_Eckert_L5_Rule0_pi_nonnative"
"LBR_Fish_BCG_v1","Main_Eckert","pi_nonnative","09a390a6-3119-4a82-90e0-7a7b43b767e5",1.53374233128834,4,"≤ 5% (3-7)","<=",3,7,FALSE,"percent (0-100) individuals - non-native taxa","Rule0",NA,NA,NA,NA,NA,"Main_Eckert","Main_Eckert",1,"Main_Eckert_L4_Rule0_pi_nonnative"
"LBR_Fish_BCG_v1","Main_Eckert","pi_nonnative","09a390a6-3119-4a82-90e0-7a7b43b767e5",1.53374233128834,5,"≤ 12% (7-17)","<=",7,17,FALSE,"percent (0-100) individuals - non-native taxa","Rule0",NA,NA,NA,NA,NA,"Main_Eckert","Main_Eckert",1,"Main_Eckert_L5_Rule0_pi_nonnative"
"LBR_Fish_BCG_v1","Main_Eckert","pi_nonnative","09a390a6-3119-4a82-90e0-7a7b43b767e5",1.53374233128834,3,"< 3% (2-3)","<",2,3,FALSE,"percent (0-100) individuals - non-native taxa","Rule0",NA,NA,NA,NA,NA,"Main_Eckert","Main_Eckert",1,"Main_Eckert_L3_Rule0_pi_nonnative"
"LBR_Fish_BCG_v1","Main_Eckert","pi_nonnative","09a390a6-3119-4a82-90e0-7a7b43b767e5",1.53374233128834,4,"≤ 10 (5-15)","<=",5,15,FALSE,"percent (0-100) individuals - non-native","Rule0","SMALL2","second worst",NA,NA,NA,"Main_Eckert","Main_Eckert",1,"Main_Eckert_L4_Rule0_pi_nonnative"
"LBR_Fish_BCG_v1","Main_Eckert","pi_nonnative","BRLogCrk1996",1.26050420168067,2,"< 0.1 (0-0.1)","<",0,0.1,FALSE,"percent (0-100) individuals - non-native","Rule0",NA,NA,NA,NA,NA,"Main_Eckert","Main_Eckert",0,"Main_Eckert_L2_Rule0_pi_nonnative"
"LBR_Fish_BCG_v1","Main_Eckert","pi_nonnative","BRLogCrk1996",1.26050420168067,3,"≤ 3 (1-5)","<=",1,5,FALSE,"percent (0-100) individuals - non-native","Rule0",NA,NA,NA,NA,NA,"Main_Eckert","Main_Eckert",0.934873949579832,"Main_Eckert_L3_Rule0_pi_nonnative"
"LBR_Fish_BCG_v1","Main_Eckert","pi_nonnative","BRLogCrk1996",1.26050420168067,5,"≤ 20 (15-25)","<=",15,25,FALSE,"percent (0-100) individuals - non-native","Rule0",NA,NA,NA,NA,NA,"Main_Eckert","Main_Eckert",1,"Main_Eckert_L5_Rule0_pi_nonnative"
"LBR_Fish_BCG_v1","Main_Eckert","pi_nonnative","BRLogCrk1996",1.26050420168067,4,"≤ 5% (3-7)","<=",3,7,FALSE,"percent (0-100) individuals - non-native taxa","Rule0",NA,NA,NA,NA,NA,"Main_Eckert","Main_Eckert",1,"Main_Eckert_L4_Rule0_pi_nonnative"
"LBR_Fish_BCG_v1","Main_Eckert","pi_nonnative","BRLogCrk1996",1.26050420168067,5,"≤ 12% (7-17)","<=",7,17,FALSE,"percent (0-100) individuals - non-native taxa","Rule0",NA,NA,NA,NA,NA,"Main_Eckert","Main_Eckert",1,"Main_Eckert_L5_Rule0_pi_nonnative"
"LBR_Fish_BCG_v1","Main_Eckert","pi_nonnative","BRLogCrk1996",1.26050420168067,3,"< 3% (2-3)","<",2,3,FALSE,"percent (0-100) individuals - non-native taxa","Rule0",NA,NA,NA,NA,NA,"Main_Eckert","Main_Eckert",1,"Main_Eckert_L3_Rule0_pi_nonnative"
"LBR_Fish_BCG_v1","Main_Eckert","pi_nonnative","BRLogCrk1996",1.26050420168067,4,"≤ 10 (5-15)","<=",5,15,FALSE,"percent (0-100) individuals - non-native","Rule0","SMALL2","second worst",NA,NA,NA,"Main_Eckert","Main_Eckert",1,"Main_Eckert_L4_Rule0_pi_nonnative"
"LBR_Fish_BCG_v1","Main_Eckert","pi_ti_cold","BREck2014",91.3140311804009,4,"≥ 25 (20-30)",">=",20,30,TRUE,"percent (0-100) individuals - cold","Rule0","SMALL2","second worst",NA,NA,NA,"Main_Eckert","Main_Eckert",1,"Main_Eckert_L4_Rule0_pi_ti_cold"
"LBR_Fish_BCG_v1","Main_Eckert","pi_ti_cold","BREck2014",91.3140311804009,3,"≥ 40 (35-45)",">=",35,45,TRUE,"percent (0-100) individuals - cold","Rule0",NA,NA,NA,NA,NA,"Main_Eckert","Main_Eckert",1,"Main_Eckert_L3_Rule0_pi_ti_cold"
"LBR_Fish_BCG_v1","Main_Eckert","pi_ti_cold","BREck2014",91.3140311804009,2,"≥ 50 (45-55)",">=",45,55,TRUE,"percent (0-100) individuals - cold","Rule0",NA,NA,NA,NA,NA,"Main_Eckert","Main_Eckert",1,"Main_Eckert_L2_Rule0_pi_ti_cold"
"LBR_Fish_BCG_v1","Main_Eckert","pi_ti_cold","09a390a6-3119-4a82-90e0-7a7b43b767e5",88.3435582822086,4,"≥ 25 (20-30)",">=",20,30,TRUE,"percent (0-100) individuals - cold","Rule0","SMALL2","second worst",NA,NA,NA,"Main_Eckert","Main_Eckert",1,"Main_Eckert_L4_Rule0_pi_ti_cold"
"LBR_Fish_BCG_v1","Main_Eckert","pi_ti_cold","09a390a6-3119-4a82-90e0-7a7b43b767e5",88.3435582822086,3,"≥ 40 (35-45)",">=",35,45,TRUE,"percent (0-100) individuals - cold","Rule0",NA,NA,NA,NA,NA,"Main_Eckert","Main_Eckert",1,"Main_Eckert_L3_Rule0_pi_ti_cold"
"LBR_Fish_BCG_v1","Main_Eckert","pi_ti_cold","09a390a6-3119-4a82-90e0-7a7b43b767e5",88.3435582822086,2,"≥ 50 (45-55)",">=",45,55,TRUE,"percent (0-100) individuals - cold","Rule0",NA,NA,NA,NA,NA,"Main_Eckert","Main_Eckert",1,"Main_Eckert_L2_Rule0_pi_ti_cold"
"LBR_Fish_BCG_v1","Main_Eckert","pi_ti_cold","BREck2005",92.0382165605096,4,"≥ 25 (20-30)",">=",20,30,TRUE,"percent (0-100) individuals - cold","Rule0","SMALL2","second worst",NA,NA,NA,"Main_Eckert","Main_Eckert",1,"Main_Eckert_L4_Rule0_pi_ti_cold"
"LBR_Fish_BCG_v1","Main_Eckert","pi_ti_cold","BREck2005",92.0382165605096,3,"≥ 40 (35-45)",">=",35,45,TRUE,"percent (0-100) individuals - cold","Rule0",NA,NA,NA,NA,NA,"Main_Eckert","Main_Eckert",1,"Main_Eckert_L3_Rule0_pi_ti_cold"
"LBR_Fish_BCG_v1","Main_Eckert","pi_ti_cold","BREck2005",92.0382165605096,2,"≥ 50 (45-55)",">=",45,55,TRUE,"percent (0-100) individuals - cold","Rule0",NA,NA,NA,NA,NA,"Main_Eckert","Main_Eckert",1,"Main_Eckert_L2_Rule0_pi_ti_cold"
"LBR_Fish_BCG_v1","Main_Eckert","pi_ti_cold","BRLogCrk1996",71.0084033613445,4,"≥ 25 (20-30)",">=",20,30,TRUE,"percent (0-100) individuals - cold","Rule0","SMALL2","second worst",NA,NA,NA,"Main_Eckert","Main_Eckert",1,"Main_Eckert_L4_Rule0_pi_ti_cold"
"LBR_Fish_BCG_v1","Main_Eckert","pi_ti_cold","BRLogCrk1996",71.0084033613445,3,"≥ 40 (35-45)",">=",35,45,TRUE,"percent (0-100) individuals - cold","Rule0",NA,NA,NA,NA,NA,"Main_Eckert","Main_Eckert",1,"Main_Eckert_L3_Rule0_pi_ti_cold"
"LBR_Fish_BCG_v1","Main_Eckert","pi_ti_cold","BRLogCrk1996",71.0084033613445,2,"≥ 50 (45-55)",">=",45,55,TRUE,"percent (0-100) individuals - cold","Rule0",NA,NA,NA,NA,NA,"Main_Eckert","Main_Eckert",1,"Main_Eckert_L2_Rule0_pi_ti_cold"
"LBR_Fish_BCG_v1","Main_Eckert","pi_ti_cold","BREck2017",88.1773399014778,4,"≥ 25 (20-30)",">=",20,30,TRUE,"percent (0-100) individuals - cold","Rule0","SMALL2","second worst",NA,NA,NA,"Main_Eckert","Main_Eckert",1,"Main_Eckert_L4_Rule0_pi_ti_cold"
"LBR_Fish_BCG_v1","Main_Eckert","pi_ti_cold","BREck2017",88.1773399014778,3,"≥ 40 (35-45)",">=",35,45,TRUE,"percent (0-100) individuals - cold","Rule0",NA,NA,NA,NA,NA,"Main_Eckert","Main_Eckert",1,"Main_Eckert_L3_Rule0_pi_ti_cold"
"LBR_Fish_BCG_v1","Main_Eckert","pi_ti_cold","BREck2017",88.1773399014778,2,"≥ 50 (45-55)",">=",45,55,TRUE,"percent (0-100) individuals - cold","Rule0",NA,NA,NA,NA,NA,"Main_Eckert","Main_Eckert",1,"Main_Eckert_L2_Rule0_pi_ti_cold"
"LBR_Fish_BCG_v1","Main_Eckert","pi_ti_cold","BREck2011",90.0763358778626,4,"≥ 25 (20-30)",">=",20,30,TRUE,"percent (0-100) individuals - cold","Rule0","SMALL2","second worst",NA,NA,NA,"Main_Eckert","Main_Eckert",1,"Main_Eckert_L4_Rule0_pi_ti_cold"
"LBR_Fish_BCG_v1","Main_Eckert","pi_ti_cold","BREck2011",90.0763358778626,3,"≥ 40 (35-45)",">=",35,45,TRUE,"percent (0-100) individuals - cold","Rule0",NA,NA,NA,NA,NA,"Main_Eckert","Main_Eckert",1,"Main_Eckert_L3_Rule0_pi_ti_cold"
"LBR_Fish_BCG_v1","Main_Eckert","pi_ti_cold","BREck2011",90.0763358778626,2,"≥ 50 (45-55)",">=",45,55,TRUE,"percent (0-100) individuals - cold","Rule0",NA,NA,NA,NA,NA,"Main_Eckert","Main_Eckert",1,"Main_Eckert_L2_Rule0_pi_ti_cold"
"LBR_Fish_BCG_v1","Main_Eckert","pi_ti_cold","BREck2003",93.0704898446834,4,"≥ 25 (20-30)",">=",20,30,TRUE,"percent (0-100) individuals - cold","Rule0","SMALL2","second worst",NA,NA,NA,"Main_Eckert","Main_Eckert",1,"Main_Eckert_L4_Rule0_pi_ti_cold"
"LBR_Fish_BCG_v1","Main_Eckert","pi_ti_cold","BREck2003",93.0704898446834,3,"≥ 40 (35-45)",">=",35,45,TRUE,"percent (0-100) individuals - cold","Rule0",NA,NA,NA,NA,NA,"Main_Eckert","Main_Eckert",1,"Main_Eckert_L3_Rule0_pi_ti_cold"
"LBR_Fish_BCG_v1","Main_Eckert","pi_ti_cold","BREck2003",93.0704898446834,2,"≥ 50 (45-55)",">=",45,55,TRUE,"percent (0-100) individuals - cold","Rule0",NA,NA,NA,NA,NA,"Main_Eckert","Main_Eckert",1,"Main_Eckert_L2_Rule0_pi_ti_cold"
"LBR_Fish_BCG_v1","Main_Eckert","pi_ti_cold","d4f42475-7110-4ef6-bc63-33b82f0712cf",43.4210526315789,4,"≥ 25 (20-30)",">=",20,30,TRUE,"percent (0-100) individuals - cold","Rule0","SMALL2","second worst",NA,NA,NA,"Main_Eckert","Main_Eckert",1,"Main_Eckert_L4_Rule0_pi_ti_cold"
"LBR_Fish_BCG_v1","Main_Eckert","pi_ti_cold","d4f42475-7110-4ef6-bc63-33b82f0712cf",43.4210526315789,3,"≥ 40 (35-45)",">=",35,45,TRUE,"percent (0-100) individuals - cold","Rule0",NA,NA,NA,NA,NA,"Main_Eckert","Main_Eckert",0.842105263157895,"Main_Eckert_L3_Rule0_pi_ti_cold"
"LBR_Fish_BCG_v1","Main_Eckert","pi_ti_cold","d4f42475-7110-4ef6-bc63-33b82f0712cf",43.4210526315789,2,"≥ 50 (45-55)",">=",45,55,TRUE,"percent (0-100) individuals - cold","Rule0",NA,NA,NA,NA,NA,"Main_Eckert","Main_Eckert",0,"Main_Eckert_L2_Rule0_pi_ti_cold"
"LBR_Fish_BCG_v1","Main_Eckert","pi_ti_warm","BREck2003",0,3,"< 1% (0-1)","<",0,1,FALSE,"percent (0-100) individuals - warm","Rule0",NA,NA,NA,NA,NA,"Main_Eckert","Main_Eckert",1,"Main_Eckert_L3_Rule0_pi_ti_warm"
"LBR_Fish_BCG_v1","Main_Eckert","pi_ti_warm","BREck2017",0,3,"< 1% (0-1)","<",0,1,FALSE,"percent (0-100) individuals - warm","Rule0",NA,NA,NA,NA,NA,"Main_Eckert","Main_Eckert",1,"Main_Eckert_L3_Rule0_pi_ti_warm"
"LBR_Fish_BCG_v1","Main_Eckert","pi_ti_warm","BREck2005",0,3,"< 1% (0-1)","<",0,1,FALSE,"percent (0-100) individuals - warm","Rule0",NA,NA,NA,NA,NA,"Main_Eckert","Main_Eckert",1,"Main_Eckert_L3_Rule0_pi_ti_warm"
"LBR_Fish_BCG_v1","Main_Eckert","pi_ti_warm","BREck2014",0,3,"< 1% (0-1)","<",0,1,FALSE,"percent (0-100) individuals - warm","Rule0",NA,NA,NA,NA,NA,"Main_Eckert","Main_Eckert",1,"Main_Eckert_L3_Rule0_pi_ti_warm"
"LBR_Fish_BCG_v1","Main_Eckert","pi_ti_warm","BREck2011",0,3,"< 1% (0-1)","<",0,1,FALSE,"percent (0-100) individuals - warm","Rule0",NA,NA,NA,NA,NA,"Main_Eckert","Main_Eckert",1,"Main_Eckert_L3_Rule0_pi_ti_warm"
"LBR_Fish_BCG_v1","Main_Eckert","pi_ti_warm","BRLogCrk1996",0,3,"< 1% (0-1)","<",0,1,FALSE,"percent (0-100) individuals - warm","Rule0",NA,NA,NA,NA,NA,"Main_Eckert","Main_Eckert",1,"Main_Eckert_L3_Rule0_pi_ti_warm"
"LBR_Fish_BCG_v1","Main_Eckert","pi_ti_warm","d4f42475-7110-4ef6-bc63-33b82f0712cf",0,3,"< 1% (0-1)","<",0,1,FALSE,"percent (0-100) individuals - warm","Rule0",NA,NA,NA,NA,NA,"Main_Eckert","Main_Eckert",1,"Main_Eckert_L3_Rule0_pi_ti_warm"
"LBR_Fish_BCG_v1","Main_Eckert","pi_ti_warm","09a390a6-3119-4a82-90e0-7a7b43b767e5",0,3,"< 1% (0-1)","<",0,1,FALSE,"percent (0-100) individuals - warm","Rule0",NA,NA,NA,NA,NA,"Main_Eckert","Main_Eckert",1,"Main_Eckert_L3_Rule0_pi_ti_warm"
"LBR_Fish_BCG_v1","Main_Eckert","pt_ti_cold","09a390a6-3119-4a82-90e0-7a7b43b767e5",44.4444444444444,2,"≥ 40% (35-45)",">=",35,45,TRUE,"percent (0-100) taxa - cold","Rule0",NA,NA,NA,NA,NA,"Main_Eckert","Main_Eckert",0.944444444444445,"Main_Eckert_L2_Rule0_pt_ti_cold"
"LBR_Fish_BCG_v1","Main_Eckert","pt_ti_cold","09a390a6-3119-4a82-90e0-7a7b43b767e5",44.4444444444444,3,"> 32% (30-35)",">",30,35,TRUE,"percent (0-100) taxa - cold","Rule0",NA,NA,NA,NA,NA,"Main_Eckert","Main_Eckert",1,"Main_Eckert_L3_Rule0_pt_ti_cold"
"LBR_Fish_BCG_v1","Main_Eckert","pt_ti_cold","09a390a6-3119-4a82-90e0-7a7b43b767e5",44.4444444444444,5,"≥ 20% (15-25)",">=",15,25,TRUE,"percent (0-100) taxa - cold","Rule0",NA,NA,NA,NA,NA,"Main_Eckert","Main_Eckert",1,"Main_Eckert_L5_Rule0_pt_ti_cold"
"LBR_Fish_BCG_v1","Main_Eckert","pt_ti_cold","09a390a6-3119-4a82-90e0-7a7b43b767e5",44.4444444444444,4,"> 27% (25-30)",">",25,30,TRUE,"percent (0-100) taxa - cold","Rule0",NA,NA,NA,NA,NA,"Main_Eckert","Main_Eckert",1,"Main_Eckert_L4_Rule0_pt_ti_cold"
"LBR_Fish_BCG_v1","Main_Eckert","pt_ti_cold","BREck2014",44.4444444444444,2,"≥ 40% (35-45)",">=",35,45,TRUE,"percent (0-100) taxa - cold","Rule0",NA,NA,NA,NA,NA,"Main_Eckert","Main_Eckert",0.944444444444445,"Main_Eckert_L2_Rule0_pt_ti_cold"
"LBR_Fish_BCG_v1","Main_Eckert","pt_ti_cold","BREck2014",44.4444444444444,3,"> 32% (30-35)",">",30,35,TRUE,"percent (0-100) taxa - cold","Rule0",NA,NA,NA,NA,NA,"Main_Eckert","Main_Eckert",1,"Main_Eckert_L3_Rule0_pt_ti_cold"
"LBR_Fish_BCG_v1","Main_Eckert","pt_ti_cold","BREck2014",44.4444444444444,5,"≥ 20% (15-25)",">=",15,25,TRUE,"percent (0-100) taxa - cold","Rule0",NA,NA,NA,NA,NA,"Main_Eckert","Main_Eckert",1,"Main_Eckert_L5_Rule0_pt_ti_cold"
"LBR_Fish_BCG_v1","Main_Eckert","pt_ti_cold","BREck2014",44.4444444444444,4,"> 27% (25-30)",">",25,30,TRUE,"percent (0-100) taxa - cold","Rule0",NA,NA,NA,NA,NA,"Main_Eckert","Main_Eckert",1,"Main_Eckert_L4_Rule0_pt_ti_cold"
"LBR_Fish_BCG_v1","Main_Eckert","pt_ti_cold","BREck2005",50,2,"≥ 40% (35-45)",">=",35,45,TRUE,"percent (0-100) taxa - cold","Rule0",NA,NA,NA,NA,NA,"Main_Eckert","Main_Eckert",1,"Main_Eckert_L2_Rule0_pt_ti_cold"
"LBR_Fish_BCG_v1","Main_Eckert","pt_ti_cold","BREck2005",50,3,"> 32% (30-35)",">",30,35,TRUE,"percent (0-100) taxa - cold","Rule0",NA,NA,NA,NA,NA,"Main_Eckert","Main_Eckert",1,"Main_Eckert_L3_Rule0_pt_ti_cold"
"LBR_Fish_BCG_v1","Main_Eckert","pt_ti_cold","BREck2005",50,5,"≥ 20% (15-25)",">=",15,25,TRUE,"percent (0-100) taxa - cold","Rule0",NA,NA,NA,NA,NA,"Main_Eckert","Main_Eckert",1,"Main_Eckert_L5_Rule0_pt_ti_cold"
"LBR_Fish_BCG_v1","Main_Eckert","pt_ti_cold","BREck2005",50,4,"> 27% (25-30)",">",25,30,TRUE,"percent (0-100) taxa - cold","Rule0",NA,NA,NA,NA,NA,"Main_Eckert","Main_Eckert",1,"Main_Eckert_L4_Rule0_pt_ti_cold"
"LBR_Fish_BCG_v1","Main_Eckert","pt_ti_cold","d4f42475-7110-4ef6-bc63-33b82f0712cf",50,2,"≥ 40% (35-45)",">=",35,45,TRUE,"percent (0-100) taxa - cold","Rule0",NA,NA,NA,NA,NA,"Main_Eckert","Main_Eckert",1,"Main_Eckert_L2_Rule0_pt_ti_cold"
"LBR_Fish_BCG_v1","Main_Eckert","pt_ti_cold","d4f42475-7110-4ef6-bc63-33b82f0712cf",50,3,"> 32% (30-35)",">",30,35,TRUE,"percent (0-100) taxa - cold","Rule0",NA,NA,NA,NA,NA,"Main_Eckert","Main_Eckert",1,"Main_Eckert_L3_Rule0_pt_ti_cold"
"LBR_Fish_BCG_v1","Main_Eckert","pt_ti_cold","d4f42475-7110-4ef6-bc63-33b82f0712cf",50,5,"≥ 20% (15-25)",">=",15,25,TRUE,"percent (0-100) taxa - cold","Rule0",NA,NA,NA,NA,NA,"Main_Eckert","Main_Eckert",1,"Main_Eckert_L5_Rule0_pt_ti_cold"
"LBR_Fish_BCG_v1","Main_Eckert","pt_ti_cold","d4f42475-7110-4ef6-bc63-33b82f0712cf",50,4,"> 27% (25-30)",">",25,30,TRUE,"percent (0-100) taxa - cold","Rule0",NA,NA,NA,NA,NA,"Main_Eckert","Main_Eckert",1,"Main_Eckert_L4_Rule0_pt_ti_cold"
"LBR_Fish_BCG_v1","Main_Eckert","pt_ti_cold","BREck2011",55.5555555555556,2,"≥ 40% (35-45)",">=",35,45,TRUE,"percent (0-100) taxa - cold","Rule0",NA,NA,NA,NA,NA,"Main_Eckert","Main_Eckert",1,"Main_Eckert_L2_Rule0_pt_ti_cold"
"LBR_Fish_BCG_v1","Main_Eckert","pt_ti_cold","BREck2011",55.5555555555556,3,"> 32% (30-35)",">",30,35,TRUE,"percent (0-100) taxa - cold","Rule0",NA,NA,NA,NA,NA,"Main_Eckert","Main_Eckert",1,"Main_Eckert_L3_Rule0_pt_ti_cold"
"LBR_Fish_BCG_v1","Main_Eckert","pt_ti_cold","BREck2011",55.5555555555556,5,"≥ 20% (15-25)",">=",15,25,TRUE,"percent (0-100) taxa - cold","Rule0",NA,NA,NA,NA,NA,"Main_Eckert","Main_Eckert",1,"Main_Eckert_L5_Rule0_pt_ti_cold"
"LBR_Fish_BCG_v1","Main_Eckert","pt_ti_cold","BREck2011",55.5555555555556,4,"> 27% (25-30)",">",25,30,TRUE,"percent (0-100) taxa - cold","Rule0",NA,NA,NA,NA,NA,"Main_Eckert","Main_Eckert",1,"Main_Eckert_L4_Rule0_pt_ti_cold"
"LBR_Fish_BCG_v1","Main_Eckert","pt_ti_cold","BREck2003",36.3636363636364,2,"≥ 40% (35-45)",">=",35,45,TRUE,"percent (0-100) taxa - cold","Rule0",NA,NA,NA,NA,NA,"Main_Eckert","Main_Eckert",0.136363636363637,"Main_Eckert_L2_Rule0_pt_ti_cold"
"LBR_Fish_BCG_v1","Main_Eckert","pt_ti_cold","BREck2003",36.3636363636364,3,"> 32% (30-35)",">",30,35,TRUE,"percent (0-100) taxa - cold","Rule0",NA,NA,NA,NA,NA,"Main_Eckert","Main_Eckert",1,"Main_Eckert_L3_Rule0_pt_ti_cold"
"LBR_Fish_BCG_v1","Main_Eckert","pt_ti_cold","BREck2003",36.3636363636364,5,"≥ 20% (15-25)",">=",15,25,TRUE,"percent (0-100) taxa - cold","Rule0",NA,NA,NA,NA,NA,"Main_Eckert","Main_Eckert",1,"Main_Eckert_L5_Rule0_pt_ti_cold"
"LBR_Fish_BCG_v1","Main_Eckert","pt_ti_cold","BREck2003",36.3636363636364,4,"> 27% (25-30)",">",25,30,TRUE,"percent (0-100) taxa - cold","Rule0",NA,NA,NA,NA,NA,"Main_Eckert","Main_Eckert",1,"Main_Eckert_L4_Rule0_pt_ti_cold"
"LBR_Fish_BCG_v1","Main_Eckert","pt_ti_cold","BREck2017",40,2,"≥ 40% (35-45)",">=",35,45,TRUE,"percent (0-100) taxa - cold","Rule0",NA,NA,NA,NA,NA,"Main_Eckert","Main_Eckert",0.5,"Main_Eckert_L2_Rule0_pt_ti_cold"
"LBR_Fish_BCG_v1","Main_Eckert","pt_ti_cold","BREck2017",40,3,"> 32% (30-35)",">",30,35,TRUE,"percent (0-100) taxa - cold","Rule0",NA,NA,NA,NA,NA,"Main_Eckert","Main_Eckert",1,"Main_Eckert_L3_Rule0_pt_ti_cold"
"LBR_Fish_BCG_v1","Main_Eckert","pt_ti_cold","BREck2017",40,5,"≥ 20% (15-25)",">=",15,25,TRUE,"percent (0-100) taxa - cold","Rule0",NA,NA,NA,NA,NA,"Main_Eckert","Main_Eckert",1,"Main_Eckert_L5_Rule0_pt_ti_cold"
"LBR_Fish_BCG_v1","Main_Eckert","pt_ti_cold","BREck2017",40,4,"> 27% (25-30)",">",25,30,TRUE,"percent (0-100) taxa - cold","Rule0",NA,NA,NA,NA,NA,"Main_Eckert","Main_Eckert",1,"Main_Eckert_L4_Rule0_pt_ti_cold"
"LBR_Fish_BCG_v1","Main_Eckert","pt_ti_cold","BRLogCrk1996",57.1428571428571,2,"≥ 40% (35-45)",">=",35,45,TRUE,"percent (0-100) taxa - cold","Rule0",NA,NA,NA,NA,NA,"Main_Eckert","Main_Eckert",1,"Main_Eckert_L2_Rule0_pt_ti_cold"
"LBR_Fish_BCG_v1","Main_Eckert","pt_ti_cold","BRLogCrk1996",57.1428571428571,3,"> 32% (30-35)",">",30,35,TRUE,"percent (0-100) taxa - cold","Rule0",NA,NA,NA,NA,NA,"Main_Eckert","Main_Eckert",1,"Main_Eckert_L3_Rule0_pt_ti_cold"
"LBR_Fish_BCG_v1","Main_Eckert","pt_ti_cold","BRLogCrk1996",57.1428571428571,5,"≥ 20% (15-25)",">=",15,25,TRUE,"percent (0-100) taxa - cold","Rule0",NA,NA,NA,NA,NA,"Main_Eckert","Main_Eckert",1,"Main_Eckert_L5_Rule0_pt_ti_cold"
"LBR_Fish_BCG_v1","Main_Eckert","pt_ti_cold","BRLogCrk1996",57.1428571428571,4,"> 27% (25-30)",">",25,30,TRUE,"percent (0-100) taxa - cold","Rule0",NA,NA,NA,NA,NA,"Main_Eckert","Main_Eckert",1,"Main_Eckert_L4_Rule0_pt_ti_cold"
"LBR_Fish_BCG_v1","Main_Eckert","pt_topcarn","BREck2017",30,3,"≥ 20% (15-25)",">=",15,25,TRUE,"percent (0-100) taxa - top carnivore","Rule0",NA,NA,NA,NA,NA,"Main_Eckert","Main_Eckert",1,"Main_Eckert_L3_Rule0_pt_topcarn"
"LBR_Fish_BCG_v1","Main_Eckert","pt_topcarn","BREck2017",30,2,"≥ 30% (25-35)",">=",25,35,TRUE,"percent (0-100) taxa - top carnivore","Rule0",NA,NA,NA,NA,NA,"Main_Eckert","Main_Eckert",0.5,"Main_Eckert_L2_Rule0_pt_topcarn"
"LBR_Fish_BCG_v1","Main_Eckert","pt_topcarn","09a390a6-3119-4a82-90e0-7a7b43b767e5",22.2222222222222,3,"≥ 20% (15-25)",">=",15,25,TRUE,"percent (0-100) taxa - top carnivore","Rule0",NA,NA,NA,NA,NA,"Main_Eckert","Main_Eckert",0.722222222222222,"Main_Eckert_L3_Rule0_pt_topcarn"
"LBR_Fish_BCG_v1","Main_Eckert","pt_topcarn","09a390a6-3119-4a82-90e0-7a7b43b767e5",22.2222222222222,2,"≥ 30% (25-35)",">=",25,35,TRUE,"percent (0-100) taxa - top carnivore","Rule0",NA,NA,NA,NA,NA,"Main_Eckert","Main_Eckert",0,"Main_Eckert_L2_Rule0_pt_topcarn"
"LBR_Fish_BCG_v1","Main_Eckert","pt_topcarn","d4f42475-7110-4ef6-bc63-33b82f0712cf",25,3,"≥ 20% (15-25)",">=",15,25,TRUE,"percent (0-100) taxa - top carnivore","Rule0",NA,NA,NA,NA,NA,"Main_Eckert","Main_Eckert",1,"Main_Eckert_L3_Rule0_pt_topcarn"
"LBR_Fish_BCG_v1","Main_Eckert","pt_topcarn","d4f42475-7110-4ef6-bc63-33b82f0712cf",25,2,"≥ 30% (25-35)",">=",25,35,TRUE,"percent (0-100) taxa - top carnivore","Rule0",NA,NA,NA,NA,NA,"Main_Eckert","Main_Eckert",0,"Main_Eckert_L2_Rule0_pt_topcarn"
"LBR_Fish_BCG_v1","Main_Eckert","pt_topcarn","BREck2014",33.3333333333333,3,"≥ 20% (15-25)",">=",15,25,TRUE,"percent (0-100) taxa - top carnivore","Rule0",NA,NA,NA,NA,NA,"Main_Eckert","Main_Eckert",1,"Main_Eckert_L3_Rule0_pt_topcarn"
"LBR_Fish_BCG_v1","Main_Eckert","pt_topcarn","BREck2014",33.3333333333333,2,"≥ 30% (25-35)",">=",25,35,TRUE,"percent (0-100) taxa - top carnivore","Rule0",NA,NA,NA,NA,NA,"Main_Eckert","Main_Eckert",0.833333333333333,"Main_Eckert_L2_Rule0_pt_topcarn"
"LBR_Fish_BCG_v1","Main_Eckert","pt_topcarn","BREck2005",37.5,3,"≥ 20% (15-25)",">=",15,25,TRUE,"percent (0-100) taxa - top carnivore","Rule0",NA,NA,NA,NA,NA,"Main_Eckert","Main_Eckert",1,"Main_Eckert_L3_Rule0_pt_topcarn"
"LBR_Fish_BCG_v1","Main_Eckert","pt_topcarn","BREck2005",37.5,2,"≥ 30% (25-35)",">=",25,35,TRUE,"percent (0-100) taxa - top carnivore","Rule0",NA,NA,NA,NA,NA,"Main_Eckert","Main_Eckert",1,"Main_Eckert_L2_Rule0_pt_topcarn"
"LBR_Fish_BCG_v1","Main_Eckert","pt_topcarn","BRLogCrk1996",28.5714285714286,3,"≥ 20% (15-25)",">=",15,25,TRUE,"percent (0-100) taxa - top carnivore","Rule0",NA,NA,NA,NA,NA,"Main_Eckert","Main_Eckert",1,"Main_Eckert_L3_Rule0_pt_topcarn"
"LBR_Fish_BCG_v1","Main_Eckert","pt_topcarn","BRLogCrk1996",28.5714285714286,2,"≥ 30% (25-35)",">=",25,35,TRUE,"percent (0-100) taxa - top carnivore","Rule0",NA,NA,NA,NA,NA,"Main_Eckert","Main_Eckert",0.357142857142857,"Main_Eckert_L2_Rule0_pt_topcarn"
"LBR_Fish_BCG_v1","Main_Eckert","pt_topcarn","BREck2011",44.4444444444444,3,"≥ 20% (15-25)",">=",15,25,TRUE,"percent (0-100) taxa - top carnivore","Rule0",NA,NA,NA,NA,NA,"Main_Eckert","Main_Eckert",1,"Main_Eckert_L3_Rule0_pt_topcarn"
"LBR_Fish_BCG_v1","Main_Eckert","pt_topcarn","BREck2011",44.4444444444444,2,"≥ 30% (25-35)",">=",25,35,TRUE,"percent (0-100) taxa - top carnivore","Rule0",NA,NA,NA,NA,NA,"Main_Eckert","Main_Eckert",1,"Main_Eckert_L2_Rule0_pt_topcarn"
"LBR_Fish_BCG_v1","Main_Eckert","pt_topcarn","BREck2003",27.2727272727273,3,"≥ 20% (15-25)",">=",15,25,TRUE,"percent (0-100) taxa - top carnivore","Rule0",NA,NA,NA,NA,NA,"Main_Eckert","Main_Eckert",1,"Main_Eckert_L3_Rule0_pt_topcarn"
"LBR_Fish_BCG_v1","Main_Eckert","pt_topcarn","BREck2003",27.2727272727273,2,"≥ 30% (25-35)",">=",25,35,TRUE,"percent (0-100) taxa - top carnivore","Rule0",NA,NA,NA,NA,NA,"Main_Eckert","Main_Eckert",0.227272727272728,"Main_Eckert_L2_Rule0_pt_topcarn"
"LBR_Fish_BCG_v1","Main_Eckert","x_Obs_CatoRhin","BREck2003",2,2,"> 1 (1-2)",">",1,2,TRUE,"presence of suckers and/or dace (2=both present)","Rule0",NA,NA,NA,NA,NA,"Main_Eckert","Main_Eckert",1,"Main_Eckert_L2_Rule0_x_Obs_CatoRhin"
"LBR_Fish_BCG_v1","Main_Eckert","x_Obs_CatoRhin","BREck2003",2,3,"> 1 (0.5-2)",">",0.5,2,TRUE,"presence of suckers and/or dace (2=both present)","Rule0",NA,NA,NA,NA,NA,"Main_Eckert","Main_Eckert",1,"Main_Eckert_L3_Rule0_x_Obs_CatoRhin"
"LBR_Fish_BCG_v1","Main_Eckert","x_Obs_CatoRhin","BREck2017",2,2,"> 1 (1-2)",">",1,2,TRUE,"presence of suckers and/or dace (2=both present)","Rule0",NA,NA,NA,NA,NA,"Main_Eckert","Main_Eckert",1,"Main_Eckert_L2_Rule0_x_Obs_CatoRhin"
"LBR_Fish_BCG_v1","Main_Eckert","x_Obs_CatoRhin","BREck2017",2,3,"> 1 (0.5-2)",">",0.5,2,TRUE,"presence of suckers and/or dace (2=both present)","Rule0",NA,NA,NA,NA,NA,"Main_Eckert","Main_Eckert",1,"Main_Eckert_L3_Rule0_x_Obs_CatoRhin"
"LBR_Fish_BCG_v1","Main_Eckert","x_Obs_CatoRhin","BREck2011",2,2,"> 1 (1-2)",">",1,2,TRUE,"presence of suckers and/or dace (2=both present)","Rule0",NA,NA,NA,NA,NA,"Main_Eckert","Main_Eckert",1,"Main_Eckert_L2_Rule0_x_Obs_CatoRhin"
"LBR_Fish_BCG_v1","Main_Eckert","x_Obs_CatoRhin","BREck2011",2,3,"> 1 (0.5-2)",">",0.5,2,TRUE,"presence of suckers and/or dace (2=both present)","Rule0",NA,NA,NA,NA,NA,"Main_Eckert","Main_Eckert",1,"Main_Eckert_L3_Rule0_x_Obs_CatoRhin"
"LBR_Fish_BCG_v1","Main_Eckert","x_Obs_CatoRhin","09a390a6-3119-4a82-90e0-7a7b43b767e5",2,2,"> 1 (1-2)",">",1,2,TRUE,"presence of suckers and/or dace (2=both present)","Rule0",NA,NA,NA,NA,NA,"Main_Eckert","Main_Eckert",1,"Main_Eckert_L2_Rule0_x_Obs_CatoRhin"
"LBR_Fish_BCG_v1","Main_Eckert","x_Obs_CatoRhin","09a390a6-3119-4a82-90e0-7a7b43b767e5",2,3,"> 1 (0.5-2)",">",0.5,2,TRUE,"presence of suckers and/or dace (2=both present)","Rule0",NA,NA,NA,NA,NA,"Main_Eckert","Main_Eckert",1,"Main_Eckert_L3_Rule0_x_Obs_CatoRhin"
"LBR_Fish_BCG_v1","Main_Eckert","x_Obs_CatoRhin","BRLogCrk1996",1,2,"> 1 (1-2)",">",1,2,TRUE,"presence of suckers and/or dace (2=both present)","Rule0",NA,NA,NA,NA,NA,"Main_Eckert","Main_Eckert",0,"Main_Eckert_L2_Rule0_x_Obs_CatoRhin"
"LBR_Fish_BCG_v1","Main_Eckert","x_Obs_CatoRhin","BRLogCrk1996",1,3,"> 1 (0.5-2)",">",0.5,2,TRUE,"presence of suckers and/or dace (2=both present)","Rule0",NA,NA,NA,NA,NA,"Main_Eckert","Main_Eckert",0.333333333333333,"Main_Eckert_L3_Rule0_x_Obs_CatoRhin"
"LBR_Fish_BCG_v1","Main_Eckert","x_Obs_CatoRhin","BREck2005",1,2,"> 1 (1-2)",">",1,2,TRUE,"presence of suckers and/or dace (2=both present)","Rule0",NA,NA,NA,NA,NA,"Main_Eckert","Main_Eckert",0,"Main_Eckert_L2_Rule0_x_Obs_CatoRhin"
"LBR_Fish_BCG_v1","Main_Eckert","x_Obs_CatoRhin","BREck2005",1,3,"> 1 (0.5-2)",">",0.5,2,TRUE,"presence of suckers and/or dace (2=both present)","Rule0",NA,NA,NA,NA,NA,"Main_Eckert","Main_Eckert",0.333333333333333,"Main_Eckert_L3_Rule0_x_Obs_CatoRhin"
"LBR_Fish_BCG_v1","Main_Eckert","x_Obs_CatoRhin","BREck2014",2,2,"> 1 (1-2)",">",1,2,TRUE,"presence of suckers and/or dace (2=both present)","Rule0",NA,NA,NA,NA,NA,"Main_Eckert","Main_Eckert",1,"Main_Eckert_L2_Rule0_x_Obs_CatoRhin"
"LBR_Fish_BCG_v1","Main_Eckert","x_Obs_CatoRhin","BREck2014",2,3,"> 1 (0.5-2)",">",0.5,2,TRUE,"presence of suckers and/or dace (2=both present)","Rule0",NA,NA,NA,NA,NA,"Main_Eckert","Main_Eckert",1,"Main_Eckert_L3_Rule0_x_Obs_CatoRhin"
"LBR_Fish_BCG_v1","Main_Eckert","x_Obs_CatoRhin","d4f42475-7110-4ef6-bc63-33b82f0712cf",2,2,"> 1 (1-2)",">",1,2,TRUE,"presence of suckers and/or dace (2=both present)","Rule0",NA,NA,NA,NA,NA,"Main_Eckert","Main_Eckert",1,"Main_Eckert_L2_Rule0_x_Obs_CatoRhin"
"LBR_Fish_BCG_v1","Main_Eckert","x_Obs_CatoRhin","d4f42475-7110-4ef6-bc63-33b82f0712cf",2,3,"> 1 (0.5-2)",">",0.5,2,TRUE,"presence of suckers and/or dace (2=both present)","Rule0",NA,NA,NA,NA,NA,"Main_Eckert","Main_Eckert",1,"Main_Eckert_L3_Rule0_x_Obs_CatoRhin"
"LBR_Fish_BCG_v1","Main_Middleton","n_ac_mwf","BRMiddl1996",8,2,"> 7 (6-9)",">",6,9,TRUE,"number of age classes - Mountain Whitefish","Rule0",NA,NA,NA,NA,NA,"Main_Middleton","Main_Middleton",0.666666666666667,"Main_Middleton_L2_Rule0_n_ac_mwf"
"LBR_Fish_BCG_v1","Main_Middleton","n_ac_mwf","BRMiddl1996",8,4,"> 1 (0-3)",">",0,3,TRUE,"number of age classes - Mountain Whitefish","Rule0",NA,NA,NA,NA,NA,"Main_Middleton","Main_Middleton",1,"Main_Middleton_L4_Rule0_n_ac_mwf"
"LBR_Fish_BCG_v1","Main_Middleton","n_ac_mwf","BRMiddl1996",8,3,"> 4 (3-6)",">",3,6,TRUE,"number of age classes - Mountain Whitefish","Rule0",NA,NA,NA,NA,NA,"Main_Middleton","Main_Middleton",1,"Main_Middleton_L3_Rule0_n_ac_mwf"
"LBR_Fish_BCG_v1","Main_Middleton","n_ac_mwf","7b637f2e-1057-4a85-90fa-a676bee7d8b2",6,2,"> 7 (6-9)",">",6,9,TRUE,"number of age classes - Mountain Whitefish","Rule0",NA,NA,NA,NA,NA,"Main_Middleton","Main_Middleton",0,"Main_Middleton_L2_Rule0_n_ac_mwf"
"LBR_Fish_BCG_v1","Main_Middleton","n_ac_mwf","7b637f2e-1057-4a85-90fa-a676bee7d8b2",6,4,"> 1 (0-3)",">",0,3,TRUE,"number of age classes - Mountain Whitefish","Rule0",NA,NA,NA,NA,NA,"Main_Middleton","Main_Middleton",1,"Main_Middleton_L4_Rule0_n_ac_mwf"
"LBR_Fish_BCG_v1","Main_Middleton","n_ac_mwf","7b637f2e-1057-4a85-90fa-a676bee7d8b2",6,3,"> 4 (3-6)",">",3,6,TRUE,"number of age classes - Mountain Whitefish","Rule0",NA,NA,NA,NA,NA,"Main_Middleton","Main_Middleton",1,"Main_Middleton_L3_Rule0_n_ac_mwf"
"LBR_Fish_BCG_v1","Main_Middleton","n_ac_mwf","d9a2f57f-d705-4b59-adb9-a265242a28da",7,2,"> 7 (6-9)",">",6,9,TRUE,"number of age classes - Mountain Whitefish","Rule0",NA,NA,NA,NA,NA,"Main_Middleton","Main_Middleton",0.333333333333333,"Main_Middleton_L2_Rule0_n_ac_mwf"
"LBR_Fish_BCG_v1","Main_Middleton","n_ac_mwf","d9a2f57f-d705-4b59-adb9-a265242a28da",7,4,"> 1 (0-3)",">",0,3,TRUE,"number of age classes - Mountain Whitefish","Rule0",NA,NA,NA,NA,NA,"Main_Middleton","Main_Middleton",1,"Main_Middleton_L4_Rule0_n_ac_mwf"
"LBR_Fish_BCG_v1","Main_Middleton","n_ac_mwf","d9a2f57f-d705-4b59-adb9-a265242a28da",7,3,"> 4 (3-6)",">",3,6,TRUE,"number of age classes - Mountain Whitefish","Rule0",NA,NA,NA,NA,NA,"Main_Middleton","Main_Middleton",1,"Main_Middleton_L3_Rule0_n_ac_mwf"
"LBR_Fish_BCG_v1","Main_Middleton","n_ac_mwf","BRMiddl2017",8,2,"> 7 (6-9)",">",6,9,TRUE,"number of age classes - Mountain Whitefish","Rule0",NA,NA,NA,NA,NA,"Main_Middleton","Main_Middleton",0.666666666666667,"Main_Middleton_L2_Rule0_n_ac_mwf"
"LBR_Fish_BCG_v1","Main_Middleton","n_ac_mwf","BRMiddl2017",8,4,"> 1 (0-3)",">",0,3,TRUE,"number of age classes - Mountain Whitefish","Rule0",NA,NA,NA,NA,NA,"Main_Middleton","Main_Middleton",1,"Main_Middleton_L4_Rule0_n_ac_mwf"
"LBR_Fish_BCG_v1","Main_Middleton","n_ac_mwf","BRMiddl2017",8,3,"> 4 (3-6)",">",3,6,TRUE,"number of age classes - Mountain Whitefish","Rule0",NA,NA,NA,NA,NA,"Main_Middleton","Main_Middleton",1,"Main_Middleton_L3_Rule0_n_ac_mwf"
"LBR_Fish_BCG_v1","Main_Middleton","n_ac_mwf","BRMiddl2011",9,2,"> 7 (6-9)",">",6,9,TRUE,"number of age classes - Mountain Whitefish","Rule0",NA,NA,NA,NA,NA,"Main_Middleton","Main_Middleton",1,"Main_Middleton_L2_Rule0_n_ac_mwf"
"LBR_Fish_BCG_v1","Main_Middleton","n_ac_mwf","BRMiddl2011",9,4,"> 1 (0-3)",">",0,3,TRUE,"number of age classes - Mountain Whitefish","Rule0",NA,NA,NA,NA,NA,"Main_Middleton","Main_Middleton",1,"Main_Middleton_L4_Rule0_n_ac_mwf"
"LBR_Fish_BCG_v1","Main_Middleton","n_ac_mwf","BRMiddl2011",9,3,"> 4 (3-6)",">",3,6,TRUE,"number of age classes - Mountain Whitefish","Rule0",NA,NA,NA,NA,NA,"Main_Middleton","Main_Middleton",1,"Main_Middleton_L3_Rule0_n_ac_mwf"
"LBR_Fish_BCG_v1","Main_Middleton","n_ac_mwf","BRMiddl2005",5,2,"> 7 (6-9)",">",6,9,TRUE,"number of age classes - Mountain Whitefish","Rule0",NA,NA,NA,NA,NA,"Main_Middleton","Main_Middleton",0,"Main_Middleton_L2_Rule0_n_ac_mwf"
"LBR_Fish_BCG_v1","Main_Middleton","n_ac_mwf","BRMiddl2005",5,4,"> 1 (0-3)",">",0,3,TRUE,"number of age classes - Mountain Whitefish","Rule0",NA,NA,NA,NA,NA,"Main_Middleton","Main_Middleton",1,"Main_Middleton_L4_Rule0_n_ac_mwf"
"LBR_Fish_BCG_v1","Main_Middleton","n_ac_mwf","BRMiddl2005",5,3,"> 4 (3-6)",">",3,6,TRUE,"number of age classes - Mountain Whitefish","Rule0",NA,NA,NA,NA,NA,"Main_Middleton","Main_Middleton",0.666666666666667,"Main_Middleton_L3_Rule0_n_ac_mwf"
"LBR_Fish_BCG_v1","Main_Middleton","n_ac_mwf","BRCald1997",2,2,"> 7 (6-9)",">",6,9,TRUE,"number of age classes - Mountain Whitefish","Rule0",NA,NA,NA,NA,NA,"Main_Middleton","Main_Middleton",0,"Main_Middleton_L2_Rule0_n_ac_mwf"
"LBR_Fish_BCG_v1","Main_Middleton","n_ac_mwf","BRCald1997",2,4,"> 1 (0-3)",">",0,3,TRUE,"number of age classes - Mountain Whitefish","Rule0",NA,NA,NA,NA,NA,"Main_Middleton","Main_Middleton",0.666666666666667,"Main_Middleton_L4_Rule0_n_ac_mwf"
"LBR_Fish_BCG_v1","Main_Middleton","n_ac_mwf","BRCald1997",2,3,"> 4 (3-6)",">",3,6,TRUE,"number of age classes - Mountain Whitefish","Rule0",NA,NA,NA,NA,NA,"Main_Middleton","Main_Middleton",0,"Main_Middleton_L3_Rule0_n_ac_mwf"
"LBR_Fish_BCG_v1","Main_Middleton","n_ac_mwf","BRCald2005",7,2,"> 7 (6-9)",">",6,9,TRUE,"number of age classes - Mountain Whitefish","Rule0",NA,NA,NA,NA,NA,"Main_Middleton","Main_Middleton",0.333333333333333,"Main_Middleton_L2_Rule0_n_ac_mwf"
"LBR_Fish_BCG_v1","Main_Middleton","n_ac_mwf","BRCald2005",7,4,"> 1 (0-3)",">",0,3,TRUE,"number of age classes - Mountain Whitefish","Rule0",NA,NA,NA,NA,NA,"Main_Middleton","Main_Middleton",1,"Main_Middleton_L4_Rule0_n_ac_mwf"
"LBR_Fish_BCG_v1","Main_Middleton","n_ac_mwf","BRCald2005",7,3,"> 4 (3-6)",">",3,6,TRUE,"number of age classes - Mountain Whitefish","Rule0",NA,NA,NA,NA,NA,"Main_Middleton","Main_Middleton",1,"Main_Middleton_L3_Rule0_n_ac_mwf"
"LBR_Fish_BCG_v1","Main_Middleton","n_ac_mwf","BRMiddl1997",5,2,"> 7 (6-9)",">",6,9,TRUE,"number of age classes - Mountain Whitefish","Rule0",NA,NA,NA,NA,NA,"Main_Middleton","Main_Middleton",0,"Main_Middleton_L2_Rule0_n_ac_mwf"
"LBR_Fish_BCG_v1","Main_Middleton","n_ac_mwf","BRMiddl1997",5,4,"> 1 (0-3)",">",0,3,TRUE,"number of age classes - Mountain Whitefish","Rule0",NA,NA,NA,NA,NA,"Main_Middleton","Main_Middleton",1,"Main_Middleton_L4_Rule0_n_ac_mwf"
"LBR_Fish_BCG_v1","Main_Middleton","n_ac_mwf","BRMiddl1997",5,3,"> 4 (3-6)",">",3,6,TRUE,"number of age classes - Mountain Whitefish","Rule0",NA,NA,NA,NA,NA,"Main_Middleton","Main_Middleton",0.666666666666667,"Main_Middleton_L3_Rule0_n_ac_mwf"
"LBR_Fish_BCG_v1","Main_Middleton","n_ac_rbt","BRMiddl2017",2,2,"> 3 (2.5-4)",">",2.5,4,TRUE,"number of age classes - Rainbow Trout","Rule0",NA,NA,NA,NA,NA,"Main_Middleton","Main_Middleton",0,"Main_Middleton_L2_Rule0_n_ac_rbt"
"LBR_Fish_BCG_v1","Main_Middleton","n_ac_rbt","BRMiddl2017",2,3,"> 1 (0.5-2)",">",0.5,2,TRUE,"number of age classes - Rainbow Trout","Rule0",NA,NA,NA,NA,NA,"Main_Middleton","Main_Middleton",1,"Main_Middleton_L3_Rule0_n_ac_rbt"
"LBR_Fish_BCG_v1","Main_Middleton","n_ac_rbt","BRMiddl2017",2,4,"> 0 (0-1)",">",0,1,TRUE,"number of age classes - Rainbow Trout","Rule0",NA,NA,NA,NA,NA,"Main_Middleton","Main_Middleton",1,"Main_Middleton_L4_Rule0_n_ac_rbt"
"LBR_Fish_BCG_v1","Main_Middleton","n_ac_rbt","BRCald1997",0,2,"> 3 (2.5-4)",">",2.5,4,TRUE,"number of age classes - Rainbow Trout","Rule0",NA,NA,NA,NA,NA,"Main_Middleton","Main_Middleton",0,"Main_Middleton_L2_Rule0_n_ac_rbt"
"LBR_Fish_BCG_v1","Main_Middleton","n_ac_rbt","BRCald1997",0,3,"> 1 (0.5-2)",">",0.5,2,TRUE,"number of age classes - Rainbow Trout","Rule0",NA,NA,NA,NA,NA,"Main_Middleton","Main_Middleton",0,"Main_Middleton_L3_Rule0_n_ac_rbt"
"LBR_Fish_BCG_v1","Main_Middleton","n_ac_rbt","BRCald1997",0,4,"> 0 (0-1)",">",0,1,TRUE,"number of age classes - Rainbow Trout","Rule0",NA,NA,NA,NA,NA,"Main_Middleton","Main_Middleton",0,"Main_Middleton_L4_Rule0_n_ac_rbt"
"LBR_Fish_BCG_v1","Main_Middleton","n_ac_rbt","BRMiddl1996",1,2,"> 3 (2.5-4)",">",2.5,4,TRUE,"number of age classes - Rainbow Trout","Rule0",NA,NA,NA,NA,NA,"Main_Middleton","Main_Middleton",0,"Main_Middleton_L2_Rule0_n_ac_rbt"
"LBR_Fish_BCG_v1","Main_Middleton","n_ac_rbt","BRMiddl1996",1,3,"> 1 (0.5-2)",">",0.5,2,TRUE,"number of age classes - Rainbow Trout","Rule0",NA,NA,NA,NA,NA,"Main_Middleton","Main_Middleton",0.333333333333333,"Main_Middleton_L3_Rule0_n_ac_rbt"
"LBR_Fish_BCG_v1","Main_Middleton","n_ac_rbt","BRMiddl1996",1,4,"> 0 (0-1)",">",0,1,TRUE,"number of age classes - Rainbow Trout","Rule0",NA,NA,NA,NA,NA,"Main_Middleton","Main_Middleton",1,"Main_Middleton_L4_Rule0_n_ac_rbt"
"LBR_Fish_BCG_v1","Main_Middleton","n_ac_rbt","BRMiddl2005",0,2,"> 3 (2.5-4)",">",2.5,4,TRUE,"number of age classes - Rainbow Trout","Rule0",NA,NA,NA,NA,NA,"Main_Middleton","Main_Middleton",0,"Main_Middleton_L2_Rule0_n_ac_rbt"
"LBR_Fish_BCG_v1","Main_Middleton","n_ac_rbt","BRMiddl2005",0,3,"> 1 (0.5-2)",">",0.5,2,TRUE,"number of age classes - Rainbow Trout","Rule0",NA,NA,NA,NA,NA,"Main_Middleton","Main_Middleton",0,"Main_Middleton_L3_Rule0_n_ac_rbt"
"LBR_Fish_BCG_v1","Main_Middleton","n_ac_rbt","BRMiddl2005",0,4,"> 0 (0-1)",">",0,1,TRUE,"number of age classes - Rainbow Trout","Rule0",NA,NA,NA,NA,NA,"Main_Middleton","Main_Middleton",0,"Main_Middleton_L4_Rule0_n_ac_rbt"
"LBR_Fish_BCG_v1","Main_Middleton","n_ac_rbt","BRMiddl2011",2,2,"> 3 (2.5-4)",">",2.5,4,TRUE,"number of age classes - Rainbow Trout","Rule0",NA,NA,NA,NA,NA,"Main_Middleton","Main_Middleton",0,"Main_Middleton_L2_Rule0_n_ac_rbt"
"LBR_Fish_BCG_v1","Main_Middleton","n_ac_rbt","BRMiddl2011",2,3,"> 1 (0.5-2)",">",0.5,2,TRUE,"number of age classes - Rainbow Trout","Rule0",NA,NA,NA,NA,NA,"Main_Middleton","Main_Middleton",1,"Main_Middleton_L3_Rule0_n_ac_rbt"
"LBR_Fish_BCG_v1","Main_Middleton","n_ac_rbt","BRMiddl2011",2,4,"> 0 (0-1)",">",0,1,TRUE,"number of age classes - Rainbow Trout","Rule0",NA,NA,NA,NA,NA,"Main_Middleton","Main_Middleton",1,"Main_Middleton_L4_Rule0_n_ac_rbt"
"LBR_Fish_BCG_v1","Main_Middleton","n_ac_rbt","7b637f2e-1057-4a85-90fa-a676bee7d8b2",2,2,"> 3 (2.5-4)",">",2.5,4,TRUE,"number of age classes - Rainbow Trout","Rule0",NA,NA,NA,NA,NA,"Main_Middleton","Main_Middleton",0,"Main_Middleton_L2_Rule0_n_ac_rbt"
"LBR_Fish_BCG_v1","Main_Middleton","n_ac_rbt","7b637f2e-1057-4a85-90fa-a676bee7d8b2",2,3,"> 1 (0.5-2)",">",0.5,2,TRUE,"number of age classes - Rainbow Trout","Rule0",NA,NA,NA,NA,NA,"Main_Middleton","Main_Middleton",1,"Main_Middleton_L3_Rule0_n_ac_rbt"
"LBR_Fish_BCG_v1","Main_Middleton","n_ac_rbt","7b637f2e-1057-4a85-90fa-a676bee7d8b2",2,4,"> 0 (0-1)",">",0,1,TRUE,"number of age classes - Rainbow Trout","Rule0",NA,NA,NA,NA,NA,"Main_Middleton","Main_Middleton",1,"Main_Middleton_L4_Rule0_n_ac_rbt"
"LBR_Fish_BCG_v1","Main_Middleton","n_ac_rbt","BRCald2005",0,2,"> 3 (2.5-4)",">",2.5,4,TRUE,"number of age classes - Rainbow Trout","Rule0",NA,NA,NA,NA,NA,"Main_Middleton","Main_Middleton",0,"Main_Middleton_L2_Rule0_n_ac_rbt"
"LBR_Fish_BCG_v1","Main_Middleton","n_ac_rbt","BRCald2005",0,3,"> 1 (0.5-2)",">",0.5,2,TRUE,"number of age classes - Rainbow Trout","Rule0",NA,NA,NA,NA,NA,"Main_Middleton","Main_Middleton",0,"Main_Middleton_L3_Rule0_n_ac_rbt"
"LBR_Fish_BCG_v1","Main_Middleton","n_ac_rbt","BRCald2005",0,4,"> 0 (0-1)",">",0,1,TRUE,"number of age classes - Rainbow Trout","Rule0",NA,NA,NA,NA,NA,"Main_Middleton","Main_Middleton",0,"Main_Middleton_L4_Rule0_n_ac_rbt"
"LBR_Fish_BCG_v1","Main_Middleton","n_ac_rbt","BRMiddl1997",1,2,"> 3 (2.5-4)",">",2.5,4,TRUE,"number of age classes - Rainbow Trout","Rule0",NA,NA,NA,NA,NA,"Main_Middleton","Main_Middleton",0,"Main_Middleton_L2_Rule0_n_ac_rbt"
"LBR_Fish_BCG_v1","Main_Middleton","n_ac_rbt","BRMiddl1997",1,3,"> 1 (0.5-2)",">",0.5,2,TRUE,"number of age classes - Rainbow Trout","Rule0",NA,NA,NA,NA,NA,"Main_Middleton","Main_Middleton",0.333333333333333,"Main_Middleton_L3_Rule0_n_ac_rbt"
"LBR_Fish_BCG_v1","Main_Middleton","n_ac_rbt","BRMiddl1997",1,4,"> 0 (0-1)",">",0,1,TRUE,"number of age classes - Rainbow Trout","Rule0",NA,NA,NA,NA,NA,"Main_Middleton","Main_Middleton",1,"Main_Middleton_L4_Rule0_n_ac_rbt"
"LBR_Fish_BCG_v1","Main_Middleton","n_ac_rbt","d9a2f57f-d705-4b59-adb9-a265242a28da",1,2,"> 3 (2.5-4)",">",2.5,4,TRUE,"number of age classes - Rainbow Trout","Rule0",NA,NA,NA,NA,NA,"Main_Middleton","Main_Middleton",0,"Main_Middleton_L2_Rule0_n_ac_rbt"
"LBR_Fish_BCG_v1","Main_Middleton","n_ac_rbt","d9a2f57f-d705-4b59-adb9-a265242a28da",1,3,"> 1 (0.5-2)",">",0.5,2,TRUE,"number of age classes - Rainbow Trout","Rule0",NA,NA,NA,NA,NA,"Main_Middleton","Main_Middleton",0.333333333333333,"Main_Middleton_L3_Rule0_n_ac_rbt"
"LBR_Fish_BCG_v1","Main_Middleton","n_ac_rbt","d9a2f57f-d705-4b59-adb9-a265242a28da",1,4,"> 0 (0-1)",">",0,1,TRUE,"number of age classes - Rainbow Trout","Rule0",NA,NA,NA,NA,NA,"Main_Middleton","Main_Middleton",1,"Main_Middleton_L4_Rule0_n_ac_rbt"
"LBR_Fish_BCG_v1","Main_Middleton","nt_BCG_att6t","BRMiddl2017",2,3,"< 0.1 (0-0.1)","<",0,0.1,FALSE,"number of taxa - BCG Attribute VI t (very tolerant non-native)","Rule0",NA,NA,NA,NA,NA,"Main_Middleton","Main_Middleton",0,"Main_Middleton_L3_Rule0_nt_BCG_att6t"
"LBR_Fish_BCG_v1","Main_Middleton","nt_BCG_att6t","BRMiddl2017",2,4,"< 3 (1-4)","<",1,4,FALSE,"number of taxa - BCG Attribute VI t (very tolerant non-native)","Rule0",NA,NA,NA,NA,NA,"Main_Middleton","Main_Middleton",0.666666666666667,"Main_Middleton_L4_Rule0_nt_BCG_att6t"
"LBR_Fish_BCG_v1","Main_Middleton","nt_BCG_att6t","BRCald1997",1,3,"< 0.1 (0-0.1)","<",0,0.1,FALSE,"number of taxa - BCG Attribute VI t (very tolerant non-native)","Rule0",NA,NA,NA,NA,NA,"Main_Middleton","Main_Middleton",0,"Main_Middleton_L3_Rule0_nt_BCG_att6t"
"LBR_Fish_BCG_v1","Main_Middleton","nt_BCG_att6t","BRCald1997",1,4,"< 3 (1-4)","<",1,4,FALSE,"number of taxa - BCG Attribute VI t (very tolerant non-native)","Rule0",NA,NA,NA,NA,NA,"Main_Middleton","Main_Middleton",1,"Main_Middleton_L4_Rule0_nt_BCG_att6t"
"LBR_Fish_BCG_v1","Main_Middleton","nt_BCG_att6t","BRMiddl2011",1,3,"< 0.1 (0-0.1)","<",0,0.1,FALSE,"number of taxa - BCG Attribute VI t (very tolerant non-native)","Rule0",NA,NA,NA,NA,NA,"Main_Middleton","Main_Middleton",0,"Main_Middleton_L3_Rule0_nt_BCG_att6t"
"LBR_Fish_BCG_v1","Main_Middleton","nt_BCG_att6t","BRMiddl2011",1,4,"< 3 (1-4)","<",1,4,FALSE,"number of taxa - BCG Attribute VI t (very tolerant non-native)","Rule0",NA,NA,NA,NA,NA,"Main_Middleton","Main_Middleton",1,"Main_Middleton_L4_Rule0_nt_BCG_att6t"
"LBR_Fish_BCG_v1","Main_Middleton","nt_BCG_att6t","BRMiddl2005",2,3,"< 0.1 (0-0.1)","<",0,0.1,FALSE,"number of taxa - BCG Attribute VI t (very tolerant non-native)","Rule0",NA,NA,NA,NA,NA,"Main_Middleton","Main_Middleton",0,"Main_Middleton_L3_Rule0_nt_BCG_att6t"
"LBR_Fish_BCG_v1","Main_Middleton","nt_BCG_att6t","BRMiddl2005",2,4,"< 3 (1-4)","<",1,4,FALSE,"number of taxa - BCG Attribute VI t (very tolerant non-native)","Rule0",NA,NA,NA,NA,NA,"Main_Middleton","Main_Middleton",0.666666666666667,"Main_Middleton_L4_Rule0_nt_BCG_att6t"
"LBR_Fish_BCG_v1","Main_Middleton","nt_BCG_att6t","BRCald2005",2,3,"< 0.1 (0-0.1)","<",0,0.1,FALSE,"number of taxa - BCG Attribute VI t (very tolerant non-native)","Rule0",NA,NA,NA,NA,NA,"Main_Middleton","Main_Middleton",0,"Main_Middleton_L3_Rule0_nt_BCG_att6t"
"LBR_Fish_BCG_v1","Main_Middleton","nt_BCG_att6t","BRCald2005",2,4,"< 3 (1-4)","<",1,4,FALSE,"number of taxa - BCG Attribute VI t (very tolerant non-native)","Rule0",NA,NA,NA,NA,NA,"Main_Middleton","Main_Middleton",0.666666666666667,"Main_Middleton_L4_Rule0_nt_BCG_att6t"
"LBR_Fish_BCG_v1","Main_Middleton","nt_BCG_att6t","d9a2f57f-d705-4b59-adb9-a265242a28da",2,3,"< 0.1 (0-0.1)","<",0,0.1,FALSE,"number of taxa - BCG Attribute VI t (very tolerant non-native)","Rule0",NA,NA,NA,NA,NA,"Main_Middleton","Main_Middleton",0,"Main_Middleton_L3_Rule0_nt_BCG_att6t"
"LBR_Fish_BCG_v1","Main_Middleton","nt_BCG_att6t","d9a2f57f-d705-4b59-adb9-a265242a28da",2,4,"< 3 (1-4)","<",1,4,FALSE,"number of taxa - BCG Attribute VI t (very tolerant non-native)","Rule0",NA,NA,NA,NA,NA,"Main_Middleton","Main_Middleton",0.666666666666667,"Main_Middleton_L4_Rule0_nt_BCG_att6t"
"LBR_Fish_BCG_v1","Main_Middleton","nt_BCG_att6t","BRMiddl1996",1,3,"< 0.1 (0-0.1)","<",0,0.1,FALSE,"number of taxa - BCG Attribute VI t (very tolerant non-native)","Rule0",NA,NA,NA,NA,NA,"Main_Middleton","Main_Middleton",0,"Main_Middleton_L3_Rule0_nt_BCG_att6t"
"LBR_Fish_BCG_v1","Main_Middleton","nt_BCG_att6t","BRMiddl1996",1,4,"< 3 (1-4)","<",1,4,FALSE,"number of taxa - BCG Attribute VI t (very tolerant non-native)","Rule0",NA,NA,NA,NA,NA,"Main_Middleton","Main_Middleton",1,"Main_Middleton_L4_Rule0_nt_BCG_att6t"
"LBR_Fish_BCG_v1","Main_Middleton","nt_BCG_att6t","BRMiddl1997",1,3,"< 0.1 (0-0.1)","<",0,0.1,FALSE,"number of taxa - BCG Attribute VI t (very tolerant non-native)","Rule0",NA,NA,NA,NA,NA,"Main_Middleton","Main_Middleton",0,"Main_Middleton_L3_Rule0_nt_BCG_att6t"
"LBR_Fish_BCG_v1","Main_Middleton","nt_BCG_att6t","BRMiddl1997",1,4,"< 3 (1-4)","<",1,4,FALSE,"number of taxa - BCG Attribute VI t (very tolerant non-native)","Rule0",NA,NA,NA,NA,NA,"Main_Middleton","Main_Middleton",1,"Main_Middleton_L4_Rule0_nt_BCG_att6t"
"LBR_Fish_BCG_v1","Main_Middleton","nt_BCG_att6t","7b637f2e-1057-4a85-90fa-a676bee7d8b2",1,3,"< 0.1 (0-0.1)","<",0,0.1,FALSE,"number of taxa - BCG Attribute VI t (very tolerant non-native)","Rule0",NA,NA,NA,NA,NA,"Main_Middleton","Main_Middleton",0,"Main_Middleton_L3_Rule0_nt_BCG_att6t"
"LBR_Fish_BCG_v1","Main_Middleton","nt_BCG_att6t","7b637f2e-1057-4a85-90fa-a676bee7d8b2",1,4,"< 3 (1-4)","<",1,4,FALSE,"number of taxa - BCG Attribute VI t (very tolerant non-native)","Rule0",NA,NA,NA,NA,NA,"Main_Middleton","Main_Middleton",1,"Main_Middleton_L4_Rule0_nt_BCG_att6t"
"LBR_Fish_BCG_v1","Main_Middleton","nt_BCG2_att1234b","BRMiddl2011",5,2,"> 6 (5-8)",">",5,8,TRUE,"number of taxa - BCG Attribute I + II + III + IV_better","Rule0",NA,NA,NA,NA,NA,"Main_Middleton","Main_Middleton",0,"Main_Middleton_L2_Rule0_nt_BCG2_att1234b"
"LBR_Fish_BCG_v1","Main_Middleton","nt_BCG2_att1234b","BRMiddl2011",5,4,"> 1 (0.5-2)",">",0.5,2,TRUE,"number of taxa - BCG Attribute I + II + III + IV_better","Rule0",NA,NA,NA,NA,NA,"Main_Middleton","Main_Middleton",1,"Main_Middleton_L4_Rule0_nt_BCG2_att1234b"
"LBR_Fish_BCG_v1","Main_Middleton","nt_BCG2_att1234b","BRMiddl2011",5,5,"> 0 (0-1)",">",0,1,TRUE,"number of taxa - BCG Attribute I + II + III + IV_better","Rule0",NA,NA,NA,NA,NA,"Main_Middleton","Main_Middleton",1,"Main_Middleton_L5_Rule0_nt_BCG2_att1234b"
"LBR_Fish_BCG_v1","Main_Middleton","nt_BCG2_att1234b","BRMiddl2011",5,3,"> 3 (2-5)",">",2,5,TRUE,"number of taxa - BCG Attribute I + II + III + IV_better","Rule0",NA,NA,NA,NA,NA,"Main_Middleton","Main_Middleton",1,"Main_Middleton_L3_Rule0_nt_BCG2_att1234b"
"LBR_Fish_BCG_v1","Main_Middleton","nt_BCG2_att1234b","BRCald1997",1,2,"> 6 (5-8)",">",5,8,TRUE,"number of taxa - BCG Attribute I + II + III + IV_better","Rule0",NA,NA,NA,NA,NA,"Main_Middleton","Main_Middleton",0,"Main_Middleton_L2_Rule0_nt_BCG2_att1234b"
"LBR_Fish_BCG_v1","Main_Middleton","nt_BCG2_att1234b","BRCald1997",1,4,"> 1 (0.5-2)",">",0.5,2,TRUE,"number of taxa - BCG Attribute I + II + III + IV_better","Rule0",NA,NA,NA,NA,NA,"Main_Middleton","Main_Middleton",0.333333333333333,"Main_Middleton_L4_Rule0_nt_BCG2_att1234b"
"LBR_Fish_BCG_v1","Main_Middleton","nt_BCG2_att1234b","BRCald1997",1,5,"> 0 (0-1)",">",0,1,TRUE,"number of taxa - BCG Attribute I + II + III + IV_better","Rule0",NA,NA,NA,NA,NA,"Main_Middleton","Main_Middleton",1,"Main_Middleton_L5_Rule0_nt_BCG2_att1234b"
"LBR_Fish_BCG_v1","Main_Middleton","nt_BCG2_att1234b","BRCald1997",1,3,"> 3 (2-5)",">",2,5,TRUE,"number of taxa - BCG Attribute I + II + III + IV_better","Rule0",NA,NA,NA,NA,NA,"Main_Middleton","Main_Middleton",0,"Main_Middleton_L3_Rule0_nt_BCG2_att1234b"
"LBR_Fish_BCG_v1","Main_Middleton","nt_BCG2_att1234b","BRMiddl1997",3,2,"> 6 (5-8)",">",5,8,TRUE,"number of taxa - BCG Attribute I + II + III + IV_better","Rule0",NA,NA,NA,NA,NA,"Main_Middleton","Main_Middleton",0,"Main_Middleton_L2_Rule0_nt_BCG2_att1234b"
"LBR_Fish_BCG_v1","Main_Middleton","nt_BCG2_att1234b","BRMiddl1997",3,4,"> 1 (0.5-2)",">",0.5,2,TRUE,"number of taxa - BCG Attribute I + II + III + IV_better","Rule0",NA,NA,NA,NA,NA,"Main_Middleton","Main_Middleton",1,"Main_Middleton_L4_Rule0_nt_BCG2_att1234b"
"LBR_Fish_BCG_v1","Main_Middleton","nt_BCG2_att1234b","BRMiddl1997",3,5,"> 0 (0-1)",">",0,1,TRUE,"number of taxa - BCG Attribute I + II + III + IV_better","Rule0",NA,NA,NA,NA,NA,"Main_Middleton","Main_Middleton",1,"Main_Middleton_L5_Rule0_nt_BCG2_att1234b"
"LBR_Fish_BCG_v1","Main_Middleton","nt_BCG2_att1234b","BRMiddl1997",3,3,"> 3 (2-5)",">",2,5,TRUE,"number of taxa - BCG Attribute I + II + III + IV_better","Rule0",NA,NA,NA,NA,NA,"Main_Middleton","Main_Middleton",0.333333333333333,"Main_Middleton_L3_Rule0_nt_BCG2_att1234b"
"LBR_Fish_BCG_v1","Main_Middleton","nt_BCG2_att1234b","d9a2f57f-d705-4b59-adb9-a265242a28da",4,2,"> 6 (5-8)",">",5,8,TRUE,"number of taxa - BCG Attribute I + II + III + IV_better","Rule0",NA,NA,NA,NA,NA,"Main_Middleton","Main_Middleton",0,"Main_Middleton_L2_Rule0_nt_BCG2_att1234b"
"LBR_Fish_BCG_v1","Main_Middleton","nt_BCG2_att1234b","d9a2f57f-d705-4b59-adb9-a265242a28da",4,4,"> 1 (0.5-2)",">",0.5,2,TRUE,"number of taxa - BCG Attribute I + II + III + IV_better","Rule0",NA,NA,NA,NA,NA,"Main_Middleton","Main_Middleton",1,"Main_Middleton_L4_Rule0_nt_BCG2_att1234b"
"LBR_Fish_BCG_v1","Main_Middleton","nt_BCG2_att1234b","d9a2f57f-d705-4b59-adb9-a265242a28da",4,5,"> 0 (0-1)",">",0,1,TRUE,"number of taxa - BCG Attribute I + II + III + IV_better","Rule0",NA,NA,NA,NA,NA,"Main_Middleton","Main_Middleton",1,"Main_Middleton_L5_Rule0_nt_BCG2_att1234b"
"LBR_Fish_BCG_v1","Main_Middleton","nt_BCG2_att1234b","d9a2f57f-d705-4b59-adb9-a265242a28da",4,3,"> 3 (2-5)",">",2,5,TRUE,"number of taxa - BCG Attribute I + II + III + IV_better","Rule0",NA,NA,NA,NA,NA,"Main_Middleton","Main_Middleton",0.666666666666667,"Main_Middleton_L3_Rule0_nt_BCG2_att1234b"
"LBR_Fish_BCG_v1","Main_Middleton","nt_BCG2_att1234b","BRMiddl2005",2,2,"> 6 (5-8)",">",5,8,TRUE,"number of taxa - BCG Attribute I + II + III + IV_better","Rule0",NA,NA,NA,NA,NA,"Main_Middleton","Main_Middleton",0,"Main_Middleton_L2_Rule0_nt_BCG2_att1234b"
"LBR_Fish_BCG_v1","Main_Middleton","nt_BCG2_att1234b","BRMiddl2005",2,4,"> 1 (0.5-2)",">",0.5,2,TRUE,"number of taxa - BCG Attribute I + II + III + IV_better","Rule0",NA,NA,NA,NA,NA,"Main_Middleton","Main_Middleton",1,"Main_Middleton_L4_Rule0_nt_BCG2_att1234b"
"LBR_Fish_BCG_v1","Main_Middleton","nt_BCG2_att1234b","BRMiddl2005",2,5,"> 0 (0-1)",">",0,1,TRUE,"number of taxa - BCG Attribute I + II + III + IV_better","Rule0",NA,NA,NA,NA,NA,"Main_Middleton","Main_Middleton",1,"Main_Middleton_L5_Rule0_nt_BCG2_att1234b"
"LBR_Fish_BCG_v1","Main_Middleton","nt_BCG2_att1234b","BRMiddl2005",2,3,"> 3 (2-5)",">",2,5,TRUE,"number of taxa - BCG Attribute I + II + III + IV_better","Rule0",NA,NA,NA,NA,NA,"Main_Middleton","Main_Middleton",0,"Main_Middleton_L3_Rule0_nt_BCG2_att1234b"
"LBR_Fish_BCG_v1","Main_Middleton","nt_BCG2_att1234b","BRMiddl1996",4,2,"> 6 (5-8)",">",5,8,TRUE,"number of taxa - BCG Attribute I + II + III + IV_better","Rule0",NA,NA,NA,NA,NA,"Main_Middleton","Main_Middleton",0,"Main_Middleton_L2_Rule0_nt_BCG2_att1234b"
"LBR_Fish_BCG_v1","Main_Middleton","nt_BCG2_att1234b","BRMiddl1996",4,4,"> 1 (0.5-2)",">",0.5,2,TRUE,"number of taxa - BCG Attribute I + II + III + IV_better","Rule0",NA,NA,NA,NA,NA,"Main_Middleton","Main_Middleton",1,"Main_Middleton_L4_Rule0_nt_BCG2_att1234b"
"LBR_Fish_BCG_v1","Main_Middleton","nt_BCG2_att1234b","BRMiddl1996",4,5,"> 0 (0-1)",">",0,1,TRUE,"number of taxa - BCG Attribute I + II + III + IV_better","Rule0",NA,NA,NA,NA,NA,"Main_Middleton","Main_Middleton",1,"Main_Middleton_L5_Rule0_nt_BCG2_att1234b"
"LBR_Fish_BCG_v1","Main_Middleton","nt_BCG2_att1234b","BRMiddl1996",4,3,"> 3 (2-5)",">",2,5,TRUE,"number of taxa - BCG Attribute I + II + III + IV_better","Rule0",NA,NA,NA,NA,NA,"Main_Middleton","Main_Middleton",0.666666666666667,"Main_Middleton_L3_Rule0_nt_BCG2_att1234b"
"LBR_Fish_BCG_v1","Main_Middleton","nt_BCG2_att1234b","BRCald2005",1,2,"> 6 (5-8)",">",5,8,TRUE,"number of taxa - BCG Attribute I + II + III + IV_better","Rule0",NA,NA,NA,NA,NA,"Main_Middleton","Main_Middleton",0,"Main_Middleton_L2_Rule0_nt_BCG2_att1234b"
"LBR_Fish_BCG_v1","Main_Middleton","nt_BCG2_att1234b","BRCald2005",1,4,"> 1 (0.5-2)",">",0.5,2,TRUE,"number of taxa - BCG Attribute I + II + III + IV_better","Rule0",NA,NA,NA,NA,NA,"Main_Middleton","Main_Middleton",0.333333333333333,"Main_Middleton_L4_Rule0_nt_BCG2_att1234b"
"LBR_Fish_BCG_v1","Main_Middleton","nt_BCG2_att1234b","BRCald2005",1,5,"> 0 (0-1)",">",0,1,TRUE,"number of taxa - BCG Attribute I + II + III + IV_better","Rule0",NA,NA,NA,NA,NA,"Main_Middleton","Main_Middleton",1,"Main_Middleton_L5_Rule0_nt_BCG2_att1234b"
"LBR_Fish_BCG_v1","Main_Middleton","nt_BCG2_att1234b","BRCald2005",1,3,"> 3 (2-5)",">",2,5,TRUE,"number of taxa - BCG Attribute I + II + III + IV_better","Rule0",NA,NA,NA,NA,NA,"Main_Middleton","Main_Middleton",0,"Main_Middleton_L3_Rule0_nt_BCG2_att1234b"
"LBR_Fish_BCG_v1","Main_Middleton","nt_BCG2_att1234b","7b637f2e-1057-4a85-90fa-a676bee7d8b2",5,2,"> 6 (5-8)",">",5,8,TRUE,"number of taxa - BCG Attribute I + II + III + IV_better","Rule0",NA,NA,NA,NA,NA,"Main_Middleton","Main_Middleton",0,"Main_Middleton_L2_Rule0_nt_BCG2_att1234b"
"LBR_Fish_BCG_v1","Main_Middleton","nt_BCG2_att1234b","7b637f2e-1057-4a85-90fa-a676bee7d8b2",5,4,"> 1 (0.5-2)",">",0.5,2,TRUE,"number of taxa - BCG Attribute I + II + III + IV_better","Rule0",NA,NA,NA,NA,NA,"Main_Middleton","Main_Middleton",1,"Main_Middleton_L4_Rule0_nt_BCG2_att1234b"
"LBR_Fish_BCG_v1","Main_Middleton","nt_BCG2_att1234b","7b637f2e-1057-4a85-90fa-a676bee7d8b2",5,5,"> 0 (0-1)",">",0,1,TRUE,"number of taxa - BCG Attribute I + II + III + IV_better","Rule0",NA,NA,NA,NA,NA,"Main_Middleton","Main_Middleton",1,"Main_Middleton_L5_Rule0_nt_BCG2_att1234b"
"LBR_Fish_BCG_v1","Main_Middleton","nt_BCG2_att1234b","7b637f2e-1057-4a85-90fa-a676bee7d8b2",5,3,"> 3 (2-5)",">",2,5,TRUE,"number of taxa - BCG Attribute I + II + III + IV_better","Rule0",NA,NA,NA,NA,NA,"Main_Middleton","Main_Middleton",1,"Main_Middleton_L3_Rule0_nt_BCG2_att1234b"
"LBR_Fish_BCG_v1","Main_Middleton","nt_BCG2_att1234b","BRMiddl2017",4,2,"> 6 (5-8)",">",5,8,TRUE,"number of taxa - BCG Attribute I + II + III + IV_better","Rule0",NA,NA,NA,NA,NA,"Main_Middleton","Main_Middleton",0,"Main_Middleton_L2_Rule0_nt_BCG2_att1234b"
"LBR_Fish_BCG_v1","Main_Middleton","nt_BCG2_att1234b","BRMiddl2017",4,4,"> 1 (0.5-2)",">",0.5,2,TRUE,"number of taxa - BCG Attribute I + II + III + IV_better","Rule0",NA,NA,NA,NA,NA,"Main_Middleton","Main_Middleton",1,"Main_Middleton_L4_Rule0_nt_BCG2_att1234b"
"LBR_Fish_BCG_v1","Main_Middleton","nt_BCG2_att1234b","BRMiddl2017",4,5,"> 0 (0-1)",">",0,1,TRUE,"number of taxa - BCG Attribute I + II + III + IV_better","Rule0",NA,NA,NA,NA,NA,"Main_Middleton","Main_Middleton",1,"Main_Middleton_L5_Rule0_nt_BCG2_att1234b"
"LBR_Fish_BCG_v1","Main_Middleton","nt_BCG2_att1234b","BRMiddl2017",4,3,"> 3 (2-5)",">",2,5,TRUE,"number of taxa - BCG Attribute I + II + III + IV_better","Rule0",NA,NA,NA,NA,NA,"Main_Middleton","Main_Middleton",0.666666666666667,"Main_Middleton_L3_Rule0_nt_BCG2_att1234b"
"LBR_Fish_BCG_v1","Main_Middleton","nt_native","BRMiddl1996",7,5,"> 2 (1-4)",">",1,4,TRUE,"number of native taxa","Rule0",NA,NA,NA,NA,NA,"Main_Middleton","Main_Middleton",1,"Main_Middleton_L5_Rule0_nt_native"
"LBR_Fish_BCG_v1","Main_Middleton","nt_native","BRMiddl1996",7,3,"> 8 (7-10)",">",7,10,TRUE,"number of native taxa","Rule0",NA,NA,NA,NA,NA,"Main_Middleton","Main_Middleton",0,"Main_Middleton_L3_Rule0_nt_native"
"LBR_Fish_BCG_v1","Main_Middleton","nt_native","BRMiddl1996",7,2,"> 12 (11-14)",">",11,14,TRUE,"number of native taxa","Rule0",NA,NA,NA,NA,NA,"Main_Middleton","Main_Middleton",0,"Main_Middleton_L2_Rule0_nt_native"
"LBR_Fish_BCG_v1","Main_Middleton","nt_native","BRMiddl1996",7,4,"> 5 (4-7)",">",4,7,TRUE,"number of native taxa","Rule0",NA,NA,NA,NA,NA,"Main_Middleton","Main_Middleton",1,"Main_Middleton_L4_Rule0_nt_native"
"LBR_Fish_BCG_v1","Main_Middleton","nt_native","BRCald2005",3,5,"> 2 (1-4)",">",1,4,TRUE,"number of native taxa","Rule0",NA,NA,NA,NA,NA,"Main_Middleton","Main_Middleton",0.666666666666667,"Main_Middleton_L5_Rule0_nt_native"
"LBR_Fish_BCG_v1","Main_Middleton","nt_native","BRCald2005",3,3,"> 8 (7-10)",">",7,10,TRUE,"number of native taxa","Rule0",NA,NA,NA,NA,NA,"Main_Middleton","Main_Middleton",0,"Main_Middleton_L3_Rule0_nt_native"
"LBR_Fish_BCG_v1","Main_Middleton","nt_native","BRCald2005",3,2,"> 12 (11-14)",">",11,14,TRUE,"number of native taxa","Rule0",NA,NA,NA,NA,NA,"Main_Middleton","Main_Middleton",0,"Main_Middleton_L2_Rule0_nt_native"
"LBR_Fish_BCG_v1","Main_Middleton","nt_native","BRCald2005",3,4,"> 5 (4-7)",">",4,7,TRUE,"number of native taxa","Rule0",NA,NA,NA,NA,NA,"Main_Middleton","Main_Middleton",0,"Main_Middleton_L4_Rule0_nt_native"
"LBR_Fish_BCG_v1","Main_Middleton","nt_native","d9a2f57f-d705-4b59-adb9-a265242a28da",8,5,"> 2 (1-4)",">",1,4,TRUE,"number of native taxa","Rule0",NA,NA,NA,NA,NA,"Main_Middleton","Main_Middleton",1,"Main_Middleton_L5_Rule0_nt_native"
"LBR_Fish_BCG_v1","Main_Middleton","nt_native","d9a2f57f-d705-4b59-adb9-a265242a28da",8,3,"> 8 (7-10)",">",7,10,TRUE,"number of native taxa","Rule0",NA,NA,NA,NA,NA,"Main_Middleton","Main_Middleton",0.333333333333333,"Main_Middleton_L3_Rule0_nt_native"
"LBR_Fish_BCG_v1","Main_Middleton","nt_native","d9a2f57f-d705-4b59-adb9-a265242a28da",8,2,"> 12 (11-14)",">",11,14,TRUE,"number of native taxa","Rule0",NA,NA,NA,NA,NA,"Main_Middleton","Main_Middleton",0,"Main_Middleton_L2_Rule0_nt_native"
"LBR_Fish_BCG_v1","Main_Middleton","nt_native","d9a2f57f-d705-4b59-adb9-a265242a28da",8,4,"> 5 (4-7)",">",4,7,TRUE,"number of native taxa","Rule0",NA,NA,NA,NA,NA,"Main_Middleton","Main_Middleton",1,"Main_Middleton_L4_Rule0_nt_native"
"LBR_Fish_BCG_v1","Main_Middleton","nt_native","BRCald1997",5,5,"> 2 (1-4)",">",1,4,TRUE,"number of native taxa","Rule0",NA,NA,NA,NA,NA,"Main_Middleton","Main_Middleton",1,"Main_Middleton_L5_Rule0_nt_native"
"LBR_Fish_BCG_v1","Main_Middleton","nt_native","BRCald1997",5,3,"> 8 (7-10)",">",7,10,TRUE,"number of native taxa","Rule0",NA,NA,NA,NA,NA,"Main_Middleton","Main_Middleton",0,"Main_Middleton_L3_Rule0_nt_native"
"LBR_Fish_BCG_v1","Main_Middleton","nt_native","BRCald1997",5,2,"> 12 (11-14)",">",11,14,TRUE,"number of native taxa","Rule0",NA,NA,NA,NA,NA,"Main_Middleton","Main_Middleton",0,"Main_Middleton_L2_Rule0_nt_native"
"LBR_Fish_BCG_v1","Main_Middleton","nt_native","BRCald1997",5,4,"> 5 (4-7)",">",4,7,TRUE,"number of native taxa","Rule0",NA,NA,NA,NA,NA,"Main_Middleton","Main_Middleton",0.333333333333333,"Main_Middleton_L4_Rule0_nt_native"
"LBR_Fish_BCG_v1","Main_Middleton","nt_native","BRMiddl2005",5,5,"> 2 (1-4)",">",1,4,TRUE,"number of native taxa","Rule0",NA,NA,NA,NA,NA,"Main_Middleton","Main_Middleton",1,"Main_Middleton_L5_Rule0_nt_native"
"LBR_Fish_BCG_v1","Main_Middleton","nt_native","BRMiddl2005",5,3,"> 8 (7-10)",">",7,10,TRUE,"number of native taxa","Rule0",NA,NA,NA,NA,NA,"Main_Middleton","Main_Middleton",0,"Main_Middleton_L3_Rule0_nt_native"
"LBR_Fish_BCG_v1","Main_Middleton","nt_native","BRMiddl2005",5,2,"> 12 (11-14)",">",11,14,TRUE,"number of native taxa","Rule0",NA,NA,NA,NA,NA,"Main_Middleton","Main_Middleton",0,"Main_Middleton_L2_Rule0_nt_native"
"LBR_Fish_BCG_v1","Main_Middleton","nt_native","BRMiddl2005",5,4,"> 5 (4-7)",">",4,7,TRUE,"number of native taxa","Rule0",NA,NA,NA,NA,NA,"Main_Middleton","Main_Middleton",0.333333333333333,"Main_Middleton_L4_Rule0_nt_native"
"LBR_Fish_BCG_v1","Main_Middleton","nt_native","BRMiddl2011",11,5,"> 2 (1-4)",">",1,4,TRUE,"number of native taxa","Rule0",NA,NA,NA,NA,NA,"Main_Middleton","Main_Middleton",1,"Main_Middleton_L5_Rule0_nt_native"
"LBR_Fish_BCG_v1","Main_Middleton","nt_native","BRMiddl2011",11,3,"> 8 (7-10)",">",7,10,TRUE,"number of native taxa","Rule0",NA,NA,NA,NA,NA,"Main_Middleton","Main_Middleton",1,"Main_Middleton_L3_Rule0_nt_native"
"LBR_Fish_BCG_v1","Main_Middleton","nt_native","BRMiddl2011",11,2,"> 12 (11-14)",">",11,14,TRUE,"number of native taxa","Rule0",NA,NA,NA,NA,NA,"Main_Middleton","Main_Middleton",0,"Main_Middleton_L2_Rule0_nt_native"
"LBR_Fish_BCG_v1","Main_Middleton","nt_native","BRMiddl2011",11,4,"> 5 (4-7)",">",4,7,TRUE,"number of native taxa","Rule0",NA,NA,NA,NA,NA,"Main_Middleton","Main_Middleton",1,"Main_Middleton_L4_Rule0_nt_native"
"LBR_Fish_BCG_v1","Main_Middleton","nt_native","7b637f2e-1057-4a85-90fa-a676bee7d8b2",10,5,"> 2 (1-4)",">",1,4,TRUE,"number of native taxa","Rule0",NA,NA,NA,NA,NA,"Main_Middleton","Main_Middleton",1,"Main_Middleton_L5_Rule0_nt_native"
"LBR_Fish_BCG_v1","Main_Middleton","nt_native","7b637f2e-1057-4a85-90fa-a676bee7d8b2",10,3,"> 8 (7-10)",">",7,10,TRUE,"number of native taxa","Rule0",NA,NA,NA,NA,NA,"Main_Middleton","Main_Middleton",1,"Main_Middleton_L3_Rule0_nt_native"
"LBR_Fish_BCG_v1","Main_Middleton","nt_native","7b637f2e-1057-4a85-90fa-a676bee7d8b2",10,2,"> 12 (11-14)",">",11,14,TRUE,"number of native taxa","Rule0",NA,NA,NA,NA,NA,"Main_Middleton","Main_Middleton",0,"Main_Middleton_L2_Rule0_nt_native"
"LBR_Fish_BCG_v1","Main_Middleton","nt_native","7b637f2e-1057-4a85-90fa-a676bee7d8b2",10,4,"> 5 (4-7)",">",4,7,TRUE,"number of native taxa","Rule0",NA,NA,NA,NA,NA,"Main_Middleton","Main_Middleton",1,"Main_Middleton_L4_Rule0_nt_native"
"LBR_Fish_BCG_v1","Main_Middleton","nt_native","BRMiddl1997",9,5,"> 2 (1-4)",">",1,4,TRUE,"number of native taxa","Rule0",NA,NA,NA,NA,NA,"Main_Middleton","Main_Middleton",1,"Main_Middleton_L5_Rule0_nt_native"
"LBR_Fish_BCG_v1","Main_Middleton","nt_native","BRMiddl1997",9,3,"> 8 (7-10)",">",7,10,TRUE,"number of native taxa","Rule0",NA,NA,NA,NA,NA,"Main_Middleton","Main_Middleton",0.666666666666667,"Main_Middleton_L3_Rule0_nt_native"
"LBR_Fish_BCG_v1","Main_Middleton","nt_native","BRMiddl1997",9,2,"> 12 (11-14)",">",11,14,TRUE,"number of native taxa","Rule0",NA,NA,NA,NA,NA,"Main_Middleton","Main_Middleton",0,"Main_Middleton_L2_Rule0_nt_native"
"LBR_Fish_BCG_v1","Main_Middleton","nt_native","BRMiddl1997",9,4,"> 5 (4-7)",">",4,7,TRUE,"number of native taxa","Rule0",NA,NA,NA,NA,NA,"Main_Middleton","Main_Middleton",1,"Main_Middleton_L4_Rule0_nt_native"
"LBR_Fish_BCG_v1","Main_Middleton","nt_native","BRMiddl2017",9,5,"> 2 (1-4)",">",1,4,TRUE,"number of native taxa","Rule0",NA,NA,NA,NA,NA,"Main_Middleton","Main_Middleton",1,"Main_Middleton_L5_Rule0_nt_native"
"LBR_Fish_BCG_v1","Main_Middleton","nt_native","BRMiddl2017",9,3,"> 8 (7-10)",">",7,10,TRUE,"number of native taxa","Rule0",NA,NA,NA,NA,NA,"Main_Middleton","Main_Middleton",0.666666666666667,"Main_Middleton_L3_Rule0_nt_native"
"LBR_Fish_BCG_v1","Main_Middleton","nt_native","BRMiddl2017",9,2,"> 12 (11-14)",">",11,14,TRUE,"number of native taxa","Rule0",NA,NA,NA,NA,NA,"Main_Middleton","Main_Middleton",0,"Main_Middleton_L2_Rule0_nt_native"
"LBR_Fish_BCG_v1","Main_Middleton","nt_native","BRMiddl2017",9,4,"> 5 (4-7)",">",4,7,TRUE,"number of native taxa","Rule0",NA,NA,NA,NA,NA,"Main_Middleton","Main_Middleton",1,"Main_Middleton_L4_Rule0_nt_native"
"LBR_Fish_BCG_v1","Main_Middleton","nt_repro_lithophil","BRMiddl1997",4,4,"> 1 (1-2)",">",1,2,TRUE,"number of taxa - LITHOPHIL (requires clean, coarse substrate)","Rule0",NA,NA,NA,NA,NA,"Main_Middleton","Main_Middleton",1,"Main_Middleton_L4_Rule0_nt_repro_lithophil"
"LBR_Fish_BCG_v1","Main_Middleton","nt_repro_lithophil","BRMiddl1997",4,3,"> 3 (2-5)",">",2,5,TRUE,"number of taxa - LITHOPHIL (requires clean, coarse substrate)","Rule0",NA,NA,NA,NA,NA,"Main_Middleton","Main_Middleton",0.666666666666667,"Main_Middleton_L3_Rule0_nt_repro_lithophil"
"LBR_Fish_BCG_v1","Main_Middleton","nt_repro_lithophil","BRMiddl1997",4,2,"> 6 (5-8)",">",5,8,TRUE,"number of taxa - LITHOPHIL (requires clean, coarse substrate)","Rule0",NA,NA,NA,NA,NA,"Main_Middleton","Main_Middleton",0,"Main_Middleton_L2_Rule0_nt_repro_lithophil"
"LBR_Fish_BCG_v1","Main_Middleton","nt_repro_lithophil","BRMiddl1996",2,4,"> 1 (1-2)",">",1,2,TRUE,"number of taxa - LITHOPHIL (requires clean, coarse substrate)","Rule0",NA,NA,NA,NA,NA,"Main_Middleton","Main_Middleton",1,"Main_Middleton_L4_Rule0_nt_repro_lithophil"
"LBR_Fish_BCG_v1","Main_Middleton","nt_repro_lithophil","BRMiddl1996",2,3,"> 3 (2-5)",">",2,5,TRUE,"number of taxa - LITHOPHIL (requires clean, coarse substrate)","Rule0",NA,NA,NA,NA,NA,"Main_Middleton","Main_Middleton",0,"Main_Middleton_L3_Rule0_nt_repro_lithophil"
"LBR_Fish_BCG_v1","Main_Middleton","nt_repro_lithophil","BRMiddl1996",2,2,"> 6 (5-8)",">",5,8,TRUE,"number of taxa - LITHOPHIL (requires clean, coarse substrate)","Rule0",NA,NA,NA,NA,NA,"Main_Middleton","Main_Middleton",0,"Main_Middleton_L2_Rule0_nt_repro_lithophil"
"LBR_Fish_BCG_v1","Main_Middleton","nt_repro_lithophil","BRCald1997",1,4,"> 1 (1-2)",">",1,2,TRUE,"number of taxa - LITHOPHIL (requires clean, coarse substrate)","Rule0",NA,NA,NA,NA,NA,"Main_Middleton","Main_Middleton",0,"Main_Middleton_L4_Rule0_nt_repro_lithophil"
"LBR_Fish_BCG_v1","Main_Middleton","nt_repro_lithophil","BRCald1997",1,3,"> 3 (2-5)",">",2,5,TRUE,"number of taxa - LITHOPHIL (requires clean, coarse substrate)","Rule0",NA,NA,NA,NA,NA,"Main_Middleton","Main_Middleton",0,"Main_Middleton_L3_Rule0_nt_repro_lithophil"
"LBR_Fish_BCG_v1","Main_Middleton","nt_repro_lithophil","BRCald1997",1,2,"> 6 (5-8)",">",5,8,TRUE,"number of taxa - LITHOPHIL (requires clean, coarse substrate)","Rule0",NA,NA,NA,NA,NA,"Main_Middleton","Main_Middleton",0,"Main_Middleton_L2_Rule0_nt_repro_lithophil"
"LBR_Fish_BCG_v1","Main_Middleton","nt_repro_lithophil","BRMiddl2017",5,4,"> 1 (1-2)",">",1,2,TRUE,"number of taxa - LITHOPHIL (requires clean, coarse substrate)","Rule0",NA,NA,NA,NA,NA,"Main_Middleton","Main_Middleton",1,"Main_Middleton_L4_Rule0_nt_repro_lithophil"
"LBR_Fish_BCG_v1","Main_Middleton","nt_repro_lithophil","BRMiddl2017",5,3,"> 3 (2-5)",">",2,5,TRUE,"number of taxa - LITHOPHIL (requires clean, coarse substrate)","Rule0",NA,NA,NA,NA,NA,"Main_Middleton","Main_Middleton",1,"Main_Middleton_L3_Rule0_nt_repro_lithophil"
"LBR_Fish_BCG_v1","Main_Middleton","nt_repro_lithophil","BRMiddl2017",5,2,"> 6 (5-8)",">",5,8,TRUE,"number of taxa - LITHOPHIL (requires clean, coarse substrate)","Rule0",NA,NA,NA,NA,NA,"Main_Middleton","Main_Middleton",0,"Main_Middleton_L2_Rule0_nt_repro_lithophil"
"LBR_Fish_BCG_v1","Main_Middleton","nt_repro_lithophil","BRMiddl2005",1,4,"> 1 (1-2)",">",1,2,TRUE,"number of taxa - LITHOPHIL (requires clean, coarse substrate)","Rule0",NA,NA,NA,NA,NA,"Main_Middleton","Main_Middleton",0,"Main_Middleton_L4_Rule0_nt_repro_lithophil"
"LBR_Fish_BCG_v1","Main_Middleton","nt_repro_lithophil","BRMiddl2005",1,3,"> 3 (2-5)",">",2,5,TRUE,"number of taxa - LITHOPHIL (requires clean, coarse substrate)","Rule0",NA,NA,NA,NA,NA,"Main_Middleton","Main_Middleton",0,"Main_Middleton_L3_Rule0_nt_repro_lithophil"
"LBR_Fish_BCG_v1","Main_Middleton","nt_repro_lithophil","BRMiddl2005",1,2,"> 6 (5-8)",">",5,8,TRUE,"number of taxa - LITHOPHIL (requires clean, coarse substrate)","Rule0",NA,NA,NA,NA,NA,"Main_Middleton","Main_Middleton",0,"Main_Middleton_L2_Rule0_nt_repro_lithophil"
"LBR_Fish_BCG_v1","Main_Middleton","nt_repro_lithophil","7b637f2e-1057-4a85-90fa-a676bee7d8b2",4,4,"> 1 (1-2)",">",1,2,TRUE,"number of taxa - LITHOPHIL (requires clean, coarse substrate)","Rule0",NA,NA,NA,NA,NA,"Main_Middleton","Main_Middleton",1,"Main_Middleton_L4_Rule0_nt_repro_lithophil"
"LBR_Fish_BCG_v1","Main_Middleton","nt_repro_lithophil","7b637f2e-1057-4a85-90fa-a676bee7d8b2",4,3,"> 3 (2-5)",">",2,5,TRUE,"number of taxa - LITHOPHIL (requires clean, coarse substrate)","Rule0",NA,NA,NA,NA,NA,"Main_Middleton","Main_Middleton",0.666666666666667,"Main_Middleton_L3_Rule0_nt_repro_lithophil"
"LBR_Fish_BCG_v1","Main_Middleton","nt_repro_lithophil","7b637f2e-1057-4a85-90fa-a676bee7d8b2",4,2,"> 6 (5-8)",">",5,8,TRUE,"number of taxa - LITHOPHIL (requires clean, coarse substrate)","Rule0",NA,NA,NA,NA,NA,"Main_Middleton","Main_Middleton",0,"Main_Middleton_L2_Rule0_nt_repro_lithophil"
"LBR_Fish_BCG_v1","Main_Middleton","nt_repro_lithophil","d9a2f57f-d705-4b59-adb9-a265242a28da",4,4,"> 1 (1-2)",">",1,2,TRUE,"number of taxa - LITHOPHIL (requires clean, coarse substrate)","Rule0",NA,NA,NA,NA,NA,"Main_Middleton","Main_Middleton",1,"Main_Middleton_L4_Rule0_nt_repro_lithophil"
"LBR_Fish_BCG_v1","Main_Middleton","nt_repro_lithophil","d9a2f57f-d705-4b59-adb9-a265242a28da",4,3,"> 3 (2-5)",">",2,5,TRUE,"number of taxa - LITHOPHIL (requires clean, coarse substrate)","Rule0",NA,NA,NA,NA,NA,"Main_Middleton","Main_Middleton",0.666666666666667,"Main_Middleton_L3_Rule0_nt_repro_lithophil"
"LBR_Fish_BCG_v1","Main_Middleton","nt_repro_lithophil","d9a2f57f-d705-4b59-adb9-a265242a28da",4,2,"> 6 (5-8)",">",5,8,TRUE,"number of taxa - LITHOPHIL (requires clean, coarse substrate)","Rule0",NA,NA,NA,NA,NA,"Main_Middleton","Main_Middleton",0,"Main_Middleton_L2_Rule0_nt_repro_lithophil"
"LBR_Fish_BCG_v1","Main_Middleton","nt_repro_lithophil","BRMiddl2011",6,4,"> 1 (1-2)",">",1,2,TRUE,"number of taxa - LITHOPHIL (requires clean, coarse substrate)","Rule0",NA,NA,NA,NA,NA,"Main_Middleton","Main_Middleton",1,"Main_Middleton_L4_Rule0_nt_repro_lithophil"
"LBR_Fish_BCG_v1","Main_Middleton","nt_repro_lithophil","BRMiddl2011",6,3,"> 3 (2-5)",">",2,5,TRUE,"number of taxa - LITHOPHIL (requires clean, coarse substrate)","Rule0",NA,NA,NA,NA,NA,"Main_Middleton","Main_Middleton",1,"Main_Middleton_L3_Rule0_nt_repro_lithophil"
"LBR_Fish_BCG_v1","Main_Middleton","nt_repro_lithophil","BRMiddl2011",6,2,"> 6 (5-8)",">",5,8,TRUE,"number of taxa - LITHOPHIL (requires clean, coarse substrate)","Rule0",NA,NA,NA,NA,NA,"Main_Middleton","Main_Middleton",0.333333333333333,"Main_Middleton_L2_Rule0_nt_repro_lithophil"
"LBR_Fish_BCG_v1","Main_Middleton","nt_repro_lithophil","BRCald2005",0,4,"> 1 (1-2)",">",1,2,TRUE,"number of taxa - LITHOPHIL (requires clean, coarse substrate)","Rule0",NA,NA,NA,NA,NA,"Main_Middleton","Main_Middleton",0,"Main_Middleton_L4_Rule0_nt_repro_lithophil"
"LBR_Fish_BCG_v1","Main_Middleton","nt_repro_lithophil","BRCald2005",0,3,"> 3 (2-5)",">",2,5,TRUE,"number of taxa - LITHOPHIL (requires clean, coarse substrate)","Rule0",NA,NA,NA,NA,NA,"Main_Middleton","Main_Middleton",0,"Main_Middleton_L3_Rule0_nt_repro_lithophil"
"LBR_Fish_BCG_v1","Main_Middleton","nt_repro_lithophil","BRCald2005",0,2,"> 6 (5-8)",">",5,8,TRUE,"number of taxa - LITHOPHIL (requires clean, coarse substrate)","Rule0",NA,NA,NA,NA,NA,"Main_Middleton","Main_Middleton",0,"Main_Middleton_L2_Rule0_nt_repro_lithophil"
"LBR_Fish_BCG_v1","Main_Middleton","pi_BCG_att123","BRCald1997",2.52525252525253,2,"≥ 35 (30-40)",">=",30,40,TRUE,"percent (0-100) individuals - BCG Attribute I + II + III","Rule0",NA,NA,NA,NA,NA,"Main_Middleton","Main_Middleton",0,"Main_Middleton_L2_Rule0_pi_BCG_att123"
"LBR_Fish_BCG_v1","Main_Middleton","pi_BCG_att123","BRCald1997",2.52525252525253,3,"≥ 20 (15-25)",">=",15,25,TRUE,"percent (0-100) individuals - BCG Attribute I + II + III","Rule0",NA,NA,NA,NA,NA,"Main_Middleton","Main_Middleton",0,"Main_Middleton_L3_Rule0_pi_BCG_att123"
"LBR_Fish_BCG_v1","Main_Middleton","pi_BCG_att123","BRCald1997",2.52525252525253,5,"> 0 (0-1)",">",0,1,TRUE,"percent (0-100) individuals - BCG Attribute I + II + III","Rule0",NA,NA,NA,NA,NA,"Main_Middleton","Main_Middleton",1,"Main_Middleton_L5_Rule0_pi_BCG_att123"
"LBR_Fish_BCG_v1","Main_Middleton","pi_BCG_att123","BRCald1997",2.52525252525253,4,"≥ 3 (1-5)",">=",1,5,TRUE,"percent (0-100) individuals - BCG Attribute I + II + III","Rule0",NA,NA,NA,NA,NA,"Main_Middleton","Main_Middleton",0.381313131313131,"Main_Middleton_L4_Rule0_pi_BCG_att123"
"LBR_Fish_BCG_v1","Main_Middleton","pi_BCG_att123","7b637f2e-1057-4a85-90fa-a676bee7d8b2",8.33333333333333,2,"≥ 35 (30-40)",">=",30,40,TRUE,"percent (0-100) individuals - BCG Attribute I + II + III","Rule0",NA,NA,NA,NA,NA,"Main_Middleton","Main_Middleton",0,"Main_Middleton_L2_Rule0_pi_BCG_att123"
"LBR_Fish_BCG_v1","Main_Middleton","pi_BCG_att123","7b637f2e-1057-4a85-90fa-a676bee7d8b2",8.33333333333333,3,"≥ 20 (15-25)",">=",15,25,TRUE,"percent (0-100) individuals - BCG Attribute I + II + III","Rule0",NA,NA,NA,NA,NA,"Main_Middleton","Main_Middleton",0,"Main_Middleton_L3_Rule0_pi_BCG_att123"
"LBR_Fish_BCG_v1","Main_Middleton","pi_BCG_att123","7b637f2e-1057-4a85-90fa-a676bee7d8b2",8.33333333333333,5,"> 0 (0-1)",">",0,1,TRUE,"percent (0-100) individuals - BCG Attribute I + II + III","Rule0",NA,NA,NA,NA,NA,"Main_Middleton","Main_Middleton",1,"Main_Middleton_L5_Rule0_pi_BCG_att123"
"LBR_Fish_BCG_v1","Main_Middleton","pi_BCG_att123","7b637f2e-1057-4a85-90fa-a676bee7d8b2",8.33333333333333,4,"≥ 3 (1-5)",">=",1,5,TRUE,"percent (0-100) individuals - BCG Attribute I + II + III","Rule0",NA,NA,NA,NA,NA,"Main_Middleton","Main_Middleton",1,"Main_Middleton_L4_Rule0_pi_BCG_att123"
"LBR_Fish_BCG_v1","Main_Middleton","pi_BCG_att123","BRCald2005",52.6717557251908,2,"≥ 35 (30-40)",">=",30,40,TRUE,"percent (0-100) individuals - BCG Attribute I + II + III","Rule0",NA,NA,NA,NA,NA,"Main_Middleton","Main_Middleton",1,"Main_Middleton_L2_Rule0_pi_BCG_att123"
"LBR_Fish_BCG_v1","Main_Middleton","pi_BCG_att123","BRCald2005",52.6717557251908,3,"≥ 20 (15-25)",">=",15,25,TRUE,"percent (0-100) individuals - BCG Attribute I + II + III","Rule0",NA,NA,NA,NA,NA,"Main_Middleton","Main_Middleton",1,"Main_Middleton_L3_Rule0_pi_BCG_att123"
"LBR_Fish_BCG_v1","Main_Middleton","pi_BCG_att123","BRCald2005",52.6717557251908,5,"> 0 (0-1)",">",0,1,TRUE,"percent (0-100) individuals - BCG Attribute I + II + III","Rule0",NA,NA,NA,NA,NA,"Main_Middleton","Main_Middleton",1,"Main_Middleton_L5_Rule0_pi_BCG_att123"
"LBR_Fish_BCG_v1","Main_Middleton","pi_BCG_att123","BRCald2005",52.6717557251908,4,"≥ 3 (1-5)",">=",1,5,TRUE,"percent (0-100) individuals - BCG Attribute I + II + III","Rule0",NA,NA,NA,NA,NA,"Main_Middleton","Main_Middleton",1,"Main_Middleton_L4_Rule0_pi_BCG_att123"
"LBR_Fish_BCG_v1","Main_Middleton","pi_BCG_att123","BRMiddl1996",40.8239700374532,2,"≥ 35 (30-40)",">=",30,40,TRUE,"percent (0-100) individuals - BCG Attribute I + II + III","Rule0",NA,NA,NA,NA,NA,"Main_Middleton","Main_Middleton",1,"Main_Middleton_L2_Rule0_pi_BCG_att123"
"LBR_Fish_BCG_v1","Main_Middleton","pi_BCG_att123","BRMiddl1996",40.8239700374532,3,"≥ 20 (15-25)",">=",15,25,TRUE,"percent (0-100) individuals - BCG Attribute I + II + III","Rule0",NA,NA,NA,NA,NA,"Main_Middleton","Main_Middleton",1,"Main_Middleton_L3_Rule0_pi_BCG_att123"
"LBR_Fish_BCG_v1","Main_Middleton","pi_BCG_att123","BRMiddl1996",40.8239700374532,5,"> 0 (0-1)",">",0,1,TRUE,"percent (0-100) individuals - BCG Attribute I + II + III","Rule0",NA,NA,NA,NA,NA,"Main_Middleton","Main_Middleton",1,"Main_Middleton_L5_Rule0_pi_BCG_att123"
"LBR_Fish_BCG_v1","Main_Middleton","pi_BCG_att123","BRMiddl1996",40.8239700374532,4,"≥ 3 (1-5)",">=",1,5,TRUE,"percent (0-100) individuals - BCG Attribute I + II + III","Rule0",NA,NA,NA,NA,NA,"Main_Middleton","Main_Middleton",1,"Main_Middleton_L4_Rule0_pi_BCG_att123"
"LBR_Fish_BCG_v1","Main_Middleton","pi_BCG_att123","BRMiddl2011",36.3057324840764,2,"≥ 35 (30-40)",">=",30,40,TRUE,"percent (0-100) individuals - BCG Attribute I + II + III","Rule0",NA,NA,NA,NA,NA,"Main_Middleton","Main_Middleton",0.630573248407644,"Main_Middleton_L2_Rule0_pi_BCG_att123"
"LBR_Fish_BCG_v1","Main_Middleton","pi_BCG_att123","BRMiddl2011",36.3057324840764,3,"≥ 20 (15-25)",">=",15,25,TRUE,"percent (0-100) individuals - BCG Attribute I + II + III","Rule0",NA,NA,NA,NA,NA,"Main_Middleton","Main_Middleton",1,"Main_Middleton_L3_Rule0_pi_BCG_att123"
"LBR_Fish_BCG_v1","Main_Middleton","pi_BCG_att123","BRMiddl2011",36.3057324840764,5,"> 0 (0-1)",">",0,1,TRUE,"percent (0-100) individuals - BCG Attribute I + II + III","Rule0",NA,NA,NA,NA,NA,"Main_Middleton","Main_Middleton",1,"Main_Middleton_L5_Rule0_pi_BCG_att123"
"LBR_Fish_BCG_v1","Main_Middleton","pi_BCG_att123","BRMiddl2011",36.3057324840764,4,"≥ 3 (1-5)",">=",1,5,TRUE,"percent (0-100) individuals - BCG Attribute I + II + III","Rule0",NA,NA,NA,NA,NA,"Main_Middleton","Main_Middleton",1,"Main_Middleton_L4_Rule0_pi_BCG_att123"
"LBR_Fish_BCG_v1","Main_Middleton","pi_BCG_att123","BRMiddl2005",51.123595505618,2,"≥ 35 (30-40)",">=",30,40,TRUE,"percent (0-100) individuals - BCG Attribute I + II + III","Rule0",NA,NA,NA,NA,NA,"Main_Middleton","Main_Middleton",1,"Main_Middleton_L2_Rule0_pi_BCG_att123"
"LBR_Fish_BCG_v1","Main_Middleton","pi_BCG_att123","BRMiddl2005",51.123595505618,3,"≥ 20 (15-25)",">=",15,25,TRUE,"percent (0-100) individuals - BCG Attribute I + II + III","Rule0",NA,NA,NA,NA,NA,"Main_Middleton","Main_Middleton",1,"Main_Middleton_L3_Rule0_pi_BCG_att123"
"LBR_Fish_BCG_v1","Main_Middleton","pi_BCG_att123","BRMiddl2005",51.123595505618,5,"> 0 (0-1)",">",0,1,TRUE,"percent (0-100) individuals - BCG Attribute I + II + III","Rule0",NA,NA,NA,NA,NA,"Main_Middleton","Main_Middleton",1,"Main_Middleton_L5_Rule0_pi_BCG_att123"
"LBR_Fish_BCG_v1","Main_Middleton","pi_BCG_att123","BRMiddl2005",51.123595505618,4,"≥ 3 (1-5)",">=",1,5,TRUE,"percent (0-100) individuals - BCG Attribute I + II + III","Rule0",NA,NA,NA,NA,NA,"Main_Middleton","Main_Middleton",1,"Main_Middleton_L4_Rule0_pi_BCG_att123"
"LBR_Fish_BCG_v1","Main_Middleton","pi_BCG_att123","d9a2f57f-d705-4b59-adb9-a265242a28da",30.5555555555556,2,"≥ 35 (30-40)",">=",30,40,TRUE,"percent (0-100) individuals - BCG Attribute I + II + III","Rule0",NA,NA,NA,NA,NA,"Main_Middleton","Main_Middleton",0.0555555555555558,"Main_Middleton_L2_Rule0_pi_BCG_att123"
"LBR_Fish_BCG_v1","Main_Middleton","pi_BCG_att123","d9a2f57f-d705-4b59-adb9-a265242a28da",30.5555555555556,3,"≥ 20 (15-25)",">=",15,25,TRUE,"percent (0-100) individuals - BCG Attribute I + II + III","Rule0",NA,NA,NA,NA,NA,"Main_Middleton","Main_Middleton",1,"Main_Middleton_L3_Rule0_pi_BCG_att123"
"LBR_Fish_BCG_v1","Main_Middleton","pi_BCG_att123","d9a2f57f-d705-4b59-adb9-a265242a28da",30.5555555555556,5,"> 0 (0-1)",">",0,1,TRUE,"percent (0-100) individuals - BCG Attribute I + II + III","Rule0",NA,NA,NA,NA,NA,"Main_Middleton","Main_Middleton",1,"Main_Middleton_L5_Rule0_pi_BCG_att123"
"LBR_Fish_BCG_v1","Main_Middleton","pi_BCG_att123","d9a2f57f-d705-4b59-adb9-a265242a28da",30.5555555555556,4,"≥ 3 (1-5)",">=",1,5,TRUE,"percent (0-100) individuals - BCG Attribute I + II + III","Rule0",NA,NA,NA,NA,NA,"Main_Middleton","Main_Middleton",1,"Main_Middleton_L4_Rule0_pi_BCG_att123"
"LBR_Fish_BCG_v1","Main_Middleton","pi_BCG_att123","BRMiddl1997",3.10880829015544,2,"≥ 35 (30-40)",">=",30,40,TRUE,"percent (0-100) individuals - BCG Attribute I + II + III","Rule0",NA,NA,NA,NA,NA,"Main_Middleton","Main_Middleton",0,"Main_Middleton_L2_Rule0_pi_BCG_att123"
"LBR_Fish_BCG_v1","Main_Middleton","pi_BCG_att123","BRMiddl1997",3.10880829015544,3,"≥ 20 (15-25)",">=",15,25,TRUE,"percent (0-100) individuals - BCG Attribute I + II + III","Rule0",NA,NA,NA,NA,NA,"Main_Middleton","Main_Middleton",0,"Main_Middleton_L3_Rule0_pi_BCG_att123"
"LBR_Fish_BCG_v1","Main_Middleton","pi_BCG_att123","BRMiddl1997",3.10880829015544,5,"> 0 (0-1)",">",0,1,TRUE,"percent (0-100) individuals - BCG Attribute I + II + III","Rule0",NA,NA,NA,NA,NA,"Main_Middleton","Main_Middleton",1,"Main_Middleton_L5_Rule0_pi_BCG_att123"
"LBR_Fish_BCG_v1","Main_Middleton","pi_BCG_att123","BRMiddl1997",3.10880829015544,4,"≥ 3 (1-5)",">=",1,5,TRUE,"percent (0-100) individuals - BCG Attribute I + II + III","Rule0",NA,NA,NA,NA,NA,"Main_Middleton","Main_Middleton",0.52720207253886,"Main_Middleton_L4_Rule0_pi_BCG_att123"
"LBR_Fish_BCG_v1","Main_Middleton","pi_BCG_att123","BRMiddl2017",12.2153209109731,2,"≥ 35 (30-40)",">=",30,40,TRUE,"percent (0-100) individuals - BCG Attribute I + II + III","Rule0",NA,NA,NA,NA,NA,"Main_Middleton","Main_Middleton",0,"Main_Middleton_L2_Rule0_pi_BCG_att123"
"LBR_Fish_BCG_v1","Main_Middleton","pi_BCG_att123","BRMiddl2017",12.2153209109731,3,"≥ 20 (15-25)",">=",15,25,TRUE,"percent (0-100) individuals - BCG Attribute I + II + III","Rule0",NA,NA,NA,NA,NA,"Main_Middleton","Main_Middleton",0,"Main_Middleton_L3_Rule0_pi_BCG_att123"
"LBR_Fish_BCG_v1","Main_Middleton","pi_BCG_att123","BRMiddl2017",12.2153209109731,5,"> 0 (0-1)",">",0,1,TRUE,"percent (0-100) individuals - BCG Attribute I + II + III","Rule0",NA,NA,NA,NA,NA,"Main_Middleton","Main_Middleton",1,"Main_Middleton_L5_Rule0_pi_BCG_att123"
"LBR_Fish_BCG_v1","Main_Middleton","pi_BCG_att123","BRMiddl2017",12.2153209109731,4,"≥ 3 (1-5)",">=",1,5,TRUE,"percent (0-100) individuals - BCG Attribute I + II + III","Rule0",NA,NA,NA,NA,NA,"Main_Middleton","Main_Middleton",1,"Main_Middleton_L4_Rule0_pi_BCG_att123"
"LBR_Fish_BCG_v1","Main_Middleton","pi_nonnative","BRCald2005",11.4503816793893,3,"< 3 (0-5)","<",0,5,FALSE,"percent (0-100) individuals - non-native","Rule0",NA,NA,NA,NA,NA,"Main_Middleton","Main_Middleton",0,"Main_Middleton_L3_Rule0_pi_nonnative"
"LBR_Fish_BCG_v1","Main_Middleton","pi_nonnative","BRCald2005",11.4503816793893,5,"≤ 20 (15-25)","<=",15,25,FALSE,"percent (0-100) individuals - non-native","Rule0",NA,NA,NA,NA,NA,"Main_Middleton","Main_Middleton",1,"Main_Middleton_L5_Rule0_pi_nonnative"
"LBR_Fish_BCG_v1","Main_Middleton","pi_nonnative","BRCald2005",11.4503816793893,4,"< 8 (5-10)","<",5,10,FALSE,"percent (0-100) individuals - non-native","Rule0",NA,NA,NA,NA,NA,"Main_Middleton","Main_Middleton",0,"Main_Middleton_L4_Rule0_pi_nonnative"
"LBR_Fish_BCG_v1","Main_Middleton","pi_nonnative","BRCald2005",11.4503816793893,2,"< 0.1 (0-0.1)","<",0,0.1,FALSE,"percent (0-100) individuals - non-native","Rule0",NA,NA,NA,NA,NA,"Main_Middleton","Main_Middleton",0,"Main_Middleton_L2_Rule0_pi_nonnative"
"LBR_Fish_BCG_v1","Main_Middleton","pi_nonnative","d9a2f57f-d705-4b59-adb9-a265242a28da",4.86111111111111,3,"< 3 (0-5)","<",0,5,FALSE,"percent (0-100) individuals - non-native","Rule0",NA,NA,NA,NA,NA,"Main_Middleton","Main_Middleton",0.0277777777777779,"Main_Middleton_L3_Rule0_pi_nonnative"
"LBR_Fish_BCG_v1","Main_Middleton","pi_nonnative","d9a2f57f-d705-4b59-adb9-a265242a28da",4.86111111111111,5,"≤ 20 (15-25)","<=",15,25,FALSE,"percent (0-100) individuals - non-native","Rule0",NA,NA,NA,NA,NA,"Main_Middleton","Main_Middleton",1,"Main_Middleton_L5_Rule0_pi_nonnative"
"LBR_Fish_BCG_v1","Main_Middleton","pi_nonnative","d9a2f57f-d705-4b59-adb9-a265242a28da",4.86111111111111,4,"< 8 (5-10)","<",5,10,FALSE,"percent (0-100) individuals - non-native","Rule0",NA,NA,NA,NA,NA,"Main_Middleton","Main_Middleton",1,"Main_Middleton_L4_Rule0_pi_nonnative"
"LBR_Fish_BCG_v1","Main_Middleton","pi_nonnative","d9a2f57f-d705-4b59-adb9-a265242a28da",4.86111111111111,2,"< 0.1 (0-0.1)","<",0,0.1,FALSE,"percent (0-100) individuals - non-native","Rule0",NA,NA,NA,NA,NA,"Main_Middleton","Main_Middleton",0,"Main_Middleton_L2_Rule0_pi_nonnative"
"LBR_Fish_BCG_v1","Main_Middleton","pi_nonnative","BRMiddl2011",3.82165605095541,3,"< 3 (0-5)","<",0,5,FALSE,"percent (0-100) individuals - non-native","Rule0",NA,NA,NA,NA,NA,"Main_Middleton","Main_Middleton",0.235668789808917,"Main_Middleton_L3_Rule0_pi_nonnative"
"LBR_Fish_BCG_v1","Main_Middleton","pi_nonnative","BRMiddl2011",3.82165605095541,5,"≤ 20 (15-25)","<=",15,25,FALSE,"percent (0-100) individuals - non-native","Rule0",NA,NA,NA,NA,NA,"Main_Middleton","Main_Middleton",1,"Main_Middleton_L5_Rule0_pi_nonnative"
"LBR_Fish_BCG_v1","Main_Middleton","pi_nonnative","BRMiddl2011",3.82165605095541,4,"< 8 (5-10)","<",5,10,FALSE,"percent (0-100) individuals - non-native","Rule0",NA,NA,NA,NA,NA,"Main_Middleton","Main_Middleton",1,"Main_Middleton_L4_Rule0_pi_nonnative"
"LBR_Fish_BCG_v1","Main_Middleton","pi_nonnative","BRMiddl2011",3.82165605095541,2,"< 0.1 (0-0.1)","<",0,0.1,FALSE,"percent (0-100) individuals - non-native","Rule0",NA,NA,NA,NA,NA,"Main_Middleton","Main_Middleton",0,"Main_Middleton_L2_Rule0_pi_nonnative"
"LBR_Fish_BCG_v1","Main_Middleton","pi_nonnative","BRCald1997",3.03030303030303,3,"< 3 (0-5)","<",0,5,FALSE,"percent (0-100) individuals - non-native","Rule0",NA,NA,NA,NA,NA,"Main_Middleton","Main_Middleton",0.393939393939394,"Main_Middleton_L3_Rule0_pi_nonnative"
"LBR_Fish_BCG_v1","Main_Middleton","pi_nonnative","BRCald1997",3.03030303030303,5,"≤ 20 (15-25)","<=",15,25,FALSE,"percent (0-100) individuals - non-native","Rule0",NA,NA,NA,NA,NA,"Main_Middleton","Main_Middleton",1,"Main_Middleton_L5_Rule0_pi_nonnative"
"LBR_Fish_BCG_v1","Main_Middleton","pi_nonnative","BRCald1997",3.03030303030303,4,"< 8 (5-10)","<",5,10,FALSE,"percent (0-100) individuals - non-native","Rule0",NA,NA,NA,NA,NA,"Main_Middleton","Main_Middleton",1,"Main_Middleton_L4_Rule0_pi_nonnative"
"LBR_Fish_BCG_v1","Main_Middleton","pi_nonnative","BRCald1997",3.03030303030303,2,"< 0.1 (0-0.1)","<",0,0.1,FALSE,"percent (0-100) individuals - non-native","Rule0",NA,NA,NA,NA,NA,"Main_Middleton","Main_Middleton",0,"Main_Middleton_L2_Rule0_pi_nonnative"
"LBR_Fish_BCG_v1","Main_Middleton","pi_nonnative","BRMiddl1996",11.9850187265918,3,"< 3 (0-5)","<",0,5,FALSE,"percent (0-100) individuals - non-native","Rule0",NA,NA,NA,NA,NA,"Main_Middleton","Main_Middleton",0,"Main_Middleton_L3_Rule0_pi_nonnative"
"LBR_Fish_BCG_v1","Main_Middleton","pi_nonnative","BRMiddl1996",11.9850187265918,5,"≤ 20 (15-25)","<=",15,25,FALSE,"percent (0-100) individuals - non-native","Rule0",NA,NA,NA,NA,NA,"Main_Middleton","Main_Middleton",1,"Main_Middleton_L5_Rule0_pi_nonnative"
"LBR_Fish_BCG_v1","Main_Middleton","pi_nonnative","BRMiddl1996",11.9850187265918,4,"< 8 (5-10)","<",5,10,FALSE,"percent (0-100) individuals - non-native","Rule0",NA,NA,NA,NA,NA,"Main_Middleton","Main_Middleton",0,"Main_Middleton_L4_Rule0_pi_nonnative"
"LBR_Fish_BCG_v1","Main_Middleton","pi_nonnative","BRMiddl1996",11.9850187265918,2,"< 0.1 (0-0.1)","<",0,0.1,FALSE,"percent (0-100) individuals - non-native","Rule0",NA,NA,NA,NA,NA,"Main_Middleton","Main_Middleton",0,"Main_Middleton_L2_Rule0_pi_nonnative"
"LBR_Fish_BCG_v1","Main_Middleton","pi_nonnative","7b637f2e-1057-4a85-90fa-a676bee7d8b2",2.77777777777778,3,"< 3 (0-5)","<",0,5,FALSE,"percent (0-100) individuals - non-native","Rule0",NA,NA,NA,NA,NA,"Main_Middleton","Main_Middleton",0.444444444444444,"Main_Middleton_L3_Rule0_pi_nonnative"
"LBR_Fish_BCG_v1","Main_Middleton","pi_nonnative","7b637f2e-1057-4a85-90fa-a676bee7d8b2",2.77777777777778,5,"≤ 20 (15-25)","<=",15,25,FALSE,"percent (0-100) individuals - non-native","Rule0",NA,NA,NA,NA,NA,"Main_Middleton","Main_Middleton",1,"Main_Middleton_L5_Rule0_pi_nonnative"
"LBR_Fish_BCG_v1","Main_Middleton","pi_nonnative","7b637f2e-1057-4a85-90fa-a676bee7d8b2",2.77777777777778,4,"< 8 (5-10)","<",5,10,FALSE,"percent (0-100) individuals - non-native","Rule0",NA,NA,NA,NA,NA,"Main_Middleton","Main_Middleton",1,"Main_Middleton_L4_Rule0_pi_nonnative"
"LBR_Fish_BCG_v1","Main_Middleton","pi_nonnative","7b637f2e-1057-4a85-90fa-a676bee7d8b2",2.77777777777778,2,"< 0.1 (0-0.1)","<",0,0.1,FALSE,"percent (0-100) individuals - non-native","Rule0",NA,NA,NA,NA,NA,"Main_Middleton","Main_Middleton",0,"Main_Middleton_L2_Rule0_pi_nonnative"
"LBR_Fish_BCG_v1","Main_Middleton","pi_nonnative","BRMiddl2017",2.48447204968944,3,"< 3 (0-5)","<",0,5,FALSE,"percent (0-100) individuals - non-native","Rule0",NA,NA,NA,NA,NA,"Main_Middleton","Main_Middleton",0.503105590062112,"Main_Middleton_L3_Rule0_pi_nonnative"
"LBR_Fish_BCG_v1","Main_Middleton","pi_nonnative","BRMiddl2017",2.48447204968944,5,"≤ 20 (15-25)","<=",15,25,FALSE,"percent (0-100) individuals - non-native","Rule0",NA,NA,NA,NA,NA,"Main_Middleton","Main_Middleton",1,"Main_Middleton_L5_Rule0_pi_nonnative"
"LBR_Fish_BCG_v1","Main_Middleton","pi_nonnative","BRMiddl2017",2.48447204968944,4,"< 8 (5-10)","<",5,10,FALSE,"percent (0-100) individuals - non-native","Rule0",NA,NA,NA,NA,NA,"Main_Middleton","Main_Middleton",1,"Main_Middleton_L4_Rule0_pi_nonnative"
"LBR_Fish_BCG_v1","Main_Middleton","pi_nonnative","BRMiddl2017",2.48447204968944,2,"< 0.1 (0-0.1)","<",0,0.1,FALSE,"percent (0-100) individuals - non-native","Rule0",NA,NA,NA,NA,NA,"Main_Middleton","Main_Middleton",0,"Main_Middleton_L2_Rule0_pi_nonnative"
"LBR_Fish_BCG_v1","Main_Middleton","pi_nonnative","BRMiddl2005",3.93258426966292,3,"< 3 (0-5)","<",0,5,FALSE,"percent (0-100) individuals - non-native","Rule0",NA,NA,NA,NA,NA,"Main_Middleton","Main_Middleton",0.213483146067416,"Main_Middleton_L3_Rule0_pi_nonnative"
"LBR_Fish_BCG_v1","Main_Middleton","pi_nonnative","BRMiddl2005",3.93258426966292,5,"≤ 20 (15-25)","<=",15,25,FALSE,"percent (0-100) individuals - non-native","Rule0",NA,NA,NA,NA,NA,"Main_Middleton","Main_Middleton",1,"Main_Middleton_L5_Rule0_pi_nonnative"
"LBR_Fish_BCG_v1","Main_Middleton","pi_nonnative","BRMiddl2005",3.93258426966292,4,"< 8 (5-10)","<",5,10,FALSE,"percent (0-100) individuals - non-native","Rule0",NA,NA,NA,NA,NA,"Main_Middleton","Main_Middleton",1,"Main_Middleton_L4_Rule0_pi_nonnative"
"LBR_Fish_BCG_v1","Main_Middleton","pi_nonnative","BRMiddl2005",3.93258426966292,2,"< 0.1 (0-0.1)","<",0,0.1,FALSE,"percent (0-100) individuals - non-native","Rule0",NA,NA,NA,NA,NA,"Main_Middleton","Main_Middleton",0,"Main_Middleton_L2_Rule0_pi_nonnative"
"LBR_Fish_BCG_v1","Main_Middleton","pi_nonnative","BRMiddl1997",1.6580310880829,3,"< 3 (0-5)","<",0,5,FALSE,"percent (0-100) individuals - non-native","Rule0",NA,NA,NA,NA,NA,"Main_Middleton","Main_Middleton",0.66839378238342,"Main_Middleton_L3_Rule0_pi_nonnative"
"LBR_Fish_BCG_v1","Main_Middleton","pi_nonnative","BRMiddl1997",1.6580310880829,5,"≤ 20 (15-25)","<=",15,25,FALSE,"percent (0-100) individuals - non-native","Rule0",NA,NA,NA,NA,NA,"Main_Middleton","Main_Middleton",1,"Main_Middleton_L5_Rule0_pi_nonnative"
"LBR_Fish_BCG_v1","Main_Middleton","pi_nonnative","BRMiddl1997",1.6580310880829,4,"< 8 (5-10)","<",5,10,FALSE,"percent (0-100) individuals - non-native","Rule0",NA,NA,NA,NA,NA,"Main_Middleton","Main_Middleton",1,"Main_Middleton_L4_Rule0_pi_nonnative"
"LBR_Fish_BCG_v1","Main_Middleton","pi_nonnative","BRMiddl1997",1.6580310880829,2,"< 0.1 (0-0.1)","<",0,0.1,FALSE,"percent (0-100) individuals - non-native","Rule0",NA,NA,NA,NA,NA,"Main_Middleton","Main_Middleton",0,"Main_Middleton_L2_Rule0_pi_nonnative"
"LBR_Fish_BCG_v1","Main_NotusParma","n_ac_mwf","BRParm1996",4,4,"> 1 (0-3)",">",0,3,TRUE,"number of age classes - Mountain Whitefish","Rule0",NA,NA,NA,NA,NA,"Main_NotusParma","Main_NotusParma",1,"Main_NotusParma_L4_Rule0_n_ac_mwf"
"LBR_Fish_BCG_v1","Main_NotusParma","n_ac_mwf","BRParm1996",4,3,"> 4 (3-6)",">",3,6,TRUE,"number of age classes - Mountain Whitefish","Rule0",NA,NA,NA,NA,NA,"Main_NotusParma","Main_NotusParma",0.333333333333333,"Main_NotusParma_L3_Rule0_n_ac_mwf"
"LBR_Fish_BCG_v1","Main_NotusParma","n_ac_mwf","BRParm1996",4,2,"> 7 (6-9)",">",6,9,TRUE,"number of age classes - Mountain Whitefish","Rule0",NA,NA,NA,NA,NA,"Main_NotusParma","Main_NotusParma",0,"Main_NotusParma_L2_Rule0_n_ac_mwf"
"LBR_Fish_BCG_v1","Main_NotusParma","n_ac_mwf","BRParm2017",2,4,"> 1 (0-3)",">",0,3,TRUE,"number of age classes - Mountain Whitefish","Rule0",NA,NA,NA,NA,NA,"Main_NotusParma","Main_NotusParma",0.666666666666667,"Main_NotusParma_L4_Rule0_n_ac_mwf"
"LBR_Fish_BCG_v1","Main_NotusParma","n_ac_mwf","BRParm2017",2,3,"> 4 (3-6)",">",3,6,TRUE,"number of age classes - Mountain Whitefish","Rule0",NA,NA,NA,NA,NA,"Main_NotusParma","Main_NotusParma",0,"Main_NotusParma_L3_Rule0_n_ac_mwf"
"LBR_Fish_BCG_v1","Main_NotusParma","n_ac_mwf","BRParm2017",2,2,"> 7 (6-9)",">",6,9,TRUE,"number of age classes - Mountain Whitefish","Rule0",NA,NA,NA,NA,NA,"Main_NotusParma","Main_NotusParma",0,"Main_NotusParma_L2_Rule0_n_ac_mwf"
"LBR_Fish_BCG_v1","Main_NotusParma","n_ac_mwf","BRParm2011",2,4,"> 1 (0-3)",">",0,3,TRUE,"number of age classes - Mountain Whitefish","Rule0",NA,NA,NA,NA,NA,"Main_NotusParma","Main_NotusParma",0.666666666666667,"Main_NotusParma_L4_Rule0_n_ac_mwf"
"LBR_Fish_BCG_v1","Main_NotusParma","n_ac_mwf","BRParm2011",2,3,"> 4 (3-6)",">",3,6,TRUE,"number of age classes - Mountain Whitefish","Rule0",NA,NA,NA,NA,NA,"Main_NotusParma","Main_NotusParma",0,"Main_NotusParma_L3_Rule0_n_ac_mwf"
"LBR_Fish_BCG_v1","Main_NotusParma","n_ac_mwf","BRParm2011",2,2,"> 7 (6-9)",">",6,9,TRUE,"number of age classes - Mountain Whitefish","Rule0",NA,NA,NA,NA,NA,"Main_NotusParma","Main_NotusParma",0,"Main_NotusParma_L2_Rule0_n_ac_mwf"
"LBR_Fish_BCG_v1","Main_NotusParma","n_ac_mwf","BRNotus2005",4,4,"> 1 (0-3)",">",0,3,TRUE,"number of age classes - Mountain Whitefish","Rule0",NA,NA,NA,NA,NA,"Main_NotusParma","Main_NotusParma",1,"Main_NotusParma_L4_Rule0_n_ac_mwf"
"LBR_Fish_BCG_v1","Main_NotusParma","n_ac_mwf","BRNotus2005",4,3,"> 4 (3-6)",">",3,6,TRUE,"number of age classes - Mountain Whitefish","Rule0",NA,NA,NA,NA,NA,"Main_NotusParma","Main_NotusParma",0.333333333333333,"Main_NotusParma_L3_Rule0_n_ac_mwf"
"LBR_Fish_BCG_v1","Main_NotusParma","n_ac_mwf","BRNotus2005",4,2,"> 7 (6-9)",">",6,9,TRUE,"number of age classes - Mountain Whitefish","Rule0",NA,NA,NA,NA,NA,"Main_NotusParma","Main_NotusParma",0,"Main_NotusParma_L2_Rule0_n_ac_mwf"
"LBR_Fish_BCG_v1","Main_NotusParma","n_ac_mwf","BRParm2005",3,4,"> 1 (0-3)",">",0,3,TRUE,"number of age classes - Mountain Whitefish","Rule0",NA,NA,NA,NA,NA,"Main_NotusParma","Main_NotusParma",1,"Main_NotusParma_L4_Rule0_n_ac_mwf"
"LBR_Fish_BCG_v1","Main_NotusParma","n_ac_mwf","BRParm2005",3,3,"> 4 (3-6)",">",3,6,TRUE,"number of age classes - Mountain Whitefish","Rule0",NA,NA,NA,NA,NA,"Main_NotusParma","Main_NotusParma",0,"Main_NotusParma_L3_Rule0_n_ac_mwf"
"LBR_Fish_BCG_v1","Main_NotusParma","n_ac_mwf","BRParm2005",3,2,"> 7 (6-9)",">",6,9,TRUE,"number of age classes - Mountain Whitefish","Rule0",NA,NA,NA,NA,NA,"Main_NotusParma","Main_NotusParma",0,"Main_NotusParma_L2_Rule0_n_ac_mwf"
"LBR_Fish_BCG_v1","Main_NotusParma","n_ac_mwf","BRParm1997",2,4,"> 1 (0-3)",">",0,3,TRUE,"number of age classes - Mountain Whitefish","Rule0",NA,NA,NA,NA,NA,"Main_NotusParma","Main_NotusParma",0.666666666666667,"Main_NotusParma_L4_Rule0_n_ac_mwf"
"LBR_Fish_BCG_v1","Main_NotusParma","n_ac_mwf","BRParm1997",2,3,"> 4 (3-6)",">",3,6,TRUE,"number of age classes - Mountain Whitefish","Rule0",NA,NA,NA,NA,NA,"Main_NotusParma","Main_NotusParma",0,"Main_NotusParma_L3_Rule0_n_ac_mwf"
"LBR_Fish_BCG_v1","Main_NotusParma","n_ac_mwf","BRParm1997",2,2,"> 7 (6-9)",">",6,9,TRUE,"number of age classes - Mountain Whitefish","Rule0",NA,NA,NA,NA,NA,"Main_NotusParma","Main_NotusParma",0,"Main_NotusParma_L2_Rule0_n_ac_mwf"
"LBR_Fish_BCG_v1","Main_NotusParma","n_ac_mwf","5b16748e-84a3-494d-8e0c-a2695ce56c2c",1,4,"> 1 (0-3)",">",0,3,TRUE,"number of age classes - Mountain Whitefish","Rule0",NA,NA,NA,NA,NA,"Main_NotusParma","Main_NotusParma",0.333333333333333,"Main_NotusParma_L4_Rule0_n_ac_mwf"
"LBR_Fish_BCG_v1","Main_NotusParma","n_ac_mwf","5b16748e-84a3-494d-8e0c-a2695ce56c2c",1,3,"> 4 (3-6)",">",3,6,TRUE,"number of age classes - Mountain Whitefish","Rule0",NA,NA,NA,NA,NA,"Main_NotusParma","Main_NotusParma",0,"Main_NotusParma_L3_Rule0_n_ac_mwf"
"LBR_Fish_BCG_v1","Main_NotusParma","n_ac_mwf","5b16748e-84a3-494d-8e0c-a2695ce56c2c",1,2,"> 7 (6-9)",">",6,9,TRUE,"number of age classes - Mountain Whitefish","Rule0",NA,NA,NA,NA,NA,"Main_NotusParma","Main_NotusParma",0,"Main_NotusParma_L2_Rule0_n_ac_mwf"
"LBR_Fish_BCG_v1","Main_NotusParma","n_ac_mwf","4ab57043-badf-4bea-bb8f-4123a2d4a16d",0,4,"> 1 (0-3)",">",0,3,TRUE,"number of age classes - Mountain Whitefish","Rule0",NA,NA,NA,NA,NA,"Main_NotusParma","Main_NotusParma",0,"Main_NotusParma_L4_Rule0_n_ac_mwf"
"LBR_Fish_BCG_v1","Main_NotusParma","n_ac_mwf","4ab57043-badf-4bea-bb8f-4123a2d4a16d",0,3,"> 4 (3-6)",">",3,6,TRUE,"number of age classes - Mountain Whitefish","Rule0",NA,NA,NA,NA,NA,"Main_NotusParma","Main_NotusParma",0,"Main_NotusParma_L3_Rule0_n_ac_mwf"
"LBR_Fish_BCG_v1","Main_NotusParma","n_ac_mwf","4ab57043-badf-4bea-bb8f-4123a2d4a16d",0,2,"> 7 (6-9)",">",6,9,TRUE,"number of age classes - Mountain Whitefish","Rule0",NA,NA,NA,NA,NA,"Main_NotusParma","Main_NotusParma",0,"Main_NotusParma_L2_Rule0_n_ac_mwf"
"LBR_Fish_BCG_v1","Main_NotusParma","n_ac_rbt","BRParm1996",0,3,"> 0 (0-1)",">",0,1,TRUE,"number of age classes - Rainbow Trout","Rule0",NA,NA,NA,NA,NA,"Main_NotusParma","Main_NotusParma",0,"Main_NotusParma_L3_Rule0_n_ac_rbt"
"LBR_Fish_BCG_v1","Main_NotusParma","n_ac_rbt","BRParm1996",0,2,"> 1 (1-2)",">",1,2,TRUE,"number of age classes - Rainbow Trout","Rule0",NA,NA,NA,NA,NA,"Main_NotusParma","Main_NotusParma",0,"Main_NotusParma_L2_Rule0_n_ac_rbt"
"LBR_Fish_BCG_v1","Main_NotusParma","n_ac_rbt","BRParm1997",0,3,"> 0 (0-1)",">",0,1,TRUE,"number of age classes - Rainbow Trout","Rule0",NA,NA,NA,NA,NA,"Main_NotusParma","Main_NotusParma",0,"Main_NotusParma_L3_Rule0_n_ac_rbt"
"LBR_Fish_BCG_v1","Main_NotusParma","n_ac_rbt","BRParm1997",0,2,"> 1 (1-2)",">",1,2,TRUE,"number of age classes - Rainbow Trout","Rule0",NA,NA,NA,NA,NA,"Main_NotusParma","Main_NotusParma",0,"Main_NotusParma_L2_Rule0_n_ac_rbt"
"LBR_Fish_BCG_v1","Main_NotusParma","n_ac_rbt","BRParm2017",0,3,"> 0 (0-1)",">",0,1,TRUE,"number of age classes - Rainbow Trout","Rule0",NA,NA,NA,NA,NA,"Main_NotusParma","Main_NotusParma",0,"Main_NotusParma_L3_Rule0_n_ac_rbt"
"LBR_Fish_BCG_v1","Main_NotusParma","n_ac_rbt","BRParm2017",0,2,"> 1 (1-2)",">",1,2,TRUE,"number of age classes - Rainbow Trout","Rule0",NA,NA,NA,NA,NA,"Main_NotusParma","Main_NotusParma",0,"Main_NotusParma_L2_Rule0_n_ac_rbt"
"LBR_Fish_BCG_v1","Main_NotusParma","n_ac_rbt","BRNotus2005",1,3,"> 0 (0-1)",">",0,1,TRUE,"number of age classes - Rainbow Trout","Rule0",NA,NA,NA,NA,NA,"Main_NotusParma","Main_NotusParma",1,"Main_NotusParma_L3_Rule0_n_ac_rbt"
"LBR_Fish_BCG_v1","Main_NotusParma","n_ac_rbt","BRNotus2005",1,2,"> 1 (1-2)",">",1,2,TRUE,"number of age classes - Rainbow Trout","Rule0",NA,NA,NA,NA,NA,"Main_NotusParma","Main_NotusParma",0,"Main_NotusParma_L2_Rule0_n_ac_rbt"
"LBR_Fish_BCG_v1","Main_NotusParma","n_ac_rbt","5b16748e-84a3-494d-8e0c-a2695ce56c2c",0,3,"> 0 (0-1)",">",0,1,TRUE,"number of age classes - Rainbow Trout","Rule0",NA,NA,NA,NA,NA,"Main_NotusParma","Main_NotusParma",0,"Main_NotusParma_L3_Rule0_n_ac_rbt"
"LBR_Fish_BCG_v1","Main_NotusParma","n_ac_rbt","5b16748e-84a3-494d-8e0c-a2695ce56c2c",0,2,"> 1 (1-2)",">",1,2,TRUE,"number of age classes - Rainbow Trout","Rule0",NA,NA,NA,NA,NA,"Main_NotusParma","Main_NotusParma",0,"Main_NotusParma_L2_Rule0_n_ac_rbt"
"LBR_Fish_BCG_v1","Main_NotusParma","n_ac_rbt","BRParm2011",0,3,"> 0 (0-1)",">",0,1,TRUE,"number of age classes - Rainbow Trout","Rule0",NA,NA,NA,NA,NA,"Main_NotusParma","Main_NotusParma",0,"Main_NotusParma_L3_Rule0_n_ac_rbt"
"LBR_Fish_BCG_v1","Main_NotusParma","n_ac_rbt","BRParm2011",0,2,"> 1 (1-2)",">",1,2,TRUE,"number of age classes - Rainbow Trout","Rule0",NA,NA,NA,NA,NA,"Main_NotusParma","Main_NotusParma",0,"Main_NotusParma_L2_Rule0_n_ac_rbt"
"LBR_Fish_BCG_v1","Main_NotusParma","n_ac_rbt","4ab57043-badf-4bea-bb8f-4123a2d4a16d",0,3,"> 0 (0-1)",">",0,1,TRUE,"number of age classes - Rainbow Trout","Rule0",NA,NA,NA,NA,NA,"Main_NotusParma","Main_NotusParma",0,"Main_NotusParma_L3_Rule0_n_ac_rbt"
"LBR_Fish_BCG_v1","Main_NotusParma","n_ac_rbt","4ab57043-badf-4bea-bb8f-4123a2d4a16d",0,2,"> 1 (1-2)",">",1,2,TRUE,"number of age classes - Rainbow Trout","Rule0",NA,NA,NA,NA,NA,"Main_NotusParma","Main_NotusParma",0,"Main_NotusParma_L2_Rule0_n_ac_rbt"
"LBR_Fish_BCG_v1","Main_NotusParma","n_ac_rbt","BRParm2005",1,3,"> 0 (0-1)",">",0,1,TRUE,"number of age classes - Rainbow Trout","Rule0",NA,NA,NA,NA,NA,"Main_NotusParma","Main_NotusParma",1,"Main_NotusParma_L3_Rule0_n_ac_rbt"
"LBR_Fish_BCG_v1","Main_NotusParma","n_ac_rbt","BRParm2005",1,2,"> 1 (1-2)",">",1,2,TRUE,"number of age classes - Rainbow Trout","Rule0",NA,NA,NA,NA,NA,"Main_NotusParma","Main_NotusParma",0,"Main_NotusParma_L2_Rule0_n_ac_rbt"
"LBR_Fish_BCG_v1","Main_NotusParma","nt_BCG2_att1234b","BRParm2017",4,2,"> 6 (5-8)",">",5,8,TRUE,"number of taxa - BCG Attribute I + II + III + IV_better","Rule0",NA,NA,NA,NA,NA,"Main_NotusParma","Main_NotusParma",0,"Main_NotusParma_L2_Rule0_nt_BCG2_att1234b"
"LBR_Fish_BCG_v1","Main_NotusParma","nt_BCG2_att1234b","BRParm2017",4,3,"> 3 (2-5)",">",2,5,TRUE,"number of taxa - BCG Attribute I + II + III + IV_better","Rule0",NA,NA,NA,NA,NA,"Main_NotusParma","Main_NotusParma",0.666666666666667,"Main_NotusParma_L3_Rule0_nt_BCG2_att1234b"
"LBR_Fish_BCG_v1","Main_NotusParma","nt_BCG2_att1234b","BRParm2017",4,4,"> 1 (0.5-2)",">",0.5,2,TRUE,"number of taxa - BCG Attribute I + II + III + IV_better","Rule0",NA,NA,NA,NA,NA,"Main_NotusParma","Main_NotusParma",1,"Main_NotusParma_L4_Rule0_nt_BCG2_att1234b"
"LBR_Fish_BCG_v1","Main_NotusParma","nt_BCG2_att1234b","BRParm1997",1,2,"> 6 (5-8)",">",5,8,TRUE,"number of taxa - BCG Attribute I + II + III + IV_better","Rule0",NA,NA,NA,NA,NA,"Main_NotusParma","Main_NotusParma",0,"Main_NotusParma_L2_Rule0_nt_BCG2_att1234b"
"LBR_Fish_BCG_v1","Main_NotusParma","nt_BCG2_att1234b","BRParm1997",1,3,"> 3 (2-5)",">",2,5,TRUE,"number of taxa - BCG Attribute I + II + III + IV_better","Rule0",NA,NA,NA,NA,NA,"Main_NotusParma","Main_NotusParma",0,"Main_NotusParma_L3_Rule0_nt_BCG2_att1234b"
"LBR_Fish_BCG_v1","Main_NotusParma","nt_BCG2_att1234b","BRParm1997",1,4,"> 1 (0.5-2)",">",0.5,2,TRUE,"number of taxa - BCG Attribute I + II + III + IV_better","Rule0",NA,NA,NA,NA,NA,"Main_NotusParma","Main_NotusParma",0.333333333333333,"Main_NotusParma_L4_Rule0_nt_BCG2_att1234b"
"LBR_Fish_BCG_v1","Main_NotusParma","nt_BCG2_att1234b","5b16748e-84a3-494d-8e0c-a2695ce56c2c",1,2,"> 6 (5-8)",">",5,8,TRUE,"number of taxa - BCG Attribute I + II + III + IV_better","Rule0",NA,NA,NA,NA,NA,"Main_NotusParma","Main_NotusParma",0,"Main_NotusParma_L2_Rule0_nt_BCG2_att1234b"
"LBR_Fish_BCG_v1","Main_NotusParma","nt_BCG2_att1234b","5b16748e-84a3-494d-8e0c-a2695ce56c2c",1,3,"> 3 (2-5)",">",2,5,TRUE,"number of taxa - BCG Attribute I + II + III + IV_better","Rule0",NA,NA,NA,NA,NA,"Main_NotusParma","Main_NotusParma",0,"Main_NotusParma_L3_Rule0_nt_BCG2_att1234b"
"LBR_Fish_BCG_v1","Main_NotusParma","nt_BCG2_att1234b","5b16748e-84a3-494d-8e0c-a2695ce56c2c",1,4,"> 1 (0.5-2)",">",0.5,2,TRUE,"number of taxa - BCG Attribute I + II + III + IV_better","Rule0",NA,NA,NA,NA,NA,"Main_NotusParma","Main_NotusParma",0.333333333333333,"Main_NotusParma_L4_Rule0_nt_BCG2_att1234b"
"LBR_Fish_BCG_v1","Main_NotusParma","nt_BCG2_att1234b","BRParm1996",2,2,"> 6 (5-8)",">",5,8,TRUE,"number of taxa - BCG Attribute I + II + III + IV_better","Rule0",NA,NA,NA,NA,NA,"Main_NotusParma","Main_NotusParma",0,"Main_NotusParma_L2_Rule0_nt_BCG2_att1234b"
"LBR_Fish_BCG_v1","Main_NotusParma","nt_BCG2_att1234b","BRParm1996",2,3,"> 3 (2-5)",">",2,5,TRUE,"number of taxa - BCG Attribute I + II + III + IV_better","Rule0",NA,NA,NA,NA,NA,"Main_NotusParma","Main_NotusParma",0,"Main_NotusParma_L3_Rule0_nt_BCG2_att1234b"
"LBR_Fish_BCG_v1","Main_NotusParma","nt_BCG2_att1234b","BRParm1996",2,4,"> 1 (0.5-2)",">",0.5,2,TRUE,"number of taxa - BCG Attribute I + II + III + IV_better","Rule0",NA,NA,NA,NA,NA,"Main_NotusParma","Main_NotusParma",1,"Main_NotusParma_L4_Rule0_nt_BCG2_att1234b"
"LBR_Fish_BCG_v1","Main_NotusParma","nt_BCG2_att1234b","BRParm2005",3,2,"> 6 (5-8)",">",5,8,TRUE,"number of taxa - BCG Attribute I + II + III + IV_better","Rule0",NA,NA,NA,NA,NA,"Main_NotusParma","Main_NotusParma",0,"Main_NotusParma_L2_Rule0_nt_BCG2_att1234b"
"LBR_Fish_BCG_v1","Main_NotusParma","nt_BCG2_att1234b","BRParm2005",3,3,"> 3 (2-5)",">",2,5,TRUE,"number of taxa - BCG Attribute I + II + III + IV_better","Rule0",NA,NA,NA,NA,NA,"Main_NotusParma","Main_NotusParma",0.333333333333333,"Main_NotusParma_L3_Rule0_nt_BCG2_att1234b"
"LBR_Fish_BCG_v1","Main_NotusParma","nt_BCG2_att1234b","BRParm2005",3,4,"> 1 (0.5-2)",">",0.5,2,TRUE,"number of taxa - BCG Attribute I + II + III + IV_better","Rule0",NA,NA,NA,NA,NA,"Main_NotusParma","Main_NotusParma",1,"Main_NotusParma_L4_Rule0_nt_BCG2_att1234b"
"LBR_Fish_BCG_v1","Main_NotusParma","nt_BCG2_att1234b","BRNotus2005",2,2,"> 6 (5-8)",">",5,8,TRUE,"number of taxa - BCG Attribute I + II + III + IV_better","Rule0",NA,NA,NA,NA,NA,"Main_NotusParma","Main_NotusParma",0,"Main_NotusParma_L2_Rule0_nt_BCG2_att1234b"
"LBR_Fish_BCG_v1","Main_NotusParma","nt_BCG2_att1234b","BRNotus2005",2,3,"> 3 (2-5)",">",2,5,TRUE,"number of taxa - BCG Attribute I + II + III + IV_better","Rule0",NA,NA,NA,NA,NA,"Main_NotusParma","Main_NotusParma",0,"Main_NotusParma_L3_Rule0_nt_BCG2_att1234b"
"LBR_Fish_BCG_v1","Main_NotusParma","nt_BCG2_att1234b","BRNotus2005",2,4,"> 1 (0.5-2)",">",0.5,2,TRUE,"number of taxa - BCG Attribute I + II + III + IV_better","Rule0",NA,NA,NA,NA,NA,"Main_NotusParma","Main_NotusParma",1,"Main_NotusParma_L4_Rule0_nt_BCG2_att1234b"
"LBR_Fish_BCG_v1","Main_NotusParma","nt_BCG2_att1234b","BRParm2011",3,2,"> 6 (5-8)",">",5,8,TRUE,"number of taxa - BCG Attribute I + II + III + IV_better","Rule0",NA,NA,NA,NA,NA,"Main_NotusParma","Main_NotusParma",0,"Main_NotusParma_L2_Rule0_nt_BCG2_att1234b"
"LBR_Fish_BCG_v1","Main_NotusParma","nt_BCG2_att1234b","BRParm2011",3,3,"> 3 (2-5)",">",2,5,TRUE,"number of taxa - BCG Attribute I + II + III + IV_better","Rule0",NA,NA,NA,NA,NA,"Main_NotusParma","Main_NotusParma",0.333333333333333,"Main_NotusParma_L3_Rule0_nt_BCG2_att1234b"
"LBR_Fish_BCG_v1","Main_NotusParma","nt_BCG2_att1234b","BRParm2011",3,4,"> 1 (0.5-2)",">",0.5,2,TRUE,"number of taxa - BCG Attribute I + II + III + IV_better","Rule0",NA,NA,NA,NA,NA,"Main_NotusParma","Main_NotusParma",1,"Main_NotusParma_L4_Rule0_nt_BCG2_att1234b"
"LBR_Fish_BCG_v1","Main_NotusParma","nt_BCG2_att1234b","4ab57043-badf-4bea-bb8f-4123a2d4a16d",1,2,"> 6 (5-8)",">",5,8,TRUE,"number of taxa - BCG Attribute I + II + III + IV_better","Rule0",NA,NA,NA,NA,NA,"Main_NotusParma","Main_NotusParma",0,"Main_NotusParma_L2_Rule0_nt_BCG2_att1234b"
"LBR_Fish_BCG_v1","Main_NotusParma","nt_BCG2_att1234b","4ab57043-badf-4bea-bb8f-4123a2d4a16d",1,3,"> 3 (2-5)",">",2,5,TRUE,"number of taxa - BCG Attribute I + II + III + IV_better","Rule0",NA,NA,NA,NA,NA,"Main_NotusParma","Main_NotusParma",0,"Main_NotusParma_L3_Rule0_nt_BCG2_att1234b"
"LBR_Fish_BCG_v1","Main_NotusParma","nt_BCG2_att1234b","4ab57043-badf-4bea-bb8f-4123a2d4a16d",1,4,"> 1 (0.5-2)",">",0.5,2,TRUE,"number of taxa - BCG Attribute I + II + III + IV_better","Rule0",NA,NA,NA,NA,NA,"Main_NotusParma","Main_NotusParma",0.333333333333333,"Main_NotusParma_L4_Rule0_nt_BCG2_att1234b"
"LBR_Fish_BCG_v1","Main_NotusParma","nt_native","BRParm1997",5,4,"> 5 (4-7)",">",4,7,TRUE,"number of native taxa","Rule0",NA,NA,NA,NA,NA,"Main_NotusParma","Main_NotusParma",0.333333333333333,"Main_NotusParma_L4_Rule0_nt_native"
"LBR_Fish_BCG_v1","Main_NotusParma","nt_native","BRParm1997",5,2,"> 12 (11-14)",">",11,14,TRUE,"number of native taxa","Rule0",NA,NA,NA,NA,NA,"Main_NotusParma","Main_NotusParma",0,"Main_NotusParma_L2_Rule0_nt_native"
"LBR_Fish_BCG_v1","Main_NotusParma","nt_native","BRParm1997",5,5,"> 2 (1-4)",">",1,4,TRUE,"number of native taxa","Rule0",NA,NA,NA,NA,NA,"Main_NotusParma","Main_NotusParma",1,"Main_NotusParma_L5_Rule0_nt_native"
"LBR_Fish_BCG_v1","Main_NotusParma","nt_native","BRParm1997",5,3,"> 8 (7-10)",">",7,10,TRUE,"number of native taxa","Rule0",NA,NA,NA,NA,NA,"Main_NotusParma","Main_NotusParma",0,"Main_NotusParma_L3_Rule0_nt_native"
"LBR_Fish_BCG_v1","Main_NotusParma","nt_native","5b16748e-84a3-494d-8e0c-a2695ce56c2c",2,4,"> 5 (4-7)",">",4,7,TRUE,"number of native taxa","Rule0",NA,NA,NA,NA,NA,"Main_NotusParma","Main_NotusParma",0,"Main_NotusParma_L4_Rule0_nt_native"
"LBR_Fish_BCG_v1","Main_NotusParma","nt_native","5b16748e-84a3-494d-8e0c-a2695ce56c2c",2,2,"> 12 (11-14)",">",11,14,TRUE,"number of native taxa","Rule0",NA,NA,NA,NA,NA,"Main_NotusParma","Main_NotusParma",0,"Main_NotusParma_L2_Rule0_nt_native"
"LBR_Fish_BCG_v1","Main_NotusParma","nt_native","5b16748e-84a3-494d-8e0c-a2695ce56c2c",2,5,"> 2 (1-4)",">",1,4,TRUE,"number of native taxa","Rule0",NA,NA,NA,NA,NA,"Main_NotusParma","Main_NotusParma",0.333333333333333,"Main_NotusParma_L5_Rule0_nt_native"
"LBR_Fish_BCG_v1","Main_NotusParma","nt_native","5b16748e-84a3-494d-8e0c-a2695ce56c2c",2,3,"> 8 (7-10)",">",7,10,TRUE,"number of native taxa","Rule0",NA,NA,NA,NA,NA,"Main_NotusParma","Main_NotusParma",0,"Main_NotusParma_L3_Rule0_nt_native"
"LBR_Fish_BCG_v1","Main_NotusParma","nt_native","BRParm2017",6,4,"> 5 (4-7)",">",4,7,TRUE,"number of native taxa","Rule0",NA,NA,NA,NA,NA,"Main_NotusParma","Main_NotusParma",0.666666666666667,"Main_NotusParma_L4_Rule0_nt_native"
"LBR_Fish_BCG_v1","Main_NotusParma","nt_native","BRParm2017",6,2,"> 12 (11-14)",">",11,14,TRUE,"number of native taxa","Rule0",NA,NA,NA,NA,NA,"Main_NotusParma","Main_NotusParma",0,"Main_NotusParma_L2_Rule0_nt_native"
"LBR_Fish_BCG_v1","Main_NotusParma","nt_native","BRParm2017",6,5,"> 2 (1-4)",">",1,4,TRUE,"number of native taxa","Rule0",NA,NA,NA,NA,NA,"Main_NotusParma","Main_NotusParma",1,"Main_NotusParma_L5_Rule0_nt_native"
"LBR_Fish_BCG_v1","Main_NotusParma","nt_native","BRParm2017",6,3,"> 8 (7-10)",">",7,10,TRUE,"number of native taxa","Rule0",NA,NA,NA,NA,NA,"Main_NotusParma","Main_NotusParma",0,"Main_NotusParma_L3_Rule0_nt_native"
"LBR_Fish_BCG_v1","Main_NotusParma","nt_native","BRNotus2005",4,4,"> 5 (4-7)",">",4,7,TRUE,"number of native taxa","Rule0",NA,NA,NA,NA,NA,"Main_NotusParma","Main_NotusParma",0,"Main_NotusParma_L4_Rule0_nt_native"
"LBR_Fish_BCG_v1","Main_NotusParma","nt_native","BRNotus2005",4,2,"> 12 (11-14)",">",11,14,TRUE,"number of native taxa","Rule0",NA,NA,NA,NA,NA,"Main_NotusParma","Main_NotusParma",0,"Main_NotusParma_L2_Rule0_nt_native"
"LBR_Fish_BCG_v1","Main_NotusParma","nt_native","BRNotus2005",4,5,"> 2 (1-4)",">",1,4,TRUE,"number of native taxa","Rule0",NA,NA,NA,NA,NA,"Main_NotusParma","Main_NotusParma",1,"Main_NotusParma_L5_Rule0_nt_native"
"LBR_Fish_BCG_v1","Main_NotusParma","nt_native","BRNotus2005",4,3,"> 8 (7-10)",">",7,10,TRUE,"number of native taxa","Rule0",NA,NA,NA,NA,NA,"Main_NotusParma","Main_NotusParma",0,"Main_NotusParma_L3_Rule0_nt_native"
"LBR_Fish_BCG_v1","Main_NotusParma","nt_native","BRParm2005",5,4,"> 5 (4-7)",">",4,7,TRUE,"number of native taxa","Rule0",NA,NA,NA,NA,NA,"Main_NotusParma","Main_NotusParma",0.333333333333333,"Main_NotusParma_L4_Rule0_nt_native"
"LBR_Fish_BCG_v1","Main_NotusParma","nt_native","BRParm2005",5,2,"> 12 (11-14)",">",11,14,TRUE,"number of native taxa","Rule0",NA,NA,NA,NA,NA,"Main_NotusParma","Main_NotusParma",0,"Main_NotusParma_L2_Rule0_nt_native"
"LBR_Fish_BCG_v1","Main_NotusParma","nt_native","BRParm2005",5,5,"> 2 (1-4)",">",1,4,TRUE,"number of native taxa","Rule0",NA,NA,NA,NA,NA,"Main_NotusParma","Main_NotusParma",1,"Main_NotusParma_L5_Rule0_nt_native"
"LBR_Fish_BCG_v1","Main_NotusParma","nt_native","BRParm2005",5,3,"> 8 (7-10)",">",7,10,TRUE,"number of native taxa","Rule0",NA,NA,NA,NA,NA,"Main_NotusParma","Main_NotusParma",0,"Main_NotusParma_L3_Rule0_nt_native"
"LBR_Fish_BCG_v1","Main_NotusParma","nt_native","BRParm2011",8,4,"> 5 (4-7)",">",4,7,TRUE,"number of native taxa","Rule0",NA,NA,NA,NA,NA,"Main_NotusParma","Main_NotusParma",1,"Main_NotusParma_L4_Rule0_nt_native"
"LBR_Fish_BCG_v1","Main_NotusParma","nt_native","BRParm2011",8,2,"> 12 (11-14)",">",11,14,TRUE,"number of native taxa","Rule0",NA,NA,NA,NA,NA,"Main_NotusParma","Main_NotusParma",0,"Main_NotusParma_L2_Rule0_nt_native"
"LBR_Fish_BCG_v1","Main_NotusParma","nt_native","BRParm2011",8,5,"> 2 (1-4)",">",1,4,TRUE,"number of native taxa","Rule0",NA,NA,NA,NA,NA,"Main_NotusParma","Main_NotusParma",1,"Main_NotusParma_L5_Rule0_nt_native"
"LBR_Fish_BCG_v1","Main_NotusParma","nt_native","BRParm2011",8,3,"> 8 (7-10)",">",7,10,TRUE,"number of native taxa","Rule0",NA,NA,NA,NA,NA,"Main_NotusParma","Main_NotusParma",0.333333333333333,"Main_NotusParma_L3_Rule0_nt_native"
"LBR_Fish_BCG_v1","Main_NotusParma","nt_native","BRParm1996",4,4,"> 5 (4-7)",">",4,7,TRUE,"number of native taxa","Rule0",NA,NA,NA,NA,NA,"Main_NotusParma","Main_NotusParma",0,"Main_NotusParma_L4_Rule0_nt_native"
"LBR_Fish_BCG_v1","Main_NotusParma","nt_native","BRParm1996",4,2,"> 12 (11-14)",">",11,14,TRUE,"number of native taxa","Rule0",NA,NA,NA,NA,NA,"Main_NotusParma","Main_NotusParma",0,"Main_NotusParma_L2_Rule0_nt_native"
"LBR_Fish_BCG_v1","Main_NotusParma","nt_native","BRParm1996",4,5,"> 2 (1-4)",">",1,4,TRUE,"number of native taxa","Rule0",NA,NA,NA,NA,NA,"Main_NotusParma","Main_NotusParma",1,"Main_NotusParma_L5_Rule0_nt_native"
"LBR_Fish_BCG_v1","Main_NotusParma","nt_native","BRParm1996",4,3,"> 8 (7-10)",">",7,10,TRUE,"number of native taxa","Rule0",NA,NA,NA,NA,NA,"Main_NotusParma","Main_NotusParma",0,"Main_NotusParma_L3_Rule0_nt_native"
"LBR_Fish_BCG_v1","Main_NotusParma","nt_native","4ab57043-badf-4bea-bb8f-4123a2d4a16d",2,4,"> 5 (4-7)",">",4,7,TRUE,"number of native taxa","Rule0",NA,NA,NA,NA,NA,"Main_NotusParma","Main_NotusParma",0,"Main_NotusParma_L4_Rule0_nt_native"
"LBR_Fish_BCG_v1","Main_NotusParma","nt_native","4ab57043-badf-4bea-bb8f-4123a2d4a16d",2,2,"> 12 (11-14)",">",11,14,TRUE,"number of native taxa","Rule0",NA,NA,NA,NA,NA,"Main_NotusParma","Main_NotusParma",0,"Main_NotusParma_L2_Rule0_nt_native"
"LBR_Fish_BCG_v1","Main_NotusParma","nt_native","4ab57043-badf-4bea-bb8f-4123a2d4a16d",2,5,"> 2 (1-4)",">",1,4,TRUE,"number of native taxa","Rule0",NA,NA,NA,NA,NA,"Main_NotusParma","Main_NotusParma",0.333333333333333,"Main_NotusParma_L5_Rule0_nt_native"
"LBR_Fish_BCG_v1","Main_NotusParma","nt_native","4ab57043-badf-4bea-bb8f-4123a2d4a16d",2,3,"> 8 (7-10)",">",7,10,TRUE,"number of native taxa","Rule0",NA,NA,NA,NA,NA,"Main_NotusParma","Main_NotusParma",0,"Main_NotusParma_L3_Rule0_nt_native"
"LBR_Fish_BCG_v1","Main_NotusParma","nt_repro_lithophil","BRParm2011",2,2,"> 6 (5-8)",">",5,8,TRUE,"number of taxa - LITHOPHIL (requires clean, coarse substrate)","Rule0",NA,NA,NA,NA,NA,"Main_NotusParma","Main_NotusParma",0,"Main_NotusParma_L2_Rule0_nt_repro_lithophil"
"LBR_Fish_BCG_v1","Main_NotusParma","nt_repro_lithophil","BRParm2011",2,4,"> 1 (1-2)",">",1,2,TRUE,"number of taxa - LITHOPHIL (requires clean, coarse substrate)","Rule0",NA,NA,NA,NA,NA,"Main_NotusParma","Main_NotusParma",1,"Main_NotusParma_L4_Rule0_nt_repro_lithophil"
"LBR_Fish_BCG_v1","Main_NotusParma","nt_repro_lithophil","BRParm2011",2,3,"> 3 (2-5)",">",2,5,TRUE,"number of taxa - LITHOPHIL (requires clean, coarse substrate)","Rule0",NA,NA,NA,NA,NA,"Main_NotusParma","Main_NotusParma",0,"Main_NotusParma_L3_Rule0_nt_repro_lithophil"
"LBR_Fish_BCG_v1","Main_NotusParma","nt_repro_lithophil","BRParm2005",1,2,"> 6 (5-8)",">",5,8,TRUE,"number of taxa - LITHOPHIL (requires clean, coarse substrate)","Rule0",NA,NA,NA,NA,NA,"Main_NotusParma","Main_NotusParma",0,"Main_NotusParma_L2_Rule0_nt_repro_lithophil"
"LBR_Fish_BCG_v1","Main_NotusParma","nt_repro_lithophil","BRParm2005",1,4,"> 1 (1-2)",">",1,2,TRUE,"number of taxa - LITHOPHIL (requires clean, coarse substrate)","Rule0",NA,NA,NA,NA,NA,"Main_NotusParma","Main_NotusParma",0,"Main_NotusParma_L4_Rule0_nt_repro_lithophil"
"LBR_Fish_BCG_v1","Main_NotusParma","nt_repro_lithophil","BRParm2005",1,3,"> 3 (2-5)",">",2,5,TRUE,"number of taxa - LITHOPHIL (requires clean, coarse substrate)","Rule0",NA,NA,NA,NA,NA,"Main_NotusParma","Main_NotusParma",0,"Main_NotusParma_L3_Rule0_nt_repro_lithophil"
"LBR_Fish_BCG_v1","Main_NotusParma","nt_repro_lithophil","BRParm2017",3,2,"> 6 (5-8)",">",5,8,TRUE,"number of taxa - LITHOPHIL (requires clean, coarse substrate)","Rule0",NA,NA,NA,NA,NA,"Main_NotusParma","Main_NotusParma",0,"Main_NotusParma_L2_Rule0_nt_repro_lithophil"
"LBR_Fish_BCG_v1","Main_NotusParma","nt_repro_lithophil","BRParm2017",3,4,"> 1 (1-2)",">",1,2,TRUE,"number of taxa - LITHOPHIL (requires clean, coarse substrate)","Rule0",NA,NA,NA,NA,NA,"Main_NotusParma","Main_NotusParma",1,"Main_NotusParma_L4_Rule0_nt_repro_lithophil"
"LBR_Fish_BCG_v1","Main_NotusParma","nt_repro_lithophil","BRParm2017",3,3,"> 3 (2-5)",">",2,5,TRUE,"number of taxa - LITHOPHIL (requires clean, coarse substrate)","Rule0",NA,NA,NA,NA,NA,"Main_NotusParma","Main_NotusParma",0.333333333333333,"Main_NotusParma_L3_Rule0_nt_repro_lithophil"
"LBR_Fish_BCG_v1","Main_NotusParma","nt_repro_lithophil","5b16748e-84a3-494d-8e0c-a2695ce56c2c",0,2,"> 6 (5-8)",">",5,8,TRUE,"number of taxa - LITHOPHIL (requires clean, coarse substrate)","Rule0",NA,NA,NA,NA,NA,"Main_NotusParma","Main_NotusParma",0,"Main_NotusParma_L2_Rule0_nt_repro_lithophil"
"LBR_Fish_BCG_v1","Main_NotusParma","nt_repro_lithophil","5b16748e-84a3-494d-8e0c-a2695ce56c2c",0,4,"> 1 (1-2)",">",1,2,TRUE,"number of taxa - LITHOPHIL (requires clean, coarse substrate)","Rule0",NA,NA,NA,NA,NA,"Main_NotusParma","Main_NotusParma",0,"Main_NotusParma_L4_Rule0_nt_repro_lithophil"
"LBR_Fish_BCG_v1","Main_NotusParma","nt_repro_lithophil","5b16748e-84a3-494d-8e0c-a2695ce56c2c",0,3,"> 3 (2-5)",">",2,5,TRUE,"number of taxa - LITHOPHIL (requires clean, coarse substrate)","Rule0",NA,NA,NA,NA,NA,"Main_NotusParma","Main_NotusParma",0,"Main_NotusParma_L3_Rule0_nt_repro_lithophil"
"LBR_Fish_BCG_v1","Main_NotusParma","nt_repro_lithophil","BRNotus2005",1,2,"> 6 (5-8)",">",5,8,TRUE,"number of taxa - LITHOPHIL (requires clean, coarse substrate)","Rule0",NA,NA,NA,NA,NA,"Main_NotusParma","Main_NotusParma",0,"Main_NotusParma_L2_Rule0_nt_repro_lithophil"
"LBR_Fish_BCG_v1","Main_NotusParma","nt_repro_lithophil","BRNotus2005",1,4,"> 1 (1-2)",">",1,2,TRUE,"number of taxa - LITHOPHIL (requires clean, coarse substrate)","Rule0",NA,NA,NA,NA,NA,"Main_NotusParma","Main_NotusParma",0,"Main_NotusParma_L4_Rule0_nt_repro_lithophil"
"LBR_Fish_BCG_v1","Main_NotusParma","nt_repro_lithophil","BRNotus2005",1,3,"> 3 (2-5)",">",2,5,TRUE,"number of taxa - LITHOPHIL (requires clean, coarse substrate)","Rule0",NA,NA,NA,NA,NA,"Main_NotusParma","Main_NotusParma",0,"Main_NotusParma_L3_Rule0_nt_repro_lithophil"
"LBR_Fish_BCG_v1","Main_NotusParma","nt_repro_lithophil","BRParm1997",1,2,"> 6 (5-8)",">",5,8,TRUE,"number of taxa - LITHOPHIL (requires clean, coarse substrate)","Rule0",NA,NA,NA,NA,NA,"Main_NotusParma","Main_NotusParma",0,"Main_NotusParma_L2_Rule0_nt_repro_lithophil"
"LBR_Fish_BCG_v1","Main_NotusParma","nt_repro_lithophil","BRParm1997",1,4,"> 1 (1-2)",">",1,2,TRUE,"number of taxa - LITHOPHIL (requires clean, coarse substrate)","Rule0",NA,NA,NA,NA,NA,"Main_NotusParma","Main_NotusParma",0,"Main_NotusParma_L4_Rule0_nt_repro_lithophil"
"LBR_Fish_BCG_v1","Main_NotusParma","nt_repro_lithophil","BRParm1997",1,3,"> 3 (2-5)",">",2,5,TRUE,"number of taxa - LITHOPHIL (requires clean, coarse substrate)","Rule0",NA,NA,NA,NA,NA,"Main_NotusParma","Main_NotusParma",0,"Main_NotusParma_L3_Rule0_nt_repro_lithophil"
"LBR_Fish_BCG_v1","Main_NotusParma","nt_repro_lithophil","4ab57043-badf-4bea-bb8f-4123a2d4a16d",0,2,"> 6 (5-8)",">",5,8,TRUE,"number of taxa - LITHOPHIL (requires clean, coarse substrate)","Rule0",NA,NA,NA,NA,NA,"Main_NotusParma","Main_NotusParma",0,"Main_NotusParma_L2_Rule0_nt_repro_lithophil"
"LBR_Fish_BCG_v1","Main_NotusParma","nt_repro_lithophil","4ab57043-badf-4bea-bb8f-4123a2d4a16d",0,4,"> 1 (1-2)",">",1,2,TRUE,"number of taxa - LITHOPHIL (requires clean, coarse substrate)","Rule0",NA,NA,NA,NA,NA,"Main_NotusParma","Main_NotusParma",0,"Main_NotusParma_L4_Rule0_nt_repro_lithophil"
"LBR_Fish_BCG_v1","Main_NotusParma","nt_repro_lithophil","4ab57043-badf-4bea-bb8f-4123a2d4a16d",0,3,"> 3 (2-5)",">",2,5,TRUE,"number of taxa - LITHOPHIL (requires clean, coarse substrate)","Rule0",NA,NA,NA,NA,NA,"Main_NotusParma","Main_NotusParma",0,"Main_NotusParma_L3_Rule0_nt_repro_lithophil"
"LBR_Fish_BCG_v1","Main_NotusParma","nt_repro_lithophil","BRParm1996",1,2,"> 6 (5-8)",">",5,8,TRUE,"number of taxa - LITHOPHIL (requires clean, coarse substrate)","Rule0",NA,NA,NA,NA,NA,"Main_NotusParma","Main_NotusParma",0,"Main_NotusParma_L2_Rule0_nt_repro_lithophil"
"LBR_Fish_BCG_v1","Main_NotusParma","nt_repro_lithophil","BRParm1996",1,4,"> 1 (1-2)",">",1,2,TRUE,"number of taxa - LITHOPHIL (requires clean, coarse substrate)","Rule0",NA,NA,NA,NA,NA,"Main_NotusParma","Main_NotusParma",0,"Main_NotusParma_L4_Rule0_nt_repro_lithophil"
"LBR_Fish_BCG_v1","Main_NotusParma","nt_repro_lithophil","BRParm1996",1,3,"> 3 (2-5)",">",2,5,TRUE,"number of taxa - LITHOPHIL (requires clean, coarse substrate)","Rule0",NA,NA,NA,NA,NA,"Main_NotusParma","Main_NotusParma",0,"Main_NotusParma_L3_Rule0_nt_repro_lithophil"
"LBR_Fish_BCG_v1","Main_NotusParma","pi_BCG_att123","BRParm2011",3.34346504559271,2,"≥ 35 (30-40)",">=",30,40,TRUE,"percent (0-100) individuals - BCG Attribute I + II + III","Rule0",NA,NA,NA,NA,NA,"Main_NotusParma","Main_NotusParma",0,"Main_NotusParma_L2_Rule0_pi_BCG_att123"
"LBR_Fish_BCG_v1","Main_NotusParma","pi_BCG_att123","BRParm2011",3.34346504559271,4,"≥ 15 (10-20)",">=",10,20,TRUE,"percent (0-100) individuals - BCG Attribute I + II + III","Rule0",NA,NA,NA,NA,NA,"Main_NotusParma","Main_NotusParma",0,"Main_NotusParma_L4_Rule0_pi_BCG_att123"
"LBR_Fish_BCG_v1","Main_NotusParma","pi_BCG_att123","BRParm2011",3.34346504559271,3,"≥ 25 (20-30)",">=",20,30,TRUE,"percent (0-100) individuals - BCG Attribute I + II + III","Rule0",NA,NA,NA,NA,NA,"Main_NotusParma","Main_NotusParma",0,"Main_NotusParma_L3_Rule0_pi_BCG_att123"
"LBR_Fish_BCG_v1","Main_NotusParma","pi_BCG_att123","BRParm2011",3.34346504559271,5,"> 2 (0-5)",">",0,5,TRUE,"percent (0-100) individuals - BCG Attribute I + II + III","Rule0",NA,NA,NA,NA,NA,"Main_NotusParma","Main_NotusParma",0.668693009118541,"Main_NotusParma_L5_Rule0_pi_BCG_att123"
"LBR_Fish_BCG_v1","Main_NotusParma","pi_BCG_att123","5b16748e-84a3-494d-8e0c-a2695ce56c2c",2.4390243902439,2,"≥ 35 (30-40)",">=",30,40,TRUE,"percent (0-100) individuals - BCG Attribute I + II + III","Rule0",NA,NA,NA,NA,NA,"Main_NotusParma","Main_NotusParma",0,"Main_NotusParma_L2_Rule0_pi_BCG_att123"
"LBR_Fish_BCG_v1","Main_NotusParma","pi_BCG_att123","5b16748e-84a3-494d-8e0c-a2695ce56c2c",2.4390243902439,4,"≥ 15 (10-20)",">=",10,20,TRUE,"percent (0-100) individuals - BCG Attribute I + II + III","Rule0",NA,NA,NA,NA,NA,"Main_NotusParma","Main_NotusParma",0,"Main_NotusParma_L4_Rule0_pi_BCG_att123"
"LBR_Fish_BCG_v1","Main_NotusParma","pi_BCG_att123","5b16748e-84a3-494d-8e0c-a2695ce56c2c",2.4390243902439,3,"≥ 25 (20-30)",">=",20,30,TRUE,"percent (0-100) individuals - BCG Attribute I + II + III","Rule0",NA,NA,NA,NA,NA,"Main_NotusParma","Main_NotusParma",0,"Main_NotusParma_L3_Rule0_pi_BCG_att123"
"LBR_Fish_BCG_v1","Main_NotusParma","pi_BCG_att123","5b16748e-84a3-494d-8e0c-a2695ce56c2c",2.4390243902439,5,"> 2 (0-5)",">",0,5,TRUE,"percent (0-100) individuals - BCG Attribute I + II + III","Rule0",NA,NA,NA,NA,NA,"Main_NotusParma","Main_NotusParma",0.48780487804878,"Main_NotusParma_L5_Rule0_pi_BCG_att123"
"LBR_Fish_BCG_v1","Main_NotusParma","pi_BCG_att123","BRParm2017",6.76691729323308,2,"≥ 35 (30-40)",">=",30,40,TRUE,"percent (0-100) individuals - BCG Attribute I + II + III","Rule0",NA,NA,NA,NA,NA,"Main_NotusParma","Main_NotusParma",0,"Main_NotusParma_L2_Rule0_pi_BCG_att123"
"LBR_Fish_BCG_v1","Main_NotusParma","pi_BCG_att123","BRParm2017",6.76691729323308,4,"≥ 15 (10-20)",">=",10,20,TRUE,"percent (0-100) individuals - BCG Attribute I + II + III","Rule0",NA,NA,NA,NA,NA,"Main_NotusParma","Main_NotusParma",0,"Main_NotusParma_L4_Rule0_pi_BCG_att123"
"LBR_Fish_BCG_v1","Main_NotusParma","pi_BCG_att123","BRParm2017",6.76691729323308,3,"≥ 25 (20-30)",">=",20,30,TRUE,"percent (0-100) individuals - BCG Attribute I + II + III","Rule0",NA,NA,NA,NA,NA,"Main_NotusParma","Main_NotusParma",0,"Main_NotusParma_L3_Rule0_pi_BCG_att123"
"LBR_Fish_BCG_v1","Main_NotusParma","pi_BCG_att123","BRParm2017",6.76691729323308,5,"> 2 (0-5)",">",0,5,TRUE,"percent (0-100) individuals - BCG Attribute I + II + III","Rule0",NA,NA,NA,NA,NA,"Main_NotusParma","Main_NotusParma",1,"Main_NotusParma_L5_Rule0_pi_BCG_att123"
"LBR_Fish_BCG_v1","Main_NotusParma","pi_BCG_att123","4ab57043-badf-4bea-bb8f-4123a2d4a16d",0,2,"≥ 35 (30-40)",">=",30,40,TRUE,"percent (0-100) individuals - BCG Attribute I + II + III","Rule0",NA,NA,NA,NA,NA,"Main_NotusParma","Main_NotusParma",0,"Main_NotusParma_L2_Rule0_pi_BCG_att123"
"LBR_Fish_BCG_v1","Main_NotusParma","pi_BCG_att123","4ab57043-badf-4bea-bb8f-4123a2d4a16d",0,4,"≥ 15 (10-20)",">=",10,20,TRUE,"percent (0-100) individuals - BCG Attribute I + II + III","Rule0",NA,NA,NA,NA,NA,"Main_NotusParma","Main_NotusParma",0,"Main_NotusParma_L4_Rule0_pi_BCG_att123"
"LBR_Fish_BCG_v1","Main_NotusParma","pi_BCG_att123","4ab57043-badf-4bea-bb8f-4123a2d4a16d",0,3,"≥ 25 (20-30)",">=",20,30,TRUE,"percent (0-100) individuals - BCG Attribute I + II + III","Rule0",NA,NA,NA,NA,NA,"Main_NotusParma","Main_NotusParma",0,"Main_NotusParma_L3_Rule0_pi_BCG_att123"
"LBR_Fish_BCG_v1","Main_NotusParma","pi_BCG_att123","4ab57043-badf-4bea-bb8f-4123a2d4a16d",0,5,"> 2 (0-5)",">",0,5,TRUE,"percent (0-100) individuals - BCG Attribute I + II + III","Rule0",NA,NA,NA,NA,NA,"Main_NotusParma","Main_NotusParma",0,"Main_NotusParma_L5_Rule0_pi_BCG_att123"
"LBR_Fish_BCG_v1","Main_NotusParma","pi_BCG_att123","BRParm2005",20,2,"≥ 35 (30-40)",">=",30,40,TRUE,"percent (0-100) individuals - BCG Attribute I + II + III","Rule0",NA,NA,NA,NA,NA,"Main_NotusParma","Main_NotusParma",0,"Main_NotusParma_L2_Rule0_pi_BCG_att123"
"LBR_Fish_BCG_v1","Main_NotusParma","pi_BCG_att123","BRParm2005",20,4,"≥ 15 (10-20)",">=",10,20,TRUE,"percent (0-100) individuals - BCG Attribute I + II + III","Rule0",NA,NA,NA,NA,NA,"Main_NotusParma","Main_NotusParma",1,"Main_NotusParma_L4_Rule0_pi_BCG_att123"
"LBR_Fish_BCG_v1","Main_NotusParma","pi_BCG_att123","BRParm2005",20,3,"≥ 25 (20-30)",">=",20,30,TRUE,"percent (0-100) individuals - BCG Attribute I + II + III","Rule0",NA,NA,NA,NA,NA,"Main_NotusParma","Main_NotusParma",0,"Main_NotusParma_L3_Rule0_pi_BCG_att123"
"LBR_Fish_BCG_v1","Main_NotusParma","pi_BCG_att123","BRParm2005",20,5,"> 2 (0-5)",">",0,5,TRUE,"percent (0-100) individuals - BCG Attribute I + II + III","Rule0",NA,NA,NA,NA,NA,"Main_NotusParma","Main_NotusParma",1,"Main_NotusParma_L5_Rule0_pi_BCG_att123"
"LBR_Fish_BCG_v1","Main_NotusParma","pi_BCG_att123","BRParm1996",7.35294117647059,2,"≥ 35 (30-40)",">=",30,40,TRUE,"percent (0-100) individuals - BCG Attribute I + II + III","Rule0",NA,NA,NA,NA,NA,"Main_NotusParma","Main_NotusParma",0,"Main_NotusParma_L2_Rule0_pi_BCG_att123"
"LBR_Fish_BCG_v1","Main_NotusParma","pi_BCG_att123","BRParm1996",7.35294117647059,4,"≥ 15 (10-20)",">=",10,20,TRUE,"percent (0-100) individuals - BCG Attribute I + II + III","Rule0",NA,NA,NA,NA,NA,"Main_NotusParma","Main_NotusParma",0,"Main_NotusParma_L4_Rule0_pi_BCG_att123"
"LBR_Fish_BCG_v1","Main_NotusParma","pi_BCG_att123","BRParm1996",7.35294117647059,3,"≥ 25 (20-30)",">=",20,30,TRUE,"percent (0-100) individuals - BCG Attribute I + II + III","Rule0",NA,NA,NA,NA,NA,"Main_NotusParma","Main_NotusParma",0,"Main_NotusParma_L3_Rule0_pi_BCG_att123"
"LBR_Fish_BCG_v1","Main_NotusParma","pi_BCG_att123","BRParm1996",7.35294117647059,5,"> 2 (0-5)",">",0,5,TRUE,"percent (0-100) individuals - BCG Attribute I + II + III","Rule0",NA,NA,NA,NA,NA,"Main_NotusParma","Main_NotusParma",1,"Main_NotusParma_L5_Rule0_pi_BCG_att123"
"LBR_Fish_BCG_v1","Main_NotusParma","pi_BCG_att123","BRNotus2005",16.0714285714286,2,"≥ 35 (30-40)",">=",30,40,TRUE,"percent (0-100) individuals - BCG Attribute I + II + III","Rule0",NA,NA,NA,NA,NA,"Main_NotusParma","Main_NotusParma",0,"Main_NotusParma_L2_Rule0_pi_BCG_att123"
"LBR_Fish_BCG_v1","Main_NotusParma","pi_BCG_att123","BRNotus2005",16.0714285714286,4,"≥ 15 (10-20)",">=",10,20,TRUE,"percent (0-100) individuals - BCG Attribute I + II + III","Rule0",NA,NA,NA,NA,NA,"Main_NotusParma","Main_NotusParma",0.607142857142857,"Main_NotusParma_L4_Rule0_pi_BCG_att123"
"LBR_Fish_BCG_v1","Main_NotusParma","pi_BCG_att123","BRNotus2005",16.0714285714286,3,"≥ 25 (20-30)",">=",20,30,TRUE,"percent (0-100) individuals - BCG Attribute I + II + III","Rule0",NA,NA,NA,NA,NA,"Main_NotusParma","Main_NotusParma",0,"Main_NotusParma_L3_Rule0_pi_BCG_att123"
"LBR_Fish_BCG_v1","Main_NotusParma","pi_BCG_att123","BRNotus2005",16.0714285714286,5,"> 2 (0-5)",">",0,5,TRUE,"percent (0-100) individuals - BCG Attribute I + II + III","Rule0",NA,NA,NA,NA,NA,"Main_NotusParma","Main_NotusParma",1,"Main_NotusParma_L5_Rule0_pi_BCG_att123"
"LBR_Fish_BCG_v1","Main_NotusParma","pi_BCG_att123","BRParm1997",2.7972027972028,2,"≥ 35 (30-40)",">=",30,40,TRUE,"percent (0-100) individuals - BCG Attribute I + II + III","Rule0",NA,NA,NA,NA,NA,"Main_NotusParma","Main_NotusParma",0,"Main_NotusParma_L2_Rule0_pi_BCG_att123"
"LBR_Fish_BCG_v1","Main_NotusParma","pi_BCG_att123","BRParm1997",2.7972027972028,4,"≥ 15 (10-20)",">=",10,20,TRUE,"percent (0-100) individuals - BCG Attribute I + II + III","Rule0",NA,NA,NA,NA,NA,"Main_NotusParma","Main_NotusParma",0,"Main_NotusParma_L4_Rule0_pi_BCG_att123"
"LBR_Fish_BCG_v1","Main_NotusParma","pi_BCG_att123","BRParm1997",2.7972027972028,3,"≥ 25 (20-30)",">=",20,30,TRUE,"percent (0-100) individuals - BCG Attribute I + II + III","Rule0",NA,NA,NA,NA,NA,"Main_NotusParma","Main_NotusParma",0,"Main_NotusParma_L3_Rule0_pi_BCG_att123"
"LBR_Fish_BCG_v1","Main_NotusParma","pi_BCG_att123","BRParm1997",2.7972027972028,5,"> 2 (0-5)",">",0,5,TRUE,"percent (0-100) individuals - BCG Attribute I + II + III","Rule0",NA,NA,NA,NA,NA,"Main_NotusParma","Main_NotusParma",0.559440559440559,"Main_NotusParma_L5_Rule0_pi_BCG_att123"
"LBR_Fish_BCG_v1","Main_NotusParma","pi_BCG_att6t","BRParm1997",5.59440559440559,4,"≤ 15 (10-20)","<=",10,20,FALSE,"percent (0-100) individuals - BCG Attribute VI t (very tolerant non-native)","Rule0",NA,NA,NA,NA,NA,"Main_NotusParma","Main_NotusParma",1,"Main_NotusParma_L4_Rule0_pi_BCG_att6t"
"LBR_Fish_BCG_v1","Main_NotusParma","pi_BCG_att6t","BRParm1997",5.59440559440559,5,"< 33 (30-35)","<",30,35,FALSE,"percent (0-100) individuals - BCG Attribute VI t (very tolerant non-native)","Rule0",NA,NA,NA,NA,NA,"Main_NotusParma","Main_NotusParma",1,"Main_NotusParma_L5_Rule0_pi_BCG_att6t"
"LBR_Fish_BCG_v1","Main_NotusParma","pi_BCG_att6t","BRParm1997",5.59440559440559,3,"< 0 (0-0.1)","<",0,0.1,FALSE,"percent (0-100) individuals - BCG Attribute VI t (very tolerant non-native)","Rule0",NA,NA,NA,NA,NA,"Main_NotusParma","Main_NotusParma",0,"Main_NotusParma_L3_Rule0_pi_BCG_att6t"
"LBR_Fish_BCG_v1","Main_NotusParma","pi_BCG_att6t","5b16748e-84a3-494d-8e0c-a2695ce56c2c",46.3414634146341,4,"≤ 15 (10-20)","<=",10,20,FALSE,"percent (0-100) individuals - BCG Attribute VI t (very tolerant non-native)","Rule0",NA,NA,NA,NA,NA,"Main_NotusParma","Main_NotusParma",0,"Main_NotusParma_L4_Rule0_pi_BCG_att6t"
"LBR_Fish_BCG_v1","Main_NotusParma","pi_BCG_att6t","5b16748e-84a3-494d-8e0c-a2695ce56c2c",46.3414634146341,5,"< 33 (30-35)","<",30,35,FALSE,"percent (0-100) individuals - BCG Attribute VI t (very tolerant non-native)","Rule0",NA,NA,NA,NA,NA,"Main_NotusParma","Main_NotusParma",0,"Main_NotusParma_L5_Rule0_pi_BCG_att6t"
"LBR_Fish_BCG_v1","Main_NotusParma","pi_BCG_att6t","5b16748e-84a3-494d-8e0c-a2695ce56c2c",46.3414634146341,3,"< 0 (0-0.1)","<",0,0.1,FALSE,"percent (0-100) individuals - BCG Attribute VI t (very tolerant non-native)","Rule0",NA,NA,NA,NA,NA,"Main_NotusParma","Main_NotusParma",0,"Main_NotusParma_L3_Rule0_pi_BCG_att6t"
"LBR_Fish_BCG_v1","Main_NotusParma","pi_BCG_att6t","BRParm1996",2.20588235294118,4,"≤ 15 (10-20)","<=",10,20,FALSE,"percent (0-100) individuals - BCG Attribute VI t (very tolerant non-native)","Rule0",NA,NA,NA,NA,NA,"Main_NotusParma","Main_NotusParma",1,"Main_NotusParma_L4_Rule0_pi_BCG_att6t"
"LBR_Fish_BCG_v1","Main_NotusParma","pi_BCG_att6t","BRParm1996",2.20588235294118,5,"< 33 (30-35)","<",30,35,FALSE,"percent (0-100) individuals - BCG Attribute VI t (very tolerant non-native)","Rule0",NA,NA,NA,NA,NA,"Main_NotusParma","Main_NotusParma",1,"Main_NotusParma_L5_Rule0_pi_BCG_att6t"
"LBR_Fish_BCG_v1","Main_NotusParma","pi_BCG_att6t","BRParm1996",2.20588235294118,3,"< 0 (0-0.1)","<",0,0.1,FALSE,"percent (0-100) individuals - BCG Attribute VI t (very tolerant non-native)","Rule0",NA,NA,NA,NA,NA,"Main_NotusParma","Main_NotusParma",0,"Main_NotusParma_L3_Rule0_pi_BCG_att6t"
"LBR_Fish_BCG_v1","Main_NotusParma","pi_BCG_att6t","BRParm2005",32,4,"≤ 15 (10-20)","<=",10,20,FALSE,"percent (0-100) individuals - BCG Attribute VI t (very tolerant non-native)","Rule0",NA,NA,NA,NA,NA,"Main_NotusParma","Main_NotusParma",0,"Main_NotusParma_L4_Rule0_pi_BCG_att6t"
"LBR_Fish_BCG_v1","Main_NotusParma","pi_BCG_att6t","BRParm2005",32,5,"< 33 (30-35)","<",30,35,FALSE,"percent (0-100) individuals - BCG Attribute VI t (very tolerant non-native)","Rule0",NA,NA,NA,NA,NA,"Main_NotusParma","Main_NotusParma",0.6,"Main_NotusParma_L5_Rule0_pi_BCG_att6t"
"LBR_Fish_BCG_v1","Main_NotusParma","pi_BCG_att6t","BRParm2005",32,3,"< 0 (0-0.1)","<",0,0.1,FALSE,"percent (0-100) individuals - BCG Attribute VI t (very tolerant non-native)","Rule0",NA,NA,NA,NA,NA,"Main_NotusParma","Main_NotusParma",0,"Main_NotusParma_L3_Rule0_pi_BCG_att6t"
"LBR_Fish_BCG_v1","Main_NotusParma","pi_BCG_att6t","BRParm2017",12.781954887218,4,"≤ 15 (10-20)","<=",10,20,FALSE,"percent (0-100) individuals - BCG Attribute VI t (very tolerant non-native)","Rule0",NA,NA,NA,NA,NA,"Main_NotusParma","Main_NotusParma",0.721804511278195,"Main_NotusParma_L4_Rule0_pi_BCG_att6t"
"LBR_Fish_BCG_v1","Main_NotusParma","pi_BCG_att6t","BRParm2017",12.781954887218,5,"< 33 (30-35)","<",30,35,FALSE,"percent (0-100) individuals - BCG Attribute VI t (very tolerant non-native)","Rule0",NA,NA,NA,NA,NA,"Main_NotusParma","Main_NotusParma",1,"Main_NotusParma_L5_Rule0_pi_BCG_att6t"
"LBR_Fish_BCG_v1","Main_NotusParma","pi_BCG_att6t","BRParm2017",12.781954887218,3,"< 0 (0-0.1)","<",0,0.1,FALSE,"percent (0-100) individuals - BCG Attribute VI t (very tolerant non-native)","Rule0",NA,NA,NA,NA,NA,"Main_NotusParma","Main_NotusParma",0,"Main_NotusParma_L3_Rule0_pi_BCG_att6t"
"LBR_Fish_BCG_v1","Main_NotusParma","pi_BCG_att6t","BRParm2011",2.73556231003039,4,"≤ 15 (10-20)","<=",10,20,FALSE,"percent (0-100) individuals - BCG Attribute VI t (very tolerant non-native)","Rule0",NA,NA,NA,NA,NA,"Main_NotusParma","Main_NotusParma",1,"Main_NotusParma_L4_Rule0_pi_BCG_att6t"
"LBR_Fish_BCG_v1","Main_NotusParma","pi_BCG_att6t","BRParm2011",2.73556231003039,5,"< 33 (30-35)","<",30,35,FALSE,"percent (0-100) individuals - BCG Attribute VI t (very tolerant non-native)","Rule0",NA,NA,NA,NA,NA,"Main_NotusParma","Main_NotusParma",1,"Main_NotusParma_L5_Rule0_pi_BCG_att6t"
"LBR_Fish_BCG_v1","Main_NotusParma","pi_BCG_att6t","BRParm2011",2.73556231003039,3,"< 0 (0-0.1)","<",0,0.1,FALSE,"percent (0-100) individuals - BCG Attribute VI t (very tolerant non-native)","Rule0",NA,NA,NA,NA,NA,"Main_NotusParma","Main_NotusParma",0,"Main_NotusParma_L3_Rule0_pi_BCG_att6t"
"LBR_Fish_BCG_v1","Main_NotusParma","pi_BCG_att6t","BRNotus2005",10.7142857142857,4,"≤ 15 (10-20)","<=",10,20,FALSE,"percent (0-100) individuals - BCG Attribute VI t (very tolerant non-native)","Rule0",NA,NA,NA,NA,NA,"Main_NotusParma","Main_NotusParma",0.928571428571429,"Main_NotusParma_L4_Rule0_pi_BCG_att6t"
"LBR_Fish_BCG_v1","Main_NotusParma","pi_BCG_att6t","BRNotus2005",10.7142857142857,5,"< 33 (30-35)","<",30,35,FALSE,"percent (0-100) individuals - BCG Attribute VI t (very tolerant non-native)","Rule0",NA,NA,NA,NA,NA,"Main_NotusParma","Main_NotusParma",1,"Main_NotusParma_L5_Rule0_pi_BCG_att6t"
"LBR_Fish_BCG_v1","Main_NotusParma","pi_BCG_att6t","BRNotus2005",10.7142857142857,3,"< 0 (0-0.1)","<",0,0.1,FALSE,"percent (0-100) individuals - BCG Attribute VI t (very tolerant non-native)","Rule0",NA,NA,NA,NA,NA,"Main_NotusParma","Main_NotusParma",0,"Main_NotusParma_L3_Rule0_pi_BCG_att6t"
"LBR_Fish_BCG_v1","Main_NotusParma","pi_BCG_att6t","4ab57043-badf-4bea-bb8f-4123a2d4a16d",24.2424242424242,4,"≤ 15 (10-20)","<=",10,20,FALSE,"percent (0-100) individuals - BCG Attribute VI t (very tolerant non-native)","Rule0",NA,NA,NA,NA,NA,"Main_NotusParma","Main_NotusParma",0,"Main_NotusParma_L4_Rule0_pi_BCG_att6t"
"LBR_Fish_BCG_v1","Main_NotusParma","pi_BCG_att6t","4ab57043-badf-4bea-bb8f-4123a2d4a16d",24.2424242424242,5,"< 33 (30-35)","<",30,35,FALSE,"percent (0-100) individuals - BCG Attribute VI t (very tolerant non-native)","Rule0",NA,NA,NA,NA,NA,"Main_NotusParma","Main_NotusParma",1,"Main_NotusParma_L5_Rule0_pi_BCG_att6t"
"LBR_Fish_BCG_v1","Main_NotusParma","pi_BCG_att6t","4ab57043-badf-4bea-bb8f-4123a2d4a16d",24.2424242424242,3,"< 0 (0-0.1)","<",0,0.1,FALSE,"percent (0-100) individuals - BCG Attribute VI t (very tolerant non-native)","Rule0",NA,NA,NA,NA,NA,"Main_NotusParma","Main_NotusParma",0,"Main_NotusParma_L3_Rule0_pi_BCG_att6t"
"LBR_Fish_BCG_v1","Main_NotusParma","pi_nonnative","BRParm2011",8.51063829787234,2,"< 0 (0-0.1)","<",0,0.1,FALSE,"percent (0-100) individuals - non-native","Rule0",NA,NA,NA,NA,NA,"Main_NotusParma","Main_NotusParma",0,"Main_NotusParma_L2_Rule0_pi_nonnative"
"LBR_Fish_BCG_v1","Main_NotusParma","pi_nonnative","BRParm2011",8.51063829787234,4,"≤ 35 (30-40)","<=",30,40,FALSE,"percent (0-100) individuals - non-native","Rule0",NA,NA,NA,NA,NA,"Main_NotusParma","Main_NotusParma",1,"Main_NotusParma_L4_Rule0_pi_nonnative"
"LBR_Fish_BCG_v1","Main_NotusParma","pi_nonnative","BRParm2011",8.51063829787234,3,"≤ 10 (5-15)","<=",5,15,FALSE,"percent (0-100) individuals - non-native","Rule0",NA,NA,NA,NA,NA,"Main_NotusParma","Main_NotusParma",0.648936170212766,"Main_NotusParma_L3_Rule0_pi_nonnative"
"LBR_Fish_BCG_v1","Main_NotusParma","pi_nonnative","4ab57043-badf-4bea-bb8f-4123a2d4a16d",80.3030303030303,2,"< 0 (0-0.1)","<",0,0.1,FALSE,"percent (0-100) individuals - non-native","Rule0",NA,NA,NA,NA,NA,"Main_NotusParma","Main_NotusParma",0,"Main_NotusParma_L2_Rule0_pi_nonnative"
"LBR_Fish_BCG_v1","Main_NotusParma","pi_nonnative","4ab57043-badf-4bea-bb8f-4123a2d4a16d",80.3030303030303,4,"≤ 35 (30-40)","<=",30,40,FALSE,"percent (0-100) individuals - non-native","Rule0",NA,NA,NA,NA,NA,"Main_NotusParma","Main_NotusParma",0,"Main_NotusParma_L4_Rule0_pi_nonnative"
"LBR_Fish_BCG_v1","Main_NotusParma","pi_nonnative","4ab57043-badf-4bea-bb8f-4123a2d4a16d",80.3030303030303,3,"≤ 10 (5-15)","<=",5,15,FALSE,"percent (0-100) individuals - non-native","Rule0",NA,NA,NA,NA,NA,"Main_NotusParma","Main_NotusParma",0,"Main_NotusParma_L3_Rule0_pi_nonnative"
"LBR_Fish_BCG_v1","Main_NotusParma","pi_nonnative","BRParm1997",33.5664335664336,2,"< 0 (0-0.1)","<",0,0.1,FALSE,"percent (0-100) individuals - non-native","Rule0",NA,NA,NA,NA,NA,"Main_NotusParma","Main_NotusParma",0,"Main_NotusParma_L2_Rule0_pi_nonnative"
"LBR_Fish_BCG_v1","Main_NotusParma","pi_nonnative","BRParm1997",33.5664335664336,4,"≤ 35 (30-40)","<=",30,40,FALSE,"percent (0-100) individuals - non-native","Rule0",NA,NA,NA,NA,NA,"Main_NotusParma","Main_NotusParma",0.643356643356643,"Main_NotusParma_L4_Rule0_pi_nonnative"
"LBR_Fish_BCG_v1","Main_NotusParma","pi_nonnative","BRParm1997",33.5664335664336,3,"≤ 10 (5-15)","<=",5,15,FALSE,"percent (0-100) individuals - non-native","Rule0",NA,NA,NA,NA,NA,"Main_NotusParma","Main_NotusParma",0,"Main_NotusParma_L3_Rule0_pi_nonnative"
"LBR_Fish_BCG_v1","Main_NotusParma","pi_nonnative","5b16748e-84a3-494d-8e0c-a2695ce56c2c",90.2439024390244,2,"< 0 (0-0.1)","<",0,0.1,FALSE,"percent (0-100) individuals - non-native","Rule0",NA,NA,NA,NA,NA,"Main_NotusParma","Main_NotusParma",0,"Main_NotusParma_L2_Rule0_pi_nonnative"
"LBR_Fish_BCG_v1","Main_NotusParma","pi_nonnative","5b16748e-84a3-494d-8e0c-a2695ce56c2c",90.2439024390244,4,"≤ 35 (30-40)","<=",30,40,FALSE,"percent (0-100) individuals - non-native","Rule0",NA,NA,NA,NA,NA,"Main_NotusParma","Main_NotusParma",0,"Main_NotusParma_L4_Rule0_pi_nonnative"
"LBR_Fish_BCG_v1","Main_NotusParma","pi_nonnative","5b16748e-84a3-494d-8e0c-a2695ce56c2c",90.2439024390244,3,"≤ 10 (5-15)","<=",5,15,FALSE,"percent (0-100) individuals - non-native","Rule0",NA,NA,NA,NA,NA,"Main_NotusParma","Main_NotusParma",0,"Main_NotusParma_L3_Rule0_pi_nonnative"
"LBR_Fish_BCG_v1","Main_NotusParma","pi_nonnative","BRNotus2005",10.7142857142857,2,"< 0 (0-0.1)","<",0,0.1,FALSE,"percent (0-100) individuals - non-native","Rule0",NA,NA,NA,NA,NA,"Main_NotusParma","Main_NotusParma",0,"Main_NotusParma_L2_Rule0_pi_nonnative"
"LBR_Fish_BCG_v1","Main_NotusParma","pi_nonnative","BRNotus2005",10.7142857142857,4,"≤ 35 (30-40)","<=",30,40,FALSE,"percent (0-100) individuals - non-native","Rule0",NA,NA,NA,NA,NA,"Main_NotusParma","Main_NotusParma",1,"Main_NotusParma_L4_Rule0_pi_nonnative"
"LBR_Fish_BCG_v1","Main_NotusParma","pi_nonnative","BRNotus2005",10.7142857142857,3,"≤ 10 (5-15)","<=",5,15,FALSE,"percent (0-100) individuals - non-native","Rule0",NA,NA,NA,NA,NA,"Main_NotusParma","Main_NotusParma",0.428571428571429,"Main_NotusParma_L3_Rule0_pi_nonnative"
"LBR_Fish_BCG_v1","Main_NotusParma","pi_nonnative","BRParm2017",24.0601503759398,2,"< 0 (0-0.1)","<",0,0.1,FALSE,"percent (0-100) individuals - non-native","Rule0",NA,NA,NA,NA,NA,"Main_NotusParma","Main_NotusParma",0,"Main_NotusParma_L2_Rule0_pi_nonnative"
"LBR_Fish_BCG_v1","Main_NotusParma","pi_nonnative","BRParm2017",24.0601503759398,4,"≤ 35 (30-40)","<=",30,40,FALSE,"percent (0-100) individuals - non-native","Rule0",NA,NA,NA,NA,NA,"Main_NotusParma","Main_NotusParma",1,"Main_NotusParma_L4_Rule0_pi_nonnative"
"LBR_Fish_BCG_v1","Main_NotusParma","pi_nonnative","BRParm2017",24.0601503759398,3,"≤ 10 (5-15)","<=",5,15,FALSE,"percent (0-100) individuals - non-native","Rule0",NA,NA,NA,NA,NA,"Main_NotusParma","Main_NotusParma",0,"Main_NotusParma_L3_Rule0_pi_nonnative"
"LBR_Fish_BCG_v1","Main_NotusParma","pi_nonnative","BRParm2005",36,2,"< 0 (0-0.1)","<",0,0.1,FALSE,"percent (0-100) individuals - non-native","Rule0",NA,NA,NA,NA,NA,"Main_NotusParma","Main_NotusParma",0,"Main_NotusParma_L2_Rule0_pi_nonnative"
"LBR_Fish_BCG_v1","Main_NotusParma","pi_nonnative","BRParm2005",36,4,"≤ 35 (30-40)","<=",30,40,FALSE,"percent (0-100) individuals - non-native","Rule0",NA,NA,NA,NA,NA,"Main_NotusParma","Main_NotusParma",0.4,"Main_NotusParma_L4_Rule0_pi_nonnative"
"LBR_Fish_BCG_v1","Main_NotusParma","pi_nonnative","BRParm2005",36,3,"≤ 10 (5-15)","<=",5,15,FALSE,"percent (0-100) individuals - non-native","Rule0",NA,NA,NA,NA,NA,"Main_NotusParma","Main_NotusParma",0,"Main_NotusParma_L3_Rule0_pi_nonnative"
"LBR_Fish_BCG_v1","Main_NotusParma","pi_nonnative","BRParm1996",4.41176470588235,2,"< 0 (0-0.1)","<",0,0.1,FALSE,"percent (0-100) individuals - non-native","Rule0",NA,NA,NA,NA,NA,"Main_NotusParma","Main_NotusParma",0,"Main_NotusParma_L2_Rule0_pi_nonnative"
"LBR_Fish_BCG_v1","Main_NotusParma","pi_nonnative","BRParm1996",4.41176470588235,4,"≤ 35 (30-40)","<=",30,40,FALSE,"percent (0-100) individuals - non-native","Rule0",NA,NA,NA,NA,NA,"Main_NotusParma","Main_NotusParma",1,"Main_NotusParma_L4_Rule0_pi_nonnative"
"LBR_Fish_BCG_v1","Main_NotusParma","pi_nonnative","BRParm1996",4.41176470588235,3,"≤ 10 (5-15)","<=",5,15,FALSE,"percent (0-100) individuals - non-native","Rule0",NA,NA,NA,NA,NA,"Main_NotusParma","Main_NotusParma",1,"Main_NotusParma_L3_Rule0_pi_nonnative"
"LBR_Fish_BCG_v1","Main_SoChannel","d_ac_yoy_rbt","BRSouthChan1996",1,3,"> 0 (0-1)",">",0,1,TRUE,"detection - young of year (age class 1 or 2) - Rainbow Trout","Rule0",NA,NA,NA,NA,NA,"Main_SoChannel","Main_SoChannel",1,"Main_SoChannel_L3_Rule0_d_ac_yoy_rbt"
"LBR_Fish_BCG_v1","Main_SoChannel","d_ac_yoy_rbt","BRSouthChan1996",1,2,"> 0 (0-1)",">",0,1,TRUE,"detection - young of year (age class 1 or 2) - Rainbow Trout","Rule0",NA,NA,NA,NA,NA,"Main_SoChannel","Main_SoChannel",1,"Main_SoChannel_L2_Rule0_d_ac_yoy_rbt"
"LBR_Fish_BCG_v1","Main_SoChannel","d_ac_yoy_rbt","BRupstWB2003",1,3,"> 0 (0-1)",">",0,1,TRUE,"detection - young of year (age class 1 or 2) - Rainbow Trout","Rule0",NA,NA,NA,NA,NA,"Main_SoChannel","Main_SoChannel",1,"Main_SoChannel_L3_Rule0_d_ac_yoy_rbt"
"LBR_Fish_BCG_v1","Main_SoChannel","d_ac_yoy_rbt","BRupstWB2003",1,2,"> 0 (0-1)",">",0,1,TRUE,"detection - young of year (age class 1 or 2) - Rainbow Trout","Rule0",NA,NA,NA,NA,NA,"Main_SoChannel","Main_SoChannel",1,"Main_SoChannel_L2_Rule0_d_ac_yoy_rbt"
"LBR_Fish_BCG_v1","Main_SoChannel","d_ac_yoy_rbt","f9c06310-4a52-4d24-b9cf-e57497da794f",1,3,"> 0 (0-1)",">",0,1,TRUE,"detection - young of year (age class 1 or 2) - Rainbow Trout","Rule0",NA,NA,NA,NA,NA,"Main_SoChannel","Main_SoChannel",1,"Main_SoChannel_L3_Rule0_d_ac_yoy_rbt"
"LBR_Fish_BCG_v1","Main_SoChannel","d_ac_yoy_rbt","f9c06310-4a52-4d24-b9cf-e57497da794f",1,2,"> 0 (0-1)",">",0,1,TRUE,"detection - young of year (age class 1 or 2) - Rainbow Trout","Rule0",NA,NA,NA,NA,NA,"Main_SoChannel","Main_SoChannel",1,"Main_SoChannel_L2_Rule0_d_ac_yoy_rbt"
"LBR_Fish_BCG_v1","Main_SoChannel","d_ac_yoy_rbt","BRupstWB2017",1,3,"> 0 (0-1)",">",0,1,TRUE,"detection - young of year (age class 1 or 2) - Rainbow Trout","Rule0",NA,NA,NA,NA,NA,"Main_SoChannel","Main_SoChannel",1,"Main_SoChannel_L3_Rule0_d_ac_yoy_rbt"
"LBR_Fish_BCG_v1","Main_SoChannel","d_ac_yoy_rbt","BRupstWB2017",1,2,"> 0 (0-1)",">",0,1,TRUE,"detection - young of year (age class 1 or 2) - Rainbow Trout","Rule0",NA,NA,NA,NA,NA,"Main_SoChannel","Main_SoChannel",1,"Main_SoChannel_L2_Rule0_d_ac_yoy_rbt"
"LBR_Fish_BCG_v1","Main_SoChannel","d_ac_yoy_rbt","BRSouthChan2017",1,3,"> 0 (0-1)",">",0,1,TRUE,"detection - young of year (age class 1 or 2) - Rainbow Trout","Rule0",NA,NA,NA,NA,NA,"Main_SoChannel","Main_SoChannel",1,"Main_SoChannel_L3_Rule0_d_ac_yoy_rbt"
"LBR_Fish_BCG_v1","Main_SoChannel","d_ac_yoy_rbt","BRSouthChan2017",1,2,"> 0 (0-1)",">",0,1,TRUE,"detection - young of year (age class 1 or 2) - Rainbow Trout","Rule0",NA,NA,NA,NA,NA,"Main_SoChannel","Main_SoChannel",1,"Main_SoChannel_L2_Rule0_d_ac_yoy_rbt"
"LBR_Fish_BCG_v1","Main_SoChannel","d_ac_yoy_rbt","46a1e042-6cfe-4e7a-ad1a-e284feef8c33",1,3,"> 0 (0-1)",">",0,1,TRUE,"detection - young of year (age class 1 or 2) - Rainbow Trout","Rule0",NA,NA,NA,NA,NA,"Main_SoChannel","Main_SoChannel",1,"Main_SoChannel_L3_Rule0_d_ac_yoy_rbt"
"LBR_Fish_BCG_v1","Main_SoChannel","d_ac_yoy_rbt","46a1e042-6cfe-4e7a-ad1a-e284feef8c33",1,2,"> 0 (0-1)",">",0,1,TRUE,"detection - young of year (age class 1 or 2) - Rainbow Trout","Rule0",NA,NA,NA,NA,NA,"Main_SoChannel","Main_SoChannel",1,"Main_SoChannel_L2_Rule0_d_ac_yoy_rbt"
"LBR_Fish_BCG_v1","Main_SoChannel","d_ac_yoy_rbt","BRSouthChan2003",1,3,"> 0 (0-1)",">",0,1,TRUE,"detection - young of year (age class 1 or 2) - Rainbow Trout","Rule0",NA,NA,NA,NA,NA,"Main_SoChannel","Main_SoChannel",1,"Main_SoChannel_L3_Rule0_d_ac_yoy_rbt"
"LBR_Fish_BCG_v1","Main_SoChannel","d_ac_yoy_rbt","BRSouthChan2003",1,2,"> 0 (0-1)",">",0,1,TRUE,"detection - young of year (age class 1 or 2) - Rainbow Trout","Rule0",NA,NA,NA,NA,NA,"Main_SoChannel","Main_SoChannel",1,"Main_SoChannel_L2_Rule0_d_ac_yoy_rbt"
"LBR_Fish_BCG_v1","Main_SoChannel","d_ac_yoy_rbt","eda15134-49a2-4d77-9191-ebd1876acccd",1,3,"> 0 (0-1)",">",0,1,TRUE,"detection - young of year (age class 1 or 2) - Rainbow Trout","Rule0",NA,NA,NA,NA,NA,"Main_SoChannel","Main_SoChannel",1,"Main_SoChannel_L3_Rule0_d_ac_yoy_rbt"
"LBR_Fish_BCG_v1","Main_SoChannel","d_ac_yoy_rbt","eda15134-49a2-4d77-9191-ebd1876acccd",1,2,"> 0 (0-1)",">",0,1,TRUE,"detection - young of year (age class 1 or 2) - Rainbow Trout","Rule0",NA,NA,NA,NA,NA,"Main_SoChannel","Main_SoChannel",1,"Main_SoChannel_L2_Rule0_d_ac_yoy_rbt"
"LBR_Fish_BCG_v1","Main_SoChannel","d_ac_yoy_rbt","BRupstWB1995",1,3,"> 0 (0-1)",">",0,1,TRUE,"detection - young of year (age class 1 or 2) - Rainbow Trout","Rule0",NA,NA,NA,NA,NA,"Main_SoChannel","Main_SoChannel",1,"Main_SoChannel_L3_Rule0_d_ac_yoy_rbt"
"LBR_Fish_BCG_v1","Main_SoChannel","d_ac_yoy_rbt","BRupstWB1995",1,2,"> 0 (0-1)",">",0,1,TRUE,"detection - young of year (age class 1 or 2) - Rainbow Trout","Rule0",NA,NA,NA,NA,NA,"Main_SoChannel","Main_SoChannel",1,"Main_SoChannel_L2_Rule0_d_ac_yoy_rbt"
"LBR_Fish_BCG_v1","Main_SoChannel","d_ac_yoy_rbt","BRSouthChan2005",1,3,"> 0 (0-1)",">",0,1,TRUE,"detection - young of year (age class 1 or 2) - Rainbow Trout","Rule0",NA,NA,NA,NA,NA,"Main_SoChannel","Main_SoChannel",1,"Main_SoChannel_L3_Rule0_d_ac_yoy_rbt"
"LBR_Fish_BCG_v1","Main_SoChannel","d_ac_yoy_rbt","BRSouthChan2005",1,2,"> 0 (0-1)",">",0,1,TRUE,"detection - young of year (age class 1 or 2) - Rainbow Trout","Rule0",NA,NA,NA,NA,NA,"Main_SoChannel","Main_SoChannel",1,"Main_SoChannel_L2_Rule0_d_ac_yoy_rbt"
"LBR_Fish_BCG_v1","Main_SoChannel","d_ac_yoy_rbt","BRSouthChan1995",0,3,"> 0 (0-1)",">",0,1,TRUE,"detection - young of year (age class 1 or 2) - Rainbow Trout","Rule0",NA,NA,NA,NA,NA,"Main_SoChannel","Main_SoChannel",0,"Main_SoChannel_L3_Rule0_d_ac_yoy_rbt"
"LBR_Fish_BCG_v1","Main_SoChannel","d_ac_yoy_rbt","BRSouthChan1995",0,2,"> 0 (0-1)",">",0,1,TRUE,"detection - young of year (age class 1 or 2) - Rainbow Trout","Rule0",NA,NA,NA,NA,NA,"Main_SoChannel","Main_SoChannel",0,"Main_SoChannel_L2_Rule0_d_ac_yoy_rbt"
"LBR_Fish_BCG_v1","Main_SoChannel","d_ac_yoy_rbt","BRupstWB1996",1,3,"> 0 (0-1)",">",0,1,TRUE,"detection - young of year (age class 1 or 2) - Rainbow Trout","Rule0",NA,NA,NA,NA,NA,"Main_SoChannel","Main_SoChannel",1,"Main_SoChannel_L3_Rule0_d_ac_yoy_rbt"
"LBR_Fish_BCG_v1","Main_SoChannel","d_ac_yoy_rbt","BRupstWB1996",1,2,"> 0 (0-1)",">",0,1,TRUE,"detection - young of year (age class 1 or 2) - Rainbow Trout","Rule0",NA,NA,NA,NA,NA,"Main_SoChannel","Main_SoChannel",1,"Main_SoChannel_L2_Rule0_d_ac_yoy_rbt"
"LBR_Fish_BCG_v1","Main_SoChannel","d_ac_yoy_rbt","e081294e-0e46-4b4d-becb-8db4910fab7e",1,3,"> 0 (0-1)",">",0,1,TRUE,"detection - young of year (age class 1 or 2) - Rainbow Trout","Rule0",NA,NA,NA,NA,NA,"Main_SoChannel","Main_SoChannel",1,"Main_SoChannel_L3_Rule0_d_ac_yoy_rbt"
"LBR_Fish_BCG_v1","Main_SoChannel","d_ac_yoy_rbt","e081294e-0e46-4b4d-becb-8db4910fab7e",1,2,"> 0 (0-1)",">",0,1,TRUE,"detection - young of year (age class 1 or 2) - Rainbow Trout","Rule0",NA,NA,NA,NA,NA,"Main_SoChannel","Main_SoChannel",1,"Main_SoChannel_L2_Rule0_d_ac_yoy_rbt"
"LBR_Fish_BCG_v1","Main_SoChannel","d_ac_yoy_rbt","239135f6-152c-4f94-81d1-cd9e7bfc2106",1,3,"> 0 (0-1)",">",0,1,TRUE,"detection - young of year (age class 1 or 2) - Rainbow Trout","Rule0",NA,NA,NA,NA,NA,"Main_SoChannel","Main_SoChannel",1,"Main_SoChannel_L3_Rule0_d_ac_yoy_rbt"
"LBR_Fish_BCG_v1","Main_SoChannel","d_ac_yoy_rbt","239135f6-152c-4f94-81d1-cd9e7bfc2106",1,2,"> 0 (0-1)",">",0,1,TRUE,"detection - young of year (age class 1 or 2) - Rainbow Trout","Rule0",NA,NA,NA,NA,NA,"Main_SoChannel","Main_SoChannel",1,"Main_SoChannel_L2_Rule0_d_ac_yoy_rbt"
"LBR_Fish_BCG_v1","Main_SoChannel","n_ac_rbt","f9c06310-4a52-4d24-b9cf-e57497da794f",5,3,"> 3 (2.5-4)",">",2.5,4,TRUE,"number of age classes - Rainbow Trout","Rule0",NA,NA,NA,NA,NA,"Main_SoChannel","Main_SoChannel",1,"Main_SoChannel_L3_Rule0_n_ac_rbt"
"LBR_Fish_BCG_v1","Main_SoChannel","n_ac_rbt","f9c06310-4a52-4d24-b9cf-e57497da794f",5,4,"> 0 (0-1.5)",">",0,1.5,TRUE,"number of age classes - Rainbow Trout","Rule0",NA,NA,NA,NA,NA,"Main_SoChannel","Main_SoChannel",1,"Main_SoChannel_L4_Rule0_n_ac_rbt"
"LBR_Fish_BCG_v1","Main_SoChannel","n_ac_rbt","f9c06310-4a52-4d24-b9cf-e57497da794f",5,2,"> 5 (4.5-6)",">",4.5,6,TRUE,"number of age classes - Rainbow Trout","Rule0",NA,NA,NA,NA,NA,"Main_SoChannel","Main_SoChannel",0.333333333333333,"Main_SoChannel_L2_Rule0_n_ac_rbt"
"LBR_Fish_BCG_v1","Main_SoChannel","n_ac_rbt","46a1e042-6cfe-4e7a-ad1a-e284feef8c33",4,3,"> 3 (2.5-4)",">",2.5,4,TRUE,"number of age classes - Rainbow Trout","Rule0",NA,NA,NA,NA,NA,"Main_SoChannel","Main_SoChannel",1,"Main_SoChannel_L3_Rule0_n_ac_rbt"
"LBR_Fish_BCG_v1","Main_SoChannel","n_ac_rbt","46a1e042-6cfe-4e7a-ad1a-e284feef8c33",4,4,"> 0 (0-1.5)",">",0,1.5,TRUE,"number of age classes - Rainbow Trout","Rule0",NA,NA,NA,NA,NA,"Main_SoChannel","Main_SoChannel",1,"Main_SoChannel_L4_Rule0_n_ac_rbt"
"LBR_Fish_BCG_v1","Main_SoChannel","n_ac_rbt","46a1e042-6cfe-4e7a-ad1a-e284feef8c33",4,2,"> 5 (4.5-6)",">",4.5,6,TRUE,"number of age classes - Rainbow Trout","Rule0",NA,NA,NA,NA,NA,"Main_SoChannel","Main_SoChannel",0,"Main_SoChannel_L2_Rule0_n_ac_rbt"
"LBR_Fish_BCG_v1","Main_SoChannel","n_ac_rbt","239135f6-152c-4f94-81d1-cd9e7bfc2106",4,3,"> 3 (2.5-4)",">",2.5,4,TRUE,"number of age classes - Rainbow Trout","Rule0",NA,NA,NA,NA,NA,"Main_SoChannel","Main_SoChannel",1,"Main_SoChannel_L3_Rule0_n_ac_rbt"
"LBR_Fish_BCG_v1","Main_SoChannel","n_ac_rbt","239135f6-152c-4f94-81d1-cd9e7bfc2106",4,4,"> 0 (0-1.5)",">",0,1.5,TRUE,"number of age classes - Rainbow Trout","Rule0",NA,NA,NA,NA,NA,"Main_SoChannel","Main_SoChannel",1,"Main_SoChannel_L4_Rule0_n_ac_rbt"
"LBR_Fish_BCG_v1","Main_SoChannel","n_ac_rbt","239135f6-152c-4f94-81d1-cd9e7bfc2106",4,2,"> 5 (4.5-6)",">",4.5,6,TRUE,"number of age classes - Rainbow Trout","Rule0",NA,NA,NA,NA,NA,"Main_SoChannel","Main_SoChannel",0,"Main_SoChannel_L2_Rule0_n_ac_rbt"
"LBR_Fish_BCG_v1","Main_SoChannel","n_ac_rbt","BRupstWB2017",4,3,"> 3 (2.5-4)",">",2.5,4,TRUE,"number of age classes - Rainbow Trout","Rule0",NA,NA,NA,NA,NA,"Main_SoChannel","Main_SoChannel",1,"Main_SoChannel_L3_Rule0_n_ac_rbt"
"LBR_Fish_BCG_v1","Main_SoChannel","n_ac_rbt","BRupstWB2017",4,4,"> 0 (0-1.5)",">",0,1.5,TRUE,"number of age classes - Rainbow Trout","Rule0",NA,NA,NA,NA,NA,"Main_SoChannel","Main_SoChannel",1,"Main_SoChannel_L4_Rule0_n_ac_rbt"
"LBR_Fish_BCG_v1","Main_SoChannel","n_ac_rbt","BRupstWB2017",4,2,"> 5 (4.5-6)",">",4.5,6,TRUE,"number of age classes - Rainbow Trout","Rule0",NA,NA,NA,NA,NA,"Main_SoChannel","Main_SoChannel",0,"Main_SoChannel_L2_Rule0_n_ac_rbt"
"LBR_Fish_BCG_v1","Main_SoChannel","n_ac_rbt","e081294e-0e46-4b4d-becb-8db4910fab7e",1,3,"> 3 (2.5-4)",">",2.5,4,TRUE,"number of age classes - Rainbow Trout","Rule0",NA,NA,NA,NA,NA,"Main_SoChannel","Main_SoChannel",0,"Main_SoChannel_L3_Rule0_n_ac_rbt"
"LBR_Fish_BCG_v1","Main_SoChannel","n_ac_rbt","e081294e-0e46-4b4d-becb-8db4910fab7e",1,4,"> 0 (0-1.5)",">",0,1.5,TRUE,"number of age classes - Rainbow Trout","Rule0",NA,NA,NA,NA,NA,"Main_SoChannel","Main_SoChannel",0.666666666666667,"Main_SoChannel_L4_Rule0_n_ac_rbt"
"LBR_Fish_BCG_v1","Main_SoChannel","n_ac_rbt","e081294e-0e46-4b4d-becb-8db4910fab7e",1,2,"> 5 (4.5-6)",">",4.5,6,TRUE,"number of age classes - Rainbow Trout","Rule0",NA,NA,NA,NA,NA,"Main_SoChannel","Main_SoChannel",0,"Main_SoChannel_L2_Rule0_n_ac_rbt"
"LBR_Fish_BCG_v1","Main_SoChannel","n_ac_rbt","BRSouthChan2005",5,3,"> 3 (2.5-4)",">",2.5,4,TRUE,"number of age classes - Rainbow Trout","Rule0",NA,NA,NA,NA,NA,"Main_SoChannel","Main_SoChannel",1,"Main_SoChannel_L3_Rule0_n_ac_rbt"
"LBR_Fish_BCG_v1","Main_SoChannel","n_ac_rbt","BRSouthChan2005",5,4,"> 0 (0-1.5)",">",0,1.5,TRUE,"number of age classes - Rainbow Trout","Rule0",NA,NA,NA,NA,NA,"Main_SoChannel","Main_SoChannel",1,"Main_SoChannel_L4_Rule0_n_ac_rbt"
"LBR_Fish_BCG_v1","Main_SoChannel","n_ac_rbt","BRSouthChan2005",5,2,"> 5 (4.5-6)",">",4.5,6,TRUE,"number of age classes - Rainbow Trout","Rule0",NA,NA,NA,NA,NA,"Main_SoChannel","Main_SoChannel",0.333333333333333,"Main_SoChannel_L2_Rule0_n_ac_rbt"
"LBR_Fish_BCG_v1","Main_SoChannel","n_ac_rbt","BRupstWB2003",5,3,"> 3 (2.5-4)",">",2.5,4,TRUE,"number of age classes - Rainbow Trout","Rule0",NA,NA,NA,NA,NA,"Main_SoChannel","Main_SoChannel",1,"Main_SoChannel_L3_Rule0_n_ac_rbt"
"LBR_Fish_BCG_v1","Main_SoChannel","n_ac_rbt","BRupstWB2003",5,4,"> 0 (0-1.5)",">",0,1.5,TRUE,"number of age classes - Rainbow Trout","Rule0",NA,NA,NA,NA,NA,"Main_SoChannel","Main_SoChannel",1,"Main_SoChannel_L4_Rule0_n_ac_rbt"
"LBR_Fish_BCG_v1","Main_SoChannel","n_ac_rbt","BRupstWB2003",5,2,"> 5 (4.5-6)",">",4.5,6,TRUE,"number of age classes - Rainbow Trout","Rule0",NA,NA,NA,NA,NA,"Main_SoChannel","Main_SoChannel",0.333333333333333,"Main_SoChannel_L2_Rule0_n_ac_rbt"
"LBR_Fish_BCG_v1","Main_SoChannel","n_ac_rbt","BRupstWB1995",5,3,"> 3 (2.5-4)",">",2.5,4,TRUE,"number of age classes - Rainbow Trout","Rule0",NA,NA,NA,NA,NA,"Main_SoChannel","Main_SoChannel",1,"Main_SoChannel_L3_Rule0_n_ac_rbt"
"LBR_Fish_BCG_v1","Main_SoChannel","n_ac_rbt","BRupstWB1995",5,4,"> 0 (0-1.5)",">",0,1.5,TRUE,"number of age classes - Rainbow Trout","Rule0",NA,NA,NA,NA,NA,"Main_SoChannel","Main_SoChannel",1,"Main_SoChannel_L4_Rule0_n_ac_rbt"
"LBR_Fish_BCG_v1","Main_SoChannel","n_ac_rbt","BRupstWB1995",5,2,"> 5 (4.5-6)",">",4.5,6,TRUE,"number of age classes - Rainbow Trout","Rule0",NA,NA,NA,NA,NA,"Main_SoChannel","Main_SoChannel",0.333333333333333,"Main_SoChannel_L2_Rule0_n_ac_rbt"
"LBR_Fish_BCG_v1","Main_SoChannel","n_ac_rbt","BRSouthChan2017",5,3,"> 3 (2.5-4)",">",2.5,4,TRUE,"number of age classes - Rainbow Trout","Rule0",NA,NA,NA,NA,NA,"Main_SoChannel","Main_SoChannel",1,"Main_SoChannel_L3_Rule0_n_ac_rbt"
"LBR_Fish_BCG_v1","Main_SoChannel","n_ac_rbt","BRSouthChan2017",5,4,"> 0 (0-1.5)",">",0,1.5,TRUE,"number of age classes - Rainbow Trout","Rule0",NA,NA,NA,NA,NA,"Main_SoChannel","Main_SoChannel",1,"Main_SoChannel_L4_Rule0_n_ac_rbt"
"LBR_Fish_BCG_v1","Main_SoChannel","n_ac_rbt","BRSouthChan2017",5,2,"> 5 (4.5-6)",">",4.5,6,TRUE,"number of age classes - Rainbow Trout","Rule0",NA,NA,NA,NA,NA,"Main_SoChannel","Main_SoChannel",0.333333333333333,"Main_SoChannel_L2_Rule0_n_ac_rbt"
"LBR_Fish_BCG_v1","Main_SoChannel","n_ac_rbt","eda15134-49a2-4d77-9191-ebd1876acccd",6,3,"> 3 (2.5-4)",">",2.5,4,TRUE,"number of age classes - Rainbow Trout","Rule0",NA,NA,NA,NA,NA,"Main_SoChannel","Main_SoChannel",1,"Main_SoChannel_L3_Rule0_n_ac_rbt"
"LBR_Fish_BCG_v1","Main_SoChannel","n_ac_rbt","eda15134-49a2-4d77-9191-ebd1876acccd",6,4,"> 0 (0-1.5)",">",0,1.5,TRUE,"number of age classes - Rainbow Trout","Rule0",NA,NA,NA,NA,NA,"Main_SoChannel","Main_SoChannel",1,"Main_SoChannel_L4_Rule0_n_ac_rbt"
"LBR_Fish_BCG_v1","Main_SoChannel","n_ac_rbt","eda15134-49a2-4d77-9191-ebd1876acccd",6,2,"> 5 (4.5-6)",">",4.5,6,TRUE,"number of age classes - Rainbow Trout","Rule0",NA,NA,NA,NA,NA,"Main_SoChannel","Main_SoChannel",1,"Main_SoChannel_L2_Rule0_n_ac_rbt"
"LBR_Fish_BCG_v1","Main_SoChannel","n_ac_rbt","BRupstWB1996",4,3,"> 3 (2.5-4)",">",2.5,4,TRUE,"number of age classes - Rainbow Trout","Rule0",NA,NA,NA,NA,NA,"Main_SoChannel","Main_SoChannel",1,"Main_SoChannel_L3_Rule0_n_ac_rbt"
"LBR_Fish_BCG_v1","Main_SoChannel","n_ac_rbt","BRupstWB1996",4,4,"> 0 (0-1.5)",">",0,1.5,TRUE,"number of age classes - Rainbow Trout","Rule0",NA,NA,NA,NA,NA,"Main_SoChannel","Main_SoChannel",1,"Main_SoChannel_L4_Rule0_n_ac_rbt"
"LBR_Fish_BCG_v1","Main_SoChannel","n_ac_rbt","BRupstWB1996",4,2,"> 5 (4.5-6)",">",4.5,6,TRUE,"number of age classes - Rainbow Trout","Rule0",NA,NA,NA,NA,NA,"Main_SoChannel","Main_SoChannel",0,"Main_SoChannel_L2_Rule0_n_ac_rbt"
"LBR_Fish_BCG_v1","Main_SoChannel","n_ac_rbt","BRSouthChan2003",5,3,"> 3 (2.5-4)",">",2.5,4,TRUE,"number of age classes - Rainbow Trout","Rule0",NA,NA,NA,NA,NA,"Main_SoChannel","Main_SoChannel",1,"Main_SoChannel_L3_Rule0_n_ac_rbt"
"LBR_Fish_BCG_v1","Main_SoChannel","n_ac_rbt","BRSouthChan2003",5,4,"> 0 (0-1.5)",">",0,1.5,TRUE,"number of age classes - Rainbow Trout","Rule0",NA,NA,NA,NA,NA,"Main_SoChannel","Main_SoChannel",1,"Main_SoChannel_L4_Rule0_n_ac_rbt"
"LBR_Fish_BCG_v1","Main_SoChannel","n_ac_rbt","BRSouthChan2003",5,2,"> 5 (4.5-6)",">",4.5,6,TRUE,"number of age classes - Rainbow Trout","Rule0",NA,NA,NA,NA,NA,"Main_SoChannel","Main_SoChannel",0.333333333333333,"Main_SoChannel_L2_Rule0_n_ac_rbt"
"LBR_Fish_BCG_v1","Main_SoChannel","n_ac_rbt","BRSouthChan1996",4,3,"> 3 (2.5-4)",">",2.5,4,TRUE,"number of age classes - Rainbow Trout","Rule0",NA,NA,NA,NA,NA,"Main_SoChannel","Main_SoChannel",1,"Main_SoChannel_L3_Rule0_n_ac_rbt"
"LBR_Fish_BCG_v1","Main_SoChannel","n_ac_rbt","BRSouthChan1996",4,4,"> 0 (0-1.5)",">",0,1.5,TRUE,"number of age classes - Rainbow Trout","Rule0",NA,NA,NA,NA,NA,"Main_SoChannel","Main_SoChannel",1,"Main_SoChannel_L4_Rule0_n_ac_rbt"
"LBR_Fish_BCG_v1","Main_SoChannel","n_ac_rbt","BRSouthChan1996",4,2,"> 5 (4.5-6)",">",4.5,6,TRUE,"number of age classes - Rainbow Trout","Rule0",NA,NA,NA,NA,NA,"Main_SoChannel","Main_SoChannel",0,"Main_SoChannel_L2_Rule0_n_ac_rbt"
"LBR_Fish_BCG_v1","Main_SoChannel","n_ac_rbt","BRSouthChan1995",3,3,"> 3 (2.5-4)",">",2.5,4,TRUE,"number of age classes - Rainbow Trout","Rule0",NA,NA,NA,NA,NA,"Main_SoChannel","Main_SoChannel",0.333333333333333,"Main_SoChannel_L3_Rule0_n_ac_rbt"
"LBR_Fish_BCG_v1","Main_SoChannel","n_ac_rbt","BRSouthChan1995",3,4,"> 0 (0-1.5)",">",0,1.5,TRUE,"number of age classes - Rainbow Trout","Rule0",NA,NA,NA,NA,NA,"Main_SoChannel","Main_SoChannel",1,"Main_SoChannel_L4_Rule0_n_ac_rbt"
"LBR_Fish_BCG_v1","Main_SoChannel","n_ac_rbt","BRSouthChan1995",3,2,"> 5 (4.5-6)",">",4.5,6,TRUE,"number of age classes - Rainbow Trout","Rule0",NA,NA,NA,NA,NA,"Main_SoChannel","Main_SoChannel",0,"Main_SoChannel_L2_Rule0_n_ac_rbt"
"LBR_Fish_BCG_v1","Main_SoChannel","nt_BCG_att6t","BRSouthChan2017",1,4,"< 2 (0.1-3)","<",0.1,3,FALSE,"number of taxa - BCG Attribute VI t (very tolerant non-native)","Rule0",NA,NA,NA,NA,NA,"Main_SoChannel","Main_SoChannel",0.689655172413793,"Main_SoChannel_L4_Rule0_nt_BCG_att6t"
"LBR_Fish_BCG_v1","Main_SoChannel","nt_BCG_att6t","BRSouthChan2017",1,5,"< 5 (3-6)","<",3,6,FALSE,"number of taxa - BCG Attribute VI t (very tolerant non-native)","Rule0",NA,NA,NA,NA,NA,"Main_SoChannel","Main_SoChannel",1,"Main_SoChannel_L5_Rule0_nt_BCG_att6t"
"LBR_Fish_BCG_v1","Main_SoChannel","nt_BCG_att6t","BRSouthChan2017",1,3,"< 0 (0-0.1)","<",0,0.1,FALSE,"number of taxa - BCG Attribute VI t (very tolerant non-native)","Rule0",NA,NA,NA,NA,NA,"Main_SoChannel","Main_SoChannel",0,"Main_SoChannel_L3_Rule0_nt_BCG_att6t"
"LBR_Fish_BCG_v1","Main_SoChannel","nt_BCG_att6t","46a1e042-6cfe-4e7a-ad1a-e284feef8c33",0,4,"< 2 (0.1-3)","<",0.1,3,FALSE,"number of taxa - BCG Attribute VI t (very tolerant non-native)","Rule0",NA,NA,NA,NA,NA,"Main_SoChannel","Main_SoChannel",1,"Main_SoChannel_L4_Rule0_nt_BCG_att6t"
"LBR_Fish_BCG_v1","Main_SoChannel","nt_BCG_att6t","46a1e042-6cfe-4e7a-ad1a-e284feef8c33",0,5,"< 5 (3-6)","<",3,6,FALSE,"number of taxa - BCG Attribute VI t (very tolerant non-native)","Rule0",NA,NA,NA,NA,NA,"Main_SoChannel","Main_SoChannel",1,"Main_SoChannel_L5_Rule0_nt_BCG_att6t"
"LBR_Fish_BCG_v1","Main_SoChannel","nt_BCG_att6t","46a1e042-6cfe-4e7a-ad1a-e284feef8c33",0,3,"< 0 (0-0.1)","<",0,0.1,FALSE,"number of taxa - BCG Attribute VI t (very tolerant non-native)","Rule0",NA,NA,NA,NA,NA,"Main_SoChannel","Main_SoChannel",1,"Main_SoChannel_L3_Rule0_nt_BCG_att6t"
"LBR_Fish_BCG_v1","Main_SoChannel","nt_BCG_att6t","BRupstWB1995",1,4,"< 2 (0.1-3)","<",0.1,3,FALSE,"number of taxa - BCG Attribute VI t (very tolerant non-native)","Rule0",NA,NA,NA,NA,NA,"Main_SoChannel","Main_SoChannel",0.689655172413793,"Main_SoChannel_L4_Rule0_nt_BCG_att6t"
"LBR_Fish_BCG_v1","Main_SoChannel","nt_BCG_att6t","BRupstWB1995",1,5,"< 5 (3-6)","<",3,6,FALSE,"number of taxa - BCG Attribute VI t (very tolerant non-native)","Rule0",NA,NA,NA,NA,NA,"Main_SoChannel","Main_SoChannel",1,"Main_SoChannel_L5_Rule0_nt_BCG_att6t"
"LBR_Fish_BCG_v1","Main_SoChannel","nt_BCG_att6t","BRupstWB1995",1,3,"< 0 (0-0.1)","<",0,0.1,FALSE,"number of taxa - BCG Attribute VI t (very tolerant non-native)","Rule0",NA,NA,NA,NA,NA,"Main_SoChannel","Main_SoChannel",0,"Main_SoChannel_L3_Rule0_nt_BCG_att6t"
"LBR_Fish_BCG_v1","Main_SoChannel","nt_BCG_att6t","BRSouthChan1995",0,4,"< 2 (0.1-3)","<",0.1,3,FALSE,"number of taxa - BCG Attribute VI t (very tolerant non-native)","Rule0",NA,NA,NA,NA,NA,"Main_SoChannel","Main_SoChannel",1,"Main_SoChannel_L4_Rule0_nt_BCG_att6t"
"LBR_Fish_BCG_v1","Main_SoChannel","nt_BCG_att6t","BRSouthChan1995",0,5,"< 5 (3-6)","<",3,6,FALSE,"number of taxa - BCG Attribute VI t (very tolerant non-native)","Rule0",NA,NA,NA,NA,NA,"Main_SoChannel","Main_SoChannel",1,"Main_SoChannel_L5_Rule0_nt_BCG_att6t"
"LBR_Fish_BCG_v1","Main_SoChannel","nt_BCG_att6t","BRSouthChan1995",0,3,"< 0 (0-0.1)","<",0,0.1,FALSE,"number of taxa - BCG Attribute VI t (very tolerant non-native)","Rule0",NA,NA,NA,NA,NA,"Main_SoChannel","Main_SoChannel",1,"Main_SoChannel_L3_Rule0_nt_BCG_att6t"
"LBR_Fish_BCG_v1","Main_SoChannel","nt_BCG_att6t","BRupstWB2003",0,4,"< 2 (0.1-3)","<",0.1,3,FALSE,"number of taxa - BCG Attribute VI t (very tolerant non-native)","Rule0",NA,NA,NA,NA,NA,"Main_SoChannel","Main_SoChannel",1,"Main_SoChannel_L4_Rule0_nt_BCG_att6t"
"LBR_Fish_BCG_v1","Main_SoChannel","nt_BCG_att6t","BRupstWB2003",0,5,"< 5 (3-6)","<",3,6,FALSE,"number of taxa - BCG Attribute VI t (very tolerant non-native)","Rule0",NA,NA,NA,NA,NA,"Main_SoChannel","Main_SoChannel",1,"Main_SoChannel_L5_Rule0_nt_BCG_att6t"
"LBR_Fish_BCG_v1","Main_SoChannel","nt_BCG_att6t","BRupstWB2003",0,3,"< 0 (0-0.1)","<",0,0.1,FALSE,"number of taxa - BCG Attribute VI t (very tolerant non-native)","Rule0",NA,NA,NA,NA,NA,"Main_SoChannel","Main_SoChannel",1,"Main_SoChannel_L3_Rule0_nt_BCG_att6t"
"LBR_Fish_BCG_v1","Main_SoChannel","nt_BCG_att6t","BRSouthChan2005",0,4,"< 2 (0.1-3)","<",0.1,3,FALSE,"number of taxa - BCG Attribute VI t (very tolerant non-native)","Rule0",NA,NA,NA,NA,NA,"Main_SoChannel","Main_SoChannel",1,"Main_SoChannel_L4_Rule0_nt_BCG_att6t"
"LBR_Fish_BCG_v1","Main_SoChannel","nt_BCG_att6t","BRSouthChan2005",0,5,"< 5 (3-6)","<",3,6,FALSE,"number of taxa - BCG Attribute VI t (very tolerant non-native)","Rule0",NA,NA,NA,NA,NA,"Main_SoChannel","Main_SoChannel",1,"Main_SoChannel_L5_Rule0_nt_BCG_att6t"
"LBR_Fish_BCG_v1","Main_SoChannel","nt_BCG_att6t","BRSouthChan2005",0,3,"< 0 (0-0.1)","<",0,0.1,FALSE,"number of taxa - BCG Attribute VI t (very tolerant non-native)","Rule0",NA,NA,NA,NA,NA,"Main_SoChannel","Main_SoChannel",1,"Main_SoChannel_L3_Rule0_nt_BCG_att6t"
"LBR_Fish_BCG_v1","Main_SoChannel","nt_BCG_att6t","BRSouthChan1996",0,4,"< 2 (0.1-3)","<",0.1,3,FALSE,"number of taxa - BCG Attribute VI t (very tolerant non-native)","Rule0",NA,NA,NA,NA,NA,"Main_SoChannel","Main_SoChannel",1,"Main_SoChannel_L4_Rule0_nt_BCG_att6t"
"LBR_Fish_BCG_v1","Main_SoChannel","nt_BCG_att6t","BRSouthChan1996",0,5,"< 5 (3-6)","<",3,6,FALSE,"number of taxa - BCG Attribute VI t (very tolerant non-native)","Rule0",NA,NA,NA,NA,NA,"Main_SoChannel","Main_SoChannel",1,"Main_SoChannel_L5_Rule0_nt_BCG_att6t"
"LBR_Fish_BCG_v1","Main_SoChannel","nt_BCG_att6t","BRSouthChan1996",0,3,"< 0 (0-0.1)","<",0,0.1,FALSE,"number of taxa - BCG Attribute VI t (very tolerant non-native)","Rule0",NA,NA,NA,NA,NA,"Main_SoChannel","Main_SoChannel",1,"Main_SoChannel_L3_Rule0_nt_BCG_att6t"
"LBR_Fish_BCG_v1","Main_SoChannel","nt_BCG_att6t","BRupstWB1996",0,4,"< 2 (0.1-3)","<",0.1,3,FALSE,"number of taxa - BCG Attribute VI t (very tolerant non-native)","Rule0",NA,NA,NA,NA,NA,"Main_SoChannel","Main_SoChannel",1,"Main_SoChannel_L4_Rule0_nt_BCG_att6t"
"LBR_Fish_BCG_v1","Main_SoChannel","nt_BCG_att6t","BRupstWB1996",0,5,"< 5 (3-6)","<",3,6,FALSE,"number of taxa - BCG Attribute VI t (very tolerant non-native)","Rule0",NA,NA,NA,NA,NA,"Main_SoChannel","Main_SoChannel",1,"Main_SoChannel_L5_Rule0_nt_BCG_att6t"
"LBR_Fish_BCG_v1","Main_SoChannel","nt_BCG_att6t","BRupstWB1996",0,3,"< 0 (0-0.1)","<",0,0.1,FALSE,"number of taxa - BCG Attribute VI t (very tolerant non-native)","Rule0",NA,NA,NA,NA,NA,"Main_SoChannel","Main_SoChannel",1,"Main_SoChannel_L3_Rule0_nt_BCG_att6t"
"LBR_Fish_BCG_v1","Main_SoChannel","nt_BCG_att6t","eda15134-49a2-4d77-9191-ebd1876acccd",0,4,"< 2 (0.1-3)","<",0.1,3,FALSE,"number of taxa - BCG Attribute VI t (very tolerant non-native)","Rule0",NA,NA,NA,NA,NA,"Main_SoChannel","Main_SoChannel",1,"Main_SoChannel_L4_Rule0_nt_BCG_att6t"
"LBR_Fish_BCG_v1","Main_SoChannel","nt_BCG_att6t","eda15134-49a2-4d77-9191-ebd1876acccd",0,5,"< 5 (3-6)","<",3,6,FALSE,"number of taxa - BCG Attribute VI t (very tolerant non-native)","Rule0",NA,NA,NA,NA,NA,"Main_SoChannel","Main_SoChannel",1,"Main_SoChannel_L5_Rule0_nt_BCG_att6t"
"LBR_Fish_BCG_v1","Main_SoChannel","nt_BCG_att6t","eda15134-49a2-4d77-9191-ebd1876acccd",0,3,"< 0 (0-0.1)","<",0,0.1,FALSE,"number of taxa - BCG Attribute VI t (very tolerant non-native)","Rule0",NA,NA,NA,NA,NA,"Main_SoChannel","Main_SoChannel",1,"Main_SoChannel_L3_Rule0_nt_BCG_att6t"
"LBR_Fish_BCG_v1","Main_SoChannel","nt_BCG_att6t","239135f6-152c-4f94-81d1-cd9e7bfc2106",0,4,"< 2 (0.1-3)","<",0.1,3,FALSE,"number of taxa - BCG Attribute VI t (very tolerant non-native)","Rule0",NA,NA,NA,NA,NA,"Main_SoChannel","Main_SoChannel",1,"Main_SoChannel_L4_Rule0_nt_BCG_att6t"
"LBR_Fish_BCG_v1","Main_SoChannel","nt_BCG_att6t","239135f6-152c-4f94-81d1-cd9e7bfc2106",0,5,"< 5 (3-6)","<",3,6,FALSE,"number of taxa - BCG Attribute VI t (very tolerant non-native)","Rule0",NA,NA,NA,NA,NA,"Main_SoChannel","Main_SoChannel",1,"Main_SoChannel_L5_Rule0_nt_BCG_att6t"
"LBR_Fish_BCG_v1","Main_SoChannel","nt_BCG_att6t","239135f6-152c-4f94-81d1-cd9e7bfc2106",0,3,"< 0 (0-0.1)","<",0,0.1,FALSE,"number of taxa - BCG Attribute VI t (very tolerant non-native)","Rule0",NA,NA,NA,NA,NA,"Main_SoChannel","Main_SoChannel",1,"Main_SoChannel_L3_Rule0_nt_BCG_att6t"
"LBR_Fish_BCG_v1","Main_SoChannel","nt_BCG_att6t","BRSouthChan2003",0,4,"< 2 (0.1-3)","<",0.1,3,FALSE,"number of taxa - BCG Attribute VI t (very tolerant non-native)","Rule0",NA,NA,NA,NA,NA,"Main_SoChannel","Main_SoChannel",1,"Main_SoChannel_L4_Rule0_nt_BCG_att6t"
"LBR_Fish_BCG_v1","Main_SoChannel","nt_BCG_att6t","BRSouthChan2003",0,5,"< 5 (3-6)","<",3,6,FALSE,"number of taxa - BCG Attribute VI t (very tolerant non-native)","Rule0",NA,NA,NA,NA,NA,"Main_SoChannel","Main_SoChannel",1,"Main_SoChannel_L5_Rule0_nt_BCG_att6t"
"LBR_Fish_BCG_v1","Main_SoChannel","nt_BCG_att6t","BRSouthChan2003",0,3,"< 0 (0-0.1)","<",0,0.1,FALSE,"number of taxa - BCG Attribute VI t (very tolerant non-native)","Rule0",NA,NA,NA,NA,NA,"Main_SoChannel","Main_SoChannel",1,"Main_SoChannel_L3_Rule0_nt_BCG_att6t"
"LBR_Fish_BCG_v1","Main_SoChannel","nt_BCG_att6t","BRupstWB2017",0,4,"< 2 (0.1-3)","<",0.1,3,FALSE,"number of taxa - BCG Attribute VI t (very tolerant non-native)","Rule0",NA,NA,NA,NA,NA,"Main_SoChannel","Main_SoChannel",1,"Main_SoChannel_L4_Rule0_nt_BCG_att6t"
"LBR_Fish_BCG_v1","Main_SoChannel","nt_BCG_att6t","BRupstWB2017",0,5,"< 5 (3-6)","<",3,6,FALSE,"number of taxa - BCG Attribute VI t (very tolerant non-native)","Rule0",NA,NA,NA,NA,NA,"Main_SoChannel","Main_SoChannel",1,"Main_SoChannel_L5_Rule0_nt_BCG_att6t"
"LBR_Fish_BCG_v1","Main_SoChannel","nt_BCG_att6t","BRupstWB2017",0,3,"< 0 (0-0.1)","<",0,0.1,FALSE,"number of taxa - BCG Attribute VI t (very tolerant non-native)","Rule0",NA,NA,NA,NA,NA,"Main_SoChannel","Main_SoChannel",1,"Main_SoChannel_L3_Rule0_nt_BCG_att6t"
"LBR_Fish_BCG_v1","Main_SoChannel","nt_BCG_att6t","e081294e-0e46-4b4d-becb-8db4910fab7e",0,4,"< 2 (0.1-3)","<",0.1,3,FALSE,"number of taxa - BCG Attribute VI t (very tolerant non-native)","Rule0",NA,NA,NA,NA,NA,"Main_SoChannel","Main_SoChannel",1,"Main_SoChannel_L4_Rule0_nt_BCG_att6t"
"LBR_Fish_BCG_v1","Main_SoChannel","nt_BCG_att6t","e081294e-0e46-4b4d-becb-8db4910fab7e",0,5,"< 5 (3-6)","<",3,6,FALSE,"number of taxa - BCG Attribute VI t (very tolerant non-native)","Rule0",NA,NA,NA,NA,NA,"Main_SoChannel","Main_SoChannel",1,"Main_SoChannel_L5_Rule0_nt_BCG_att6t"
"LBR_Fish_BCG_v1","Main_SoChannel","nt_BCG_att6t","e081294e-0e46-4b4d-becb-8db4910fab7e",0,3,"< 0 (0-0.1)","<",0,0.1,FALSE,"number of taxa - BCG Attribute VI t (very tolerant non-native)","Rule0",NA,NA,NA,NA,NA,"Main_SoChannel","Main_SoChannel",1,"Main_SoChannel_L3_Rule0_nt_BCG_att6t"
"LBR_Fish_BCG_v1","Main_SoChannel","nt_BCG_att6t","f9c06310-4a52-4d24-b9cf-e57497da794f",0,4,"< 2 (0.1-3)","<",0.1,3,FALSE,"number of taxa - BCG Attribute VI t (very tolerant non-native)","Rule0",NA,NA,NA,NA,NA,"Main_SoChannel","Main_SoChannel",1,"Main_SoChannel_L4_Rule0_nt_BCG_att6t"
"LBR_Fish_BCG_v1","Main_SoChannel","nt_BCG_att6t","f9c06310-4a52-4d24-b9cf-e57497da794f",0,5,"< 5 (3-6)","<",3,6,FALSE,"number of taxa - BCG Attribute VI t (very tolerant non-native)","Rule0",NA,NA,NA,NA,NA,"Main_SoChannel","Main_SoChannel",1,"Main_SoChannel_L5_Rule0_nt_BCG_att6t"
"LBR_Fish_BCG_v1","Main_SoChannel","nt_BCG_att6t","f9c06310-4a52-4d24-b9cf-e57497da794f",0,3,"< 0 (0-0.1)","<",0,0.1,FALSE,"number of taxa - BCG Attribute VI t (very tolerant non-native)","Rule0",NA,NA,NA,NA,NA,"Main_SoChannel","Main_SoChannel",1,"Main_SoChannel_L3_Rule0_nt_BCG_att6t"
"LBR_Fish_BCG_v1","Main_SoChannel","nt_BCG2_att1234b","239135f6-152c-4f94-81d1-cd9e7bfc2106",6,4,"> 1 (0.5-2)",">",0.5,2,TRUE,"number of taxa - BCG Attribute I + II + III + IV_better","Rule0",NA,NA,NA,NA,NA,"Main_SoChannel","Main_SoChannel",1,"Main_SoChannel_L4_Rule0_nt_BCG2_att1234b"
"LBR_Fish_BCG_v1","Main_SoChannel","nt_BCG2_att1234b","239135f6-152c-4f94-81d1-cd9e7bfc2106",6,2,"> 6 (5-8)",">",5,8,TRUE,"number of taxa - BCG Attribute I + II + III + IV_better","Rule0",NA,NA,NA,NA,NA,"Main_SoChannel","Main_SoChannel",0.333333333333333,"Main_SoChannel_L2_Rule0_nt_BCG2_att1234b"
"LBR_Fish_BCG_v1","Main_SoChannel","nt_BCG2_att1234b","239135f6-152c-4f94-81d1-cd9e7bfc2106",6,3,"> 3 (2-5)",">",2,5,TRUE,"number of taxa - BCG Attribute I + II + III + IV_better","Rule0",NA,NA,NA,NA,NA,"Main_SoChannel","Main_SoChannel",1,"Main_SoChannel_L3_Rule0_nt_BCG2_att1234b"
"LBR_Fish_BCG_v1","Main_SoChannel","nt_BCG2_att1234b","BRupstWB2003",4,4,"> 1 (0.5-2)",">",0.5,2,TRUE,"number of taxa - BCG Attribute I + II + III + IV_better","Rule0",NA,NA,NA,NA,NA,"Main_SoChannel","Main_SoChannel",1,"Main_SoChannel_L4_Rule0_nt_BCG2_att1234b"
"LBR_Fish_BCG_v1","Main_SoChannel","nt_BCG2_att1234b","BRupstWB2003",4,2,"> 6 (5-8)",">",5,8,TRUE,"number of taxa - BCG Attribute I + II + III + IV_better","Rule0",NA,NA,NA,NA,NA,"Main_SoChannel","Main_SoChannel",0,"Main_SoChannel_L2_Rule0_nt_BCG2_att1234b"
"LBR_Fish_BCG_v1","Main_SoChannel","nt_BCG2_att1234b","BRupstWB2003",4,3,"> 3 (2-5)",">",2,5,TRUE,"number of taxa - BCG Attribute I + II + III + IV_better","Rule0",NA,NA,NA,NA,NA,"Main_SoChannel","Main_SoChannel",0.666666666666667,"Main_SoChannel_L3_Rule0_nt_BCG2_att1234b"
"LBR_Fish_BCG_v1","Main_SoChannel","nt_BCG2_att1234b","BRupstWB2017",4,4,"> 1 (0.5-2)",">",0.5,2,TRUE,"number of taxa - BCG Attribute I + II + III + IV_better","Rule0",NA,NA,NA,NA,NA,"Main_SoChannel","Main_SoChannel",1,"Main_SoChannel_L4_Rule0_nt_BCG2_att1234b"
"LBR_Fish_BCG_v1","Main_SoChannel","nt_BCG2_att1234b","BRupstWB2017",4,2,"> 6 (5-8)",">",5,8,TRUE,"number of taxa - BCG Attribute I + II + III + IV_better","Rule0",NA,NA,NA,NA,NA,"Main_SoChannel","Main_SoChannel",0,"Main_SoChannel_L2_Rule0_nt_BCG2_att1234b"
"LBR_Fish_BCG_v1","Main_SoChannel","nt_BCG2_att1234b","BRupstWB2017",4,3,"> 3 (2-5)",">",2,5,TRUE,"number of taxa - BCG Attribute I + II + III + IV_better","Rule0",NA,NA,NA,NA,NA,"Main_SoChannel","Main_SoChannel",0.666666666666667,"Main_SoChannel_L3_Rule0_nt_BCG2_att1234b"
"LBR_Fish_BCG_v1","Main_SoChannel","nt_BCG2_att1234b","BRSouthChan2003",3,4,"> 1 (0.5-2)",">",0.5,2,TRUE,"number of taxa - BCG Attribute I + II + III + IV_better","Rule0",NA,NA,NA,NA,NA,"Main_SoChannel","Main_SoChannel",1,"Main_SoChannel_L4_Rule0_nt_BCG2_att1234b"
"LBR_Fish_BCG_v1","Main_SoChannel","nt_BCG2_att1234b","BRSouthChan2003",3,2,"> 6 (5-8)",">",5,8,TRUE,"number of taxa - BCG Attribute I + II + III + IV_better","Rule0",NA,NA,NA,NA,NA,"Main_SoChannel","Main_SoChannel",0,"Main_SoChannel_L2_Rule0_nt_BCG2_att1234b"
"LBR_Fish_BCG_v1","Main_SoChannel","nt_BCG2_att1234b","BRSouthChan2003",3,3,"> 3 (2-5)",">",2,5,TRUE,"number of taxa - BCG Attribute I + II + III + IV_better","Rule0",NA,NA,NA,NA,NA,"Main_SoChannel","Main_SoChannel",0.333333333333333,"Main_SoChannel_L3_Rule0_nt_BCG2_att1234b"
"LBR_Fish_BCG_v1","Main_SoChannel","nt_BCG2_att1234b","BRupstWB1996",2,4,"> 1 (0.5-2)",">",0.5,2,TRUE,"number of taxa - BCG Attribute I + II + III + IV_better","Rule0",NA,NA,NA,NA,NA,"Main_SoChannel","Main_SoChannel",1,"Main_SoChannel_L4_Rule0_nt_BCG2_att1234b"
"LBR_Fish_BCG_v1","Main_SoChannel","nt_BCG2_att1234b","BRupstWB1996",2,2,"> 6 (5-8)",">",5,8,TRUE,"number of taxa - BCG Attribute I + II + III + IV_better","Rule0",NA,NA,NA,NA,NA,"Main_SoChannel","Main_SoChannel",0,"Main_SoChannel_L2_Rule0_nt_BCG2_att1234b"
"LBR_Fish_BCG_v1","Main_SoChannel","nt_BCG2_att1234b","BRupstWB1996",2,3,"> 3 (2-5)",">",2,5,TRUE,"number of taxa - BCG Attribute I + II + III + IV_better","Rule0",NA,NA,NA,NA,NA,"Main_SoChannel","Main_SoChannel",0,"Main_SoChannel_L3_Rule0_nt_BCG2_att1234b"
"LBR_Fish_BCG_v1","Main_SoChannel","nt_BCG2_att1234b","BRSouthChan1996",2,4,"> 1 (0.5-2)",">",0.5,2,TRUE,"number of taxa - BCG Attribute I + II + III + IV_better","Rule0",NA,NA,NA,NA,NA,"Main_SoChannel","Main_SoChannel",1,"Main_SoChannel_L4_Rule0_nt_BCG2_att1234b"
"LBR_Fish_BCG_v1","Main_SoChannel","nt_BCG2_att1234b","BRSouthChan1996",2,2,"> 6 (5-8)",">",5,8,TRUE,"number of taxa - BCG Attribute I + II + III + IV_better","Rule0",NA,NA,NA,NA,NA,"Main_SoChannel","Main_SoChannel",0,"Main_SoChannel_L2_Rule0_nt_BCG2_att1234b"
"LBR_Fish_BCG_v1","Main_SoChannel","nt_BCG2_att1234b","BRSouthChan1996",2,3,"> 3 (2-5)",">",2,5,TRUE,"number of taxa - BCG Attribute I + II + III + IV_better","Rule0",NA,NA,NA,NA,NA,"Main_SoChannel","Main_SoChannel",0,"Main_SoChannel_L3_Rule0_nt_BCG2_att1234b"
"LBR_Fish_BCG_v1","Main_SoChannel","nt_BCG2_att1234b","e081294e-0e46-4b4d-becb-8db4910fab7e",5,4,"> 1 (0.5-2)",">",0.5,2,TRUE,"number of taxa - BCG Attribute I + II + III + IV_better","Rule0",NA,NA,NA,NA,NA,"Main_SoChannel","Main_SoChannel",1,"Main_SoChannel_L4_Rule0_nt_BCG2_att1234b"
"LBR_Fish_BCG_v1","Main_SoChannel","nt_BCG2_att1234b","e081294e-0e46-4b4d-becb-8db4910fab7e",5,2,"> 6 (5-8)",">",5,8,TRUE,"number of taxa - BCG Attribute I + II + III + IV_better","Rule0",NA,NA,NA,NA,NA,"Main_SoChannel","Main_SoChannel",0,"Main_SoChannel_L2_Rule0_nt_BCG2_att1234b"
"LBR_Fish_BCG_v1","Main_SoChannel","nt_BCG2_att1234b","e081294e-0e46-4b4d-becb-8db4910fab7e",5,3,"> 3 (2-5)",">",2,5,TRUE,"number of taxa - BCG Attribute I + II + III + IV_better","Rule0",NA,NA,NA,NA,NA,"Main_SoChannel","Main_SoChannel",1,"Main_SoChannel_L3_Rule0_nt_BCG2_att1234b"
"LBR_Fish_BCG_v1","Main_SoChannel","nt_BCG2_att1234b","BRSouthChan2017",4,4,"> 1 (0.5-2)",">",0.5,2,TRUE,"number of taxa - BCG Attribute I + II + III + IV_better","Rule0",NA,NA,NA,NA,NA,"Main_SoChannel","Main_SoChannel",1,"Main_SoChannel_L4_Rule0_nt_BCG2_att1234b"
"LBR_Fish_BCG_v1","Main_SoChannel","nt_BCG2_att1234b","BRSouthChan2017",4,2,"> 6 (5-8)",">",5,8,TRUE,"number of taxa - BCG Attribute I + II + III + IV_better","Rule0",NA,NA,NA,NA,NA,"Main_SoChannel","Main_SoChannel",0,"Main_SoChannel_L2_Rule0_nt_BCG2_att1234b"
"LBR_Fish_BCG_v1","Main_SoChannel","nt_BCG2_att1234b","BRSouthChan2017",4,3,"> 3 (2-5)",">",2,5,TRUE,"number of taxa - BCG Attribute I + II + III + IV_better","Rule0",NA,NA,NA,NA,NA,"Main_SoChannel","Main_SoChannel",0.666666666666667,"Main_SoChannel_L3_Rule0_nt_BCG2_att1234b"
"LBR_Fish_BCG_v1","Main_SoChannel","nt_BCG2_att1234b","46a1e042-6cfe-4e7a-ad1a-e284feef8c33",3,4,"> 1 (0.5-2)",">",0.5,2,TRUE,"number of taxa - BCG Attribute I + II + III + IV_better","Rule0",NA,NA,NA,NA,NA,"Main_SoChannel","Main_SoChannel",1,"Main_SoChannel_L4_Rule0_nt_BCG2_att1234b"
"LBR_Fish_BCG_v1","Main_SoChannel","nt_BCG2_att1234b","46a1e042-6cfe-4e7a-ad1a-e284feef8c33",3,2,"> 6 (5-8)",">",5,8,TRUE,"number of taxa - BCG Attribute I + II + III + IV_better","Rule0",NA,NA,NA,NA,NA,"Main_SoChannel","Main_SoChannel",0,"Main_SoChannel_L2_Rule0_nt_BCG2_att1234b"
"LBR_Fish_BCG_v1","Main_SoChannel","nt_BCG2_att1234b","46a1e042-6cfe-4e7a-ad1a-e284feef8c33",3,3,"> 3 (2-5)",">",2,5,TRUE,"number of taxa - BCG Attribute I + II + III + IV_better","Rule0",NA,NA,NA,NA,NA,"Main_SoChannel","Main_SoChannel",0.333333333333333,"Main_SoChannel_L3_Rule0_nt_BCG2_att1234b"
"LBR_Fish_BCG_v1","Main_SoChannel","nt_BCG2_att1234b","eda15134-49a2-4d77-9191-ebd1876acccd",5,4,"> 1 (0.5-2)",">",0.5,2,TRUE,"number of taxa - BCG Attribute I + II + III + IV_better","Rule0",NA,NA,NA,NA,NA,"Main_SoChannel","Main_SoChannel",1,"Main_SoChannel_L4_Rule0_nt_BCG2_att1234b"
"LBR_Fish_BCG_v1","Main_SoChannel","nt_BCG2_att1234b","eda15134-49a2-4d77-9191-ebd1876acccd",5,2,"> 6 (5-8)",">",5,8,TRUE,"number of taxa - BCG Attribute I + II + III + IV_better","Rule0",NA,NA,NA,NA,NA,"Main_SoChannel","Main_SoChannel",0,"Main_SoChannel_L2_Rule0_nt_BCG2_att1234b"
"LBR_Fish_BCG_v1","Main_SoChannel","nt_BCG2_att1234b","eda15134-49a2-4d77-9191-ebd1876acccd",5,3,"> 3 (2-5)",">",2,5,TRUE,"number of taxa - BCG Attribute I + II + III + IV_better","Rule0",NA,NA,NA,NA,NA,"Main_SoChannel","Main_SoChannel",1,"Main_SoChannel_L3_Rule0_nt_BCG2_att1234b"
"LBR_Fish_BCG_v1","Main_SoChannel","nt_BCG2_att1234b","f9c06310-4a52-4d24-b9cf-e57497da794f",5,4,"> 1 (0.5-2)",">",0.5,2,TRUE,"number of taxa - BCG Attribute I + II + III + IV_better","Rule0",NA,NA,NA,NA,NA,"Main_SoChannel","Main_SoChannel",1,"Main_SoChannel_L4_Rule0_nt_BCG2_att1234b"
"LBR_Fish_BCG_v1","Main_SoChannel","nt_BCG2_att1234b","f9c06310-4a52-4d24-b9cf-e57497da794f",5,2,"> 6 (5-8)",">",5,8,TRUE,"number of taxa - BCG Attribute I + II + III + IV_better","Rule0",NA,NA,NA,NA,NA,"Main_SoChannel","Main_SoChannel",0,"Main_SoChannel_L2_Rule0_nt_BCG2_att1234b"
"LBR_Fish_BCG_v1","Main_SoChannel","nt_BCG2_att1234b","f9c06310-4a52-4d24-b9cf-e57497da794f",5,3,"> 3 (2-5)",">",2,5,TRUE,"number of taxa - BCG Attribute I + II + III + IV_better","Rule0",NA,NA,NA,NA,NA,"Main_SoChannel","Main_SoChannel",1,"Main_SoChannel_L3_Rule0_nt_BCG2_att1234b"
"LBR_Fish_BCG_v1","Main_SoChannel","nt_BCG2_att1234b","BRupstWB1995",3,4,"> 1 (0.5-2)",">",0.5,2,TRUE,"number of taxa - BCG Attribute I + II + III + IV_better","Rule0",NA,NA,NA,NA,NA,"Main_SoChannel","Main_SoChannel",1,"Main_SoChannel_L4_Rule0_nt_BCG2_att1234b"
"LBR_Fish_BCG_v1","Main_SoChannel","nt_BCG2_att1234b","BRupstWB1995",3,2,"> 6 (5-8)",">",5,8,TRUE,"number of taxa - BCG Attribute I + II + III + IV_better","Rule0",NA,NA,NA,NA,NA,"Main_SoChannel","Main_SoChannel",0,"Main_SoChannel_L2_Rule0_nt_BCG2_att1234b"
"LBR_Fish_BCG_v1","Main_SoChannel","nt_BCG2_att1234b","BRupstWB1995",3,3,"> 3 (2-5)",">",2,5,TRUE,"number of taxa - BCG Attribute I + II + III + IV_better","Rule0",NA,NA,NA,NA,NA,"Main_SoChannel","Main_SoChannel",0.333333333333333,"Main_SoChannel_L3_Rule0_nt_BCG2_att1234b"
"LBR_Fish_BCG_v1","Main_SoChannel","nt_BCG2_att1234b","BRSouthChan2005",5,4,"> 1 (0.5-2)",">",0.5,2,TRUE,"number of taxa - BCG Attribute I + II + III + IV_better","Rule0",NA,NA,NA,NA,NA,"Main_SoChannel","Main_SoChannel",1,"Main_SoChannel_L4_Rule0_nt_BCG2_att1234b"
"LBR_Fish_BCG_v1","Main_SoChannel","nt_BCG2_att1234b","BRSouthChan2005",5,2,"> 6 (5-8)",">",5,8,TRUE,"number of taxa - BCG Attribute I + II + III + IV_better","Rule0",NA,NA,NA,NA,NA,"Main_SoChannel","Main_SoChannel",0,"Main_SoChannel_L2_Rule0_nt_BCG2_att1234b"
"LBR_Fish_BCG_v1","Main_SoChannel","nt_BCG2_att1234b","BRSouthChan2005",5,3,"> 3 (2-5)",">",2,5,TRUE,"number of taxa - BCG Attribute I + II + III + IV_better","Rule0",NA,NA,NA,NA,NA,"Main_SoChannel","Main_SoChannel",1,"Main_SoChannel_L3_Rule0_nt_BCG2_att1234b"
"LBR_Fish_BCG_v1","Main_SoChannel","nt_BCG2_att1234b","BRSouthChan1995",4,4,"> 1 (0.5-2)",">",0.5,2,TRUE,"number of taxa - BCG Attribute I + II + III + IV_better","Rule0",NA,NA,NA,NA,NA,"Main_SoChannel","Main_SoChannel",1,"Main_SoChannel_L4_Rule0_nt_BCG2_att1234b"
"LBR_Fish_BCG_v1","Main_SoChannel","nt_BCG2_att1234b","BRSouthChan1995",4,2,"> 6 (5-8)",">",5,8,TRUE,"number of taxa - BCG Attribute I + II + III + IV_better","Rule0",NA,NA,NA,NA,NA,"Main_SoChannel","Main_SoChannel",0,"Main_SoChannel_L2_Rule0_nt_BCG2_att1234b"
"LBR_Fish_BCG_v1","Main_SoChannel","nt_BCG2_att1234b","BRSouthChan1995",4,3,"> 3 (2-5)",">",2,5,TRUE,"number of taxa - BCG Attribute I + II + III + IV_better","Rule0",NA,NA,NA,NA,NA,"Main_SoChannel","Main_SoChannel",0.666666666666667,"Main_SoChannel_L3_Rule0_nt_BCG2_att1234b"
"LBR_Fish_BCG_v1","Main_SoChannel","nt_native","BRSouthChan2017",5,3,"> 7 (6-9)",">",6,9,TRUE,"number of native taxa","Rule0",NA,NA,NA,NA,NA,"Main_SoChannel","Main_SoChannel",0,"Main_SoChannel_L3_Rule0_nt_native"
"LBR_Fish_BCG_v1","Main_SoChannel","nt_native","BRSouthChan2017",5,2,"> 10 (9-12)",">",9,12,TRUE,"number of native taxa","Rule0",NA,NA,NA,NA,NA,"Main_SoChannel","Main_SoChannel",0,"Main_SoChannel_L2_Rule0_nt_native"
"LBR_Fish_BCG_v1","Main_SoChannel","nt_native","BRSouthChan2017",5,4,"> 4 (3-6)",">",3,6,TRUE,"number of native taxa","Rule0",NA,NA,NA,NA,NA,"Main_SoChannel","Main_SoChannel",0.666666666666667,"Main_SoChannel_L4_Rule0_nt_native"
"LBR_Fish_BCG_v1","Main_SoChannel","nt_native","BRSouthChan2017",5,5,"> 1 (0-3)",">",0,3,TRUE,"number of native taxa","Rule0",NA,NA,NA,NA,NA,"Main_SoChannel","Main_SoChannel",1,"Main_SoChannel_L5_Rule0_nt_native"
"LBR_Fish_BCG_v1","Main_SoChannel","nt_native","BRSouthChan2003",7,3,"> 7 (6-9)",">",6,9,TRUE,"number of native taxa","Rule0",NA,NA,NA,NA,NA,"Main_SoChannel","Main_SoChannel",0.333333333333333,"Main_SoChannel_L3_Rule0_nt_native"
"LBR_Fish_BCG_v1","Main_SoChannel","nt_native","BRSouthChan2003",7,2,"> 10 (9-12)",">",9,12,TRUE,"number of native taxa","Rule0",NA,NA,NA,NA,NA,"Main_SoChannel","Main_SoChannel",0,"Main_SoChannel_L2_Rule0_nt_native"
"LBR_Fish_BCG_v1","Main_SoChannel","nt_native","BRSouthChan2003",7,4,"> 4 (3-6)",">",3,6,TRUE,"number of native taxa","Rule0",NA,NA,NA,NA,NA,"Main_SoChannel","Main_SoChannel",1,"Main_SoChannel_L4_Rule0_nt_native"
"LBR_Fish_BCG_v1","Main_SoChannel","nt_native","BRSouthChan2003",7,5,"> 1 (0-3)",">",0,3,TRUE,"number of native taxa","Rule0",NA,NA,NA,NA,NA,"Main_SoChannel","Main_SoChannel",1,"Main_SoChannel_L5_Rule0_nt_native"
"LBR_Fish_BCG_v1","Main_SoChannel","nt_native","BRupstWB1996",4,3,"> 7 (6-9)",">",6,9,TRUE,"number of native taxa","Rule0",NA,NA,NA,NA,NA,"Main_SoChannel","Main_SoChannel",0,"Main_SoChannel_L3_Rule0_nt_native"
"LBR_Fish_BCG_v1","Main_SoChannel","nt_native","BRupstWB1996",4,2,"> 10 (9-12)",">",9,12,TRUE,"number of native taxa","Rule0",NA,NA,NA,NA,NA,"Main_SoChannel","Main_SoChannel",0,"Main_SoChannel_L2_Rule0_nt_native"
"LBR_Fish_BCG_v1","Main_SoChannel","nt_native","BRupstWB1996",4,4,"> 4 (3-6)",">",3,6,TRUE,"number of native taxa","Rule0",NA,NA,NA,NA,NA,"Main_SoChannel","Main_SoChannel",0.333333333333333,"Main_SoChannel_L4_Rule0_nt_native"
"LBR_Fish_BCG_v1","Main_SoChannel","nt_native","BRupstWB1996",4,5,"> 1 (0-3)",">",0,3,TRUE,"number of native taxa","Rule0",NA,NA,NA,NA,NA,"Main_SoChannel","Main_SoChannel",1,"Main_SoChannel_L5_Rule0_nt_native"
"LBR_Fish_BCG_v1","Main_SoChannel","nt_native","eda15134-49a2-4d77-9191-ebd1876acccd",6,3,"> 7 (6-9)",">",6,9,TRUE,"number of native taxa","Rule0",NA,NA,NA,NA,NA,"Main_SoChannel","Main_SoChannel",0,"Main_SoChannel_L3_Rule0_nt_native"
"LBR_Fish_BCG_v1","Main_SoChannel","nt_native","eda15134-49a2-4d77-9191-ebd1876acccd",6,2,"> 10 (9-12)",">",9,12,TRUE,"number of native taxa","Rule0",NA,NA,NA,NA,NA,"Main_SoChannel","Main_SoChannel",0,"Main_SoChannel_L2_Rule0_nt_native"
"LBR_Fish_BCG_v1","Main_SoChannel","nt_native","eda15134-49a2-4d77-9191-ebd1876acccd",6,4,"> 4 (3-6)",">",3,6,TRUE,"number of native taxa","Rule0",NA,NA,NA,NA,NA,"Main_SoChannel","Main_SoChannel",1,"Main_SoChannel_L4_Rule0_nt_native"
"LBR_Fish_BCG_v1","Main_SoChannel","nt_native","eda15134-49a2-4d77-9191-ebd1876acccd",6,5,"> 1 (0-3)",">",0,3,TRUE,"number of native taxa","Rule0",NA,NA,NA,NA,NA,"Main_SoChannel","Main_SoChannel",1,"Main_SoChannel_L5_Rule0_nt_native"
"LBR_Fish_BCG_v1","Main_SoChannel","nt_native","BRSouthChan1996",6,3,"> 7 (6-9)",">",6,9,TRUE,"number of native taxa","Rule0",NA,NA,NA,NA,NA,"Main_SoChannel","Main_SoChannel",0,"Main_SoChannel_L3_Rule0_nt_native"
"LBR_Fish_BCG_v1","Main_SoChannel","nt_native","BRSouthChan1996",6,2,"> 10 (9-12)",">",9,12,TRUE,"number of native taxa","Rule0",NA,NA,NA,NA,NA,"Main_SoChannel","Main_SoChannel",0,"Main_SoChannel_L2_Rule0_nt_native"
"LBR_Fish_BCG_v1","Main_SoChannel","nt_native","BRSouthChan1996",6,4,"> 4 (3-6)",">",3,6,TRUE,"number of native taxa","Rule0",NA,NA,NA,NA,NA,"Main_SoChannel","Main_SoChannel",1,"Main_SoChannel_L4_Rule0_nt_native"
"LBR_Fish_BCG_v1","Main_SoChannel","nt_native","BRSouthChan1996",6,5,"> 1 (0-3)",">",0,3,TRUE,"number of native taxa","Rule0",NA,NA,NA,NA,NA,"Main_SoChannel","Main_SoChannel",1,"Main_SoChannel_L5_Rule0_nt_native"
"LBR_Fish_BCG_v1","Main_SoChannel","nt_native","BRupstWB2003",8,3,"> 7 (6-9)",">",6,9,TRUE,"number of native taxa","Rule0",NA,NA,NA,NA,NA,"Main_SoChannel","Main_SoChannel",0.666666666666667,"Main_SoChannel_L3_Rule0_nt_native"
"LBR_Fish_BCG_v1","Main_SoChannel","nt_native","BRupstWB2003",8,2,"> 10 (9-12)",">",9,12,TRUE,"number of native taxa","Rule0",NA,NA,NA,NA,NA,"Main_SoChannel","Main_SoChannel",0,"Main_SoChannel_L2_Rule0_nt_native"
"LBR_Fish_BCG_v1","Main_SoChannel","nt_native","BRupstWB2003",8,4,"> 4 (3-6)",">",3,6,TRUE,"number of native taxa","Rule0",NA,NA,NA,NA,NA,"Main_SoChannel","Main_SoChannel",1,"Main_SoChannel_L4_Rule0_nt_native"
"LBR_Fish_BCG_v1","Main_SoChannel","nt_native","BRupstWB2003",8,5,"> 1 (0-3)",">",0,3,TRUE,"number of native taxa","Rule0",NA,NA,NA,NA,NA,"Main_SoChannel","Main_SoChannel",1,"Main_SoChannel_L5_Rule0_nt_native"
"LBR_Fish_BCG_v1","Main_SoChannel","nt_native","BRSouthChan1995",10,3,"> 7 (6-9)",">",6,9,TRUE,"number of native taxa","Rule0",NA,NA,NA,NA,NA,"Main_SoChannel","Main_SoChannel",1,"Main_SoChannel_L3_Rule0_nt_native"
"LBR_Fish_BCG_v1","Main_SoChannel","nt_native","BRSouthChan1995",10,2,"> 10 (9-12)",">",9,12,TRUE,"number of native taxa","Rule0",NA,NA,NA,NA,NA,"Main_SoChannel","Main_SoChannel",0.333333333333333,"Main_SoChannel_L2_Rule0_nt_native"
"LBR_Fish_BCG_v1","Main_SoChannel","nt_native","BRSouthChan1995",10,4,"> 4 (3-6)",">",3,6,TRUE,"number of native taxa","Rule0",NA,NA,NA,NA,NA,"Main_SoChannel","Main_SoChannel",1,"Main_SoChannel_L4_Rule0_nt_native"
"LBR_Fish_BCG_v1","Main_SoChannel","nt_native","BRSouthChan1995",10,5,"> 1 (0-3)",">",0,3,TRUE,"number of native taxa","Rule0",NA,NA,NA,NA,NA,"Main_SoChannel","Main_SoChannel",1,"Main_SoChannel_L5_Rule0_nt_native"
"LBR_Fish_BCG_v1","Main_SoChannel","nt_native","46a1e042-6cfe-4e7a-ad1a-e284feef8c33",3,3,"> 7 (6-9)",">",6,9,TRUE,"number of native taxa","Rule0",NA,NA,NA,NA,NA,"Main_SoChannel","Main_SoChannel",0,"Main_SoChannel_L3_Rule0_nt_native"
"LBR_Fish_BCG_v1","Main_SoChannel","nt_native","46a1e042-6cfe-4e7a-ad1a-e284feef8c33",3,2,"> 10 (9-12)",">",9,12,TRUE,"number of native taxa","Rule0",NA,NA,NA,NA,NA,"Main_SoChannel","Main_SoChannel",0,"Main_SoChannel_L2_Rule0_nt_native"
"LBR_Fish_BCG_v1","Main_SoChannel","nt_native","46a1e042-6cfe-4e7a-ad1a-e284feef8c33",3,4,"> 4 (3-6)",">",3,6,TRUE,"number of native taxa","Rule0",NA,NA,NA,NA,NA,"Main_SoChannel","Main_SoChannel",0,"Main_SoChannel_L4_Rule0_nt_native"
"LBR_Fish_BCG_v1","Main_SoChannel","nt_native","46a1e042-6cfe-4e7a-ad1a-e284feef8c33",3,5,"> 1 (0-3)",">",0,3,TRUE,"number of native taxa","Rule0",NA,NA,NA,NA,NA,"Main_SoChannel","Main_SoChannel",1,"Main_SoChannel_L5_Rule0_nt_native"
"LBR_Fish_BCG_v1","Main_SoChannel","nt_native","f9c06310-4a52-4d24-b9cf-e57497da794f",7,3,"> 7 (6-9)",">",6,9,TRUE,"number of native taxa","Rule0",NA,NA,NA,NA,NA,"Main_SoChannel","Main_SoChannel",0.333333333333333,"Main_SoChannel_L3_Rule0_nt_native"
"LBR_Fish_BCG_v1","Main_SoChannel","nt_native","f9c06310-4a52-4d24-b9cf-e57497da794f",7,2,"> 10 (9-12)",">",9,12,TRUE,"number of native taxa","Rule0",NA,NA,NA,NA,NA,"Main_SoChannel","Main_SoChannel",0,"Main_SoChannel_L2_Rule0_nt_native"
"LBR_Fish_BCG_v1","Main_SoChannel","nt_native","f9c06310-4a52-4d24-b9cf-e57497da794f",7,4,"> 4 (3-6)",">",3,6,TRUE,"number of native taxa","Rule0",NA,NA,NA,NA,NA,"Main_SoChannel","Main_SoChannel",1,"Main_SoChannel_L4_Rule0_nt_native"
"LBR_Fish_BCG_v1","Main_SoChannel","nt_native","f9c06310-4a52-4d24-b9cf-e57497da794f",7,5,"> 1 (0-3)",">",0,3,TRUE,"number of native taxa","Rule0",NA,NA,NA,NA,NA,"Main_SoChannel","Main_SoChannel",1,"Main_SoChannel_L5_Rule0_nt_native"
"LBR_Fish_BCG_v1","Main_SoChannel","nt_native","e081294e-0e46-4b4d-becb-8db4910fab7e",8,3,"> 7 (6-9)",">",6,9,TRUE,"number of native taxa","Rule0",NA,NA,NA,NA,NA,"Main_SoChannel","Main_SoChannel",0.666666666666667,"Main_SoChannel_L3_Rule0_nt_native"
"LBR_Fish_BCG_v1","Main_SoChannel","nt_native","e081294e-0e46-4b4d-becb-8db4910fab7e",8,2,"> 10 (9-12)",">",9,12,TRUE,"number of native taxa","Rule0",NA,NA,NA,NA,NA,"Main_SoChannel","Main_SoChannel",0,"Main_SoChannel_L2_Rule0_nt_native"
"LBR_Fish_BCG_v1","Main_SoChannel","nt_native","e081294e-0e46-4b4d-becb-8db4910fab7e",8,4,"> 4 (3-6)",">",3,6,TRUE,"number of native taxa","Rule0",NA,NA,NA,NA,NA,"Main_SoChannel","Main_SoChannel",1,"Main_SoChannel_L4_Rule0_nt_native"
"LBR_Fish_BCG_v1","Main_SoChannel","nt_native","e081294e-0e46-4b4d-becb-8db4910fab7e",8,5,"> 1 (0-3)",">",0,3,TRUE,"number of native taxa","Rule0",NA,NA,NA,NA,NA,"Main_SoChannel","Main_SoChannel",1,"Main_SoChannel_L5_Rule0_nt_native"
"LBR_Fish_BCG_v1","Main_SoChannel","nt_native","239135f6-152c-4f94-81d1-cd9e7bfc2106",8,3,"> 7 (6-9)",">",6,9,TRUE,"number of native taxa","Rule0",NA,NA,NA,NA,NA,"Main_SoChannel","Main_SoChannel",0.666666666666667,"Main_SoChannel_L3_Rule0_nt_native"
"LBR_Fish_BCG_v1","Main_SoChannel","nt_native","239135f6-152c-4f94-81d1-cd9e7bfc2106",8,2,"> 10 (9-12)",">",9,12,TRUE,"number of native taxa","Rule0",NA,NA,NA,NA,NA,"Main_SoChannel","Main_SoChannel",0,"Main_SoChannel_L2_Rule0_nt_native"
"LBR_Fish_BCG_v1","Main_SoChannel","nt_native","239135f6-152c-4f94-81d1-cd9e7bfc2106",8,4,"> 4 (3-6)",">",3,6,TRUE,"number of native taxa","Rule0",NA,NA,NA,NA,NA,"Main_SoChannel","Main_SoChannel",1,"Main_SoChannel_L4_Rule0_nt_native"
"LBR_Fish_BCG_v1","Main_SoChannel","nt_native","239135f6-152c-4f94-81d1-cd9e7bfc2106",8,5,"> 1 (0-3)",">",0,3,TRUE,"number of native taxa","Rule0",NA,NA,NA,NA,NA,"Main_SoChannel","Main_SoChannel",1,"Main_SoChannel_L5_Rule0_nt_native"
"LBR_Fish_BCG_v1","Main_SoChannel","nt_native","BRSouthChan2005",6,3,"> 7 (6-9)",">",6,9,TRUE,"number of native taxa","Rule0",NA,NA,NA,NA,NA,"Main_SoChannel","Main_SoChannel",0,"Main_SoChannel_L3_Rule0_nt_native"
"LBR_Fish_BCG_v1","Main_SoChannel","nt_native","BRSouthChan2005",6,2,"> 10 (9-12)",">",9,12,TRUE,"number of native taxa","Rule0",NA,NA,NA,NA,NA,"Main_SoChannel","Main_SoChannel",0,"Main_SoChannel_L2_Rule0_nt_native"
"LBR_Fish_BCG_v1","Main_SoChannel","nt_native","BRSouthChan2005",6,4,"> 4 (3-6)",">",3,6,TRUE,"number of native taxa","Rule0",NA,NA,NA,NA,NA,"Main_SoChannel","Main_SoChannel",1,"Main_SoChannel_L4_Rule0_nt_native"
"LBR_Fish_BCG_v1","Main_SoChannel","nt_native","BRSouthChan2005",6,5,"> 1 (0-3)",">",0,3,TRUE,"number of native taxa","Rule0",NA,NA,NA,NA,NA,"Main_SoChannel","Main_SoChannel",1,"Main_SoChannel_L5_Rule0_nt_native"
"LBR_Fish_BCG_v1","Main_SoChannel","nt_native","BRupstWB1995",6,3,"> 7 (6-9)",">",6,9,TRUE,"number of native taxa","Rule0",NA,NA,NA,NA,NA,"Main_SoChannel","Main_SoChannel",0,"Main_SoChannel_L3_Rule0_nt_native"
"LBR_Fish_BCG_v1","Main_SoChannel","nt_native","BRupstWB1995",6,2,"> 10 (9-12)",">",9,12,TRUE,"number of native taxa","Rule0",NA,NA,NA,NA,NA,"Main_SoChannel","Main_SoChannel",0,"Main_SoChannel_L2_Rule0_nt_native"
"LBR_Fish_BCG_v1","Main_SoChannel","nt_native","BRupstWB1995",6,4,"> 4 (3-6)",">",3,6,TRUE,"number of native taxa","Rule0",NA,NA,NA,NA,NA,"Main_SoChannel","Main_SoChannel",1,"Main_SoChannel_L4_Rule0_nt_native"
"LBR_Fish_BCG_v1","Main_SoChannel","nt_native","BRupstWB1995",6,5,"> 1 (0-3)",">",0,3,TRUE,"number of native taxa","Rule0",NA,NA,NA,NA,NA,"Main_SoChannel","Main_SoChannel",1,"Main_SoChannel_L5_Rule0_nt_native"
"LBR_Fish_BCG_v1","Main_SoChannel","nt_native","BRupstWB2017",6,3,"> 7 (6-9)",">",6,9,TRUE,"number of native taxa","Rule0",NA,NA,NA,NA,NA,"Main_SoChannel","Main_SoChannel",0,"Main_SoChannel_L3_Rule0_nt_native"
"LBR_Fish_BCG_v1","Main_SoChannel","nt_native","BRupstWB2017",6,2,"> 10 (9-12)",">",9,12,TRUE,"number of native taxa","Rule0",NA,NA,NA,NA,NA,"Main_SoChannel","Main_SoChannel",0,"Main_SoChannel_L2_Rule0_nt_native"
"LBR_Fish_BCG_v1","Main_SoChannel","nt_native","BRupstWB2017",6,4,"> 4 (3-6)",">",3,6,TRUE,"number of native taxa","Rule0",NA,NA,NA,NA,NA,"Main_SoChannel","Main_SoChannel",1,"Main_SoChannel_L4_Rule0_nt_native"
"LBR_Fish_BCG_v1","Main_SoChannel","nt_native","BRupstWB2017",6,5,"> 1 (0-3)",">",0,3,TRUE,"number of native taxa","Rule0",NA,NA,NA,NA,NA,"Main_SoChannel","Main_SoChannel",1,"Main_SoChannel_L5_Rule0_nt_native"
"LBR_Fish_BCG_v1","Main_SoChannel","nt_repro_lithophil","46a1e042-6cfe-4e7a-ad1a-e284feef8c33",3,4,"> 1 (0-3)",">",0,3,TRUE,"number of taxa - LITHOPHIL (requires clean, coarse substrate)","Rule0",NA,NA,NA,NA,NA,"Main_SoChannel","Main_SoChannel",1,"Main_SoChannel_L4_Rule0_nt_repro_lithophil"
"LBR_Fish_BCG_v1","Main_SoChannel","nt_repro_lithophil","46a1e042-6cfe-4e7a-ad1a-e284feef8c33",3,3,"> 4 (3-6)",">",3,6,TRUE,"number of taxa - LITHOPHIL (requires clean, coarse substrate)","Rule0",NA,NA,NA,NA,NA,"Main_SoChannel","Main_SoChannel",0,"Main_SoChannel_L3_Rule0_nt_repro_lithophil"
"LBR_Fish_BCG_v1","Main_SoChannel","nt_repro_lithophil","46a1e042-6cfe-4e7a-ad1a-e284feef8c33",3,2,"> 7 (6-9)",">",6,9,TRUE,"number of taxa - LITHOPHIL (requires clean, coarse substrate)","Rule0",NA,NA,NA,NA,NA,"Main_SoChannel","Main_SoChannel",0,"Main_SoChannel_L2_Rule0_nt_repro_lithophil"
"LBR_Fish_BCG_v1","Main_SoChannel","nt_repro_lithophil","BRSouthChan1996",2,4,"> 1 (0-3)",">",0,3,TRUE,"number of taxa - LITHOPHIL (requires clean, coarse substrate)","Rule0",NA,NA,NA,NA,NA,"Main_SoChannel","Main_SoChannel",0.666666666666667,"Main_SoChannel_L4_Rule0_nt_repro_lithophil"
"LBR_Fish_BCG_v1","Main_SoChannel","nt_repro_lithophil","BRSouthChan1996",2,3,"> 4 (3-6)",">",3,6,TRUE,"number of taxa - LITHOPHIL (requires clean, coarse substrate)","Rule0",NA,NA,NA,NA,NA,"Main_SoChannel","Main_SoChannel",0,"Main_SoChannel_L3_Rule0_nt_repro_lithophil"
"LBR_Fish_BCG_v1","Main_SoChannel","nt_repro_lithophil","BRSouthChan1996",2,2,"> 7 (6-9)",">",6,9,TRUE,"number of taxa - LITHOPHIL (requires clean, coarse substrate)","Rule0",NA,NA,NA,NA,NA,"Main_SoChannel","Main_SoChannel",0,"Main_SoChannel_L2_Rule0_nt_repro_lithophil"
"LBR_Fish_BCG_v1","Main_SoChannel","nt_repro_lithophil","BRupstWB1995",3,4,"> 1 (0-3)",">",0,3,TRUE,"number of taxa - LITHOPHIL (requires clean, coarse substrate)","Rule0",NA,NA,NA,NA,NA,"Main_SoChannel","Main_SoChannel",1,"Main_SoChannel_L4_Rule0_nt_repro_lithophil"
"LBR_Fish_BCG_v1","Main_SoChannel","nt_repro_lithophil","BRupstWB1995",3,3,"> 4 (3-6)",">",3,6,TRUE,"number of taxa - LITHOPHIL (requires clean, coarse substrate)","Rule0",NA,NA,NA,NA,NA,"Main_SoChannel","Main_SoChannel",0,"Main_SoChannel_L3_Rule0_nt_repro_lithophil"
"LBR_Fish_BCG_v1","Main_SoChannel","nt_repro_lithophil","BRupstWB1995",3,2,"> 7 (6-9)",">",6,9,TRUE,"number of taxa - LITHOPHIL (requires clean, coarse substrate)","Rule0",NA,NA,NA,NA,NA,"Main_SoChannel","Main_SoChannel",0,"Main_SoChannel_L2_Rule0_nt_repro_lithophil"
"LBR_Fish_BCG_v1","Main_SoChannel","nt_repro_lithophil","BRSouthChan2005",5,4,"> 1 (0-3)",">",0,3,TRUE,"number of taxa - LITHOPHIL (requires clean, coarse substrate)","Rule0",NA,NA,NA,NA,NA,"Main_SoChannel","Main_SoChannel",1,"Main_SoChannel_L4_Rule0_nt_repro_lithophil"
"LBR_Fish_BCG_v1","Main_SoChannel","nt_repro_lithophil","BRSouthChan2005",5,3,"> 4 (3-6)",">",3,6,TRUE,"number of taxa - LITHOPHIL (requires clean, coarse substrate)","Rule0",NA,NA,NA,NA,NA,"Main_SoChannel","Main_SoChannel",0.666666666666667,"Main_SoChannel_L3_Rule0_nt_repro_lithophil"
"LBR_Fish_BCG_v1","Main_SoChannel","nt_repro_lithophil","BRSouthChan2005",5,2,"> 7 (6-9)",">",6,9,TRUE,"number of taxa - LITHOPHIL (requires clean, coarse substrate)","Rule0",NA,NA,NA,NA,NA,"Main_SoChannel","Main_SoChannel",0,"Main_SoChannel_L2_Rule0_nt_repro_lithophil"
"LBR_Fish_BCG_v1","Main_SoChannel","nt_repro_lithophil","BRupstWB2003",3,4,"> 1 (0-3)",">",0,3,TRUE,"number of taxa - LITHOPHIL (requires clean, coarse substrate)","Rule0",NA,NA,NA,NA,NA,"Main_SoChannel","Main_SoChannel",1,"Main_SoChannel_L4_Rule0_nt_repro_lithophil"
"LBR_Fish_BCG_v1","Main_SoChannel","nt_repro_lithophil","BRupstWB2003",3,3,"> 4 (3-6)",">",3,6,TRUE,"number of taxa - LITHOPHIL (requires clean, coarse substrate)","Rule0",NA,NA,NA,NA,NA,"Main_SoChannel","Main_SoChannel",0,"Main_SoChannel_L3_Rule0_nt_repro_lithophil"
"LBR_Fish_BCG_v1","Main_SoChannel","nt_repro_lithophil","BRupstWB2003",3,2,"> 7 (6-9)",">",6,9,TRUE,"number of taxa - LITHOPHIL (requires clean, coarse substrate)","Rule0",NA,NA,NA,NA,NA,"Main_SoChannel","Main_SoChannel",0,"Main_SoChannel_L2_Rule0_nt_repro_lithophil"
"LBR_Fish_BCG_v1","Main_SoChannel","nt_repro_lithophil","BRupstWB1996",2,4,"> 1 (0-3)",">",0,3,TRUE,"number of taxa - LITHOPHIL (requires clean, coarse substrate)","Rule0",NA,NA,NA,NA,NA,"Main_SoChannel","Main_SoChannel",0.666666666666667,"Main_SoChannel_L4_Rule0_nt_repro_lithophil"
"LBR_Fish_BCG_v1","Main_SoChannel","nt_repro_lithophil","BRupstWB1996",2,3,"> 4 (3-6)",">",3,6,TRUE,"number of taxa - LITHOPHIL (requires clean, coarse substrate)","Rule0",NA,NA,NA,NA,NA,"Main_SoChannel","Main_SoChannel",0,"Main_SoChannel_L3_Rule0_nt_repro_lithophil"
"LBR_Fish_BCG_v1","Main_SoChannel","nt_repro_lithophil","BRupstWB1996",2,2,"> 7 (6-9)",">",6,9,TRUE,"number of taxa - LITHOPHIL (requires clean, coarse substrate)","Rule0",NA,NA,NA,NA,NA,"Main_SoChannel","Main_SoChannel",0,"Main_SoChannel_L2_Rule0_nt_repro_lithophil"
"LBR_Fish_BCG_v1","Main_SoChannel","nt_repro_lithophil","f9c06310-4a52-4d24-b9cf-e57497da794f",5,4,"> 1 (0-3)",">",0,3,TRUE,"number of taxa - LITHOPHIL (requires clean, coarse substrate)","Rule0",NA,NA,NA,NA,NA,"Main_SoChannel","Main_SoChannel",1,"Main_SoChannel_L4_Rule0_nt_repro_lithophil"
"LBR_Fish_BCG_v1","Main_SoChannel","nt_repro_lithophil","f9c06310-4a52-4d24-b9cf-e57497da794f",5,3,"> 4 (3-6)",">",3,6,TRUE,"number of taxa - LITHOPHIL (requires clean, coarse substrate)","Rule0",NA,NA,NA,NA,NA,"Main_SoChannel","Main_SoChannel",0.666666666666667,"Main_SoChannel_L3_Rule0_nt_repro_lithophil"
"LBR_Fish_BCG_v1","Main_SoChannel","nt_repro_lithophil","f9c06310-4a52-4d24-b9cf-e57497da794f",5,2,"> 7 (6-9)",">",6,9,TRUE,"number of taxa - LITHOPHIL (requires clean, coarse substrate)","Rule0",NA,NA,NA,NA,NA,"Main_SoChannel","Main_SoChannel",0,"Main_SoChannel_L2_Rule0_nt_repro_lithophil"
"LBR_Fish_BCG_v1","Main_SoChannel","nt_repro_lithophil","239135f6-152c-4f94-81d1-cd9e7bfc2106",6,4,"> 1 (0-3)",">",0,3,TRUE,"number of taxa - LITHOPHIL (requires clean, coarse substrate)","Rule0",NA,NA,NA,NA,NA,"Main_SoChannel","Main_SoChannel",1,"Main_SoChannel_L4_Rule0_nt_repro_lithophil"
"LBR_Fish_BCG_v1","Main_SoChannel","nt_repro_lithophil","239135f6-152c-4f94-81d1-cd9e7bfc2106",6,3,"> 4 (3-6)",">",3,6,TRUE,"number of taxa - LITHOPHIL (requires clean, coarse substrate)","Rule0",NA,NA,NA,NA,NA,"Main_SoChannel","Main_SoChannel",1,"Main_SoChannel_L3_Rule0_nt_repro_lithophil"
"LBR_Fish_BCG_v1","Main_SoChannel","nt_repro_lithophil","239135f6-152c-4f94-81d1-cd9e7bfc2106",6,2,"> 7 (6-9)",">",6,9,TRUE,"number of taxa - LITHOPHIL (requires clean, coarse substrate)","Rule0",NA,NA,NA,NA,NA,"Main_SoChannel","Main_SoChannel",0,"Main_SoChannel_L2_Rule0_nt_repro_lithophil"
"LBR_Fish_BCG_v1","Main_SoChannel","nt_repro_lithophil","BRSouthChan1995",4,4,"> 1 (0-3)",">",0,3,TRUE,"number of taxa - LITHOPHIL (requires clean, coarse substrate)","Rule0",NA,NA,NA,NA,NA,"Main_SoChannel","Main_SoChannel",1,"Main_SoChannel_L4_Rule0_nt_repro_lithophil"
"LBR_Fish_BCG_v1","Main_SoChannel","nt_repro_lithophil","BRSouthChan1995",4,3,"> 4 (3-6)",">",3,6,TRUE,"number of taxa - LITHOPHIL (requires clean, coarse substrate)","Rule0",NA,NA,NA,NA,NA,"Main_SoChannel","Main_SoChannel",0.333333333333333,"Main_SoChannel_L3_Rule0_nt_repro_lithophil"
"LBR_Fish_BCG_v1","Main_SoChannel","nt_repro_lithophil","BRSouthChan1995",4,2,"> 7 (6-9)",">",6,9,TRUE,"number of taxa - LITHOPHIL (requires clean, coarse substrate)","Rule0",NA,NA,NA,NA,NA,"Main_SoChannel","Main_SoChannel",0,"Main_SoChannel_L2_Rule0_nt_repro_lithophil"
"LBR_Fish_BCG_v1","Main_SoChannel","nt_repro_lithophil","BRupstWB2017",5,4,"> 1 (0-3)",">",0,3,TRUE,"number of taxa - LITHOPHIL (requires clean, coarse substrate)","Rule0",NA,NA,NA,NA,NA,"Main_SoChannel","Main_SoChannel",1,"Main_SoChannel_L4_Rule0_nt_repro_lithophil"
"LBR_Fish_BCG_v1","Main_SoChannel","nt_repro_lithophil","BRupstWB2017",5,3,"> 4 (3-6)",">",3,6,TRUE,"number of taxa - LITHOPHIL (requires clean, coarse substrate)","Rule0",NA,NA,NA,NA,NA,"Main_SoChannel","Main_SoChannel",0.666666666666667,"Main_SoChannel_L3_Rule0_nt_repro_lithophil"
"LBR_Fish_BCG_v1","Main_SoChannel","nt_repro_lithophil","BRupstWB2017",5,2,"> 7 (6-9)",">",6,9,TRUE,"number of taxa - LITHOPHIL (requires clean, coarse substrate)","Rule0",NA,NA,NA,NA,NA,"Main_SoChannel","Main_SoChannel",0,"Main_SoChannel_L2_Rule0_nt_repro_lithophil"
"LBR_Fish_BCG_v1","Main_SoChannel","nt_repro_lithophil","e081294e-0e46-4b4d-becb-8db4910fab7e",6,4,"> 1 (0-3)",">",0,3,TRUE,"number of taxa - LITHOPHIL (requires clean, coarse substrate)","Rule0",NA,NA,NA,NA,NA,"Main_SoChannel","Main_SoChannel",1,"Main_SoChannel_L4_Rule0_nt_repro_lithophil"
"LBR_Fish_BCG_v1","Main_SoChannel","nt_repro_lithophil","e081294e-0e46-4b4d-becb-8db4910fab7e",6,3,"> 4 (3-6)",">",3,6,TRUE,"number of taxa - LITHOPHIL (requires clean, coarse substrate)","Rule0",NA,NA,NA,NA,NA,"Main_SoChannel","Main_SoChannel",1,"Main_SoChannel_L3_Rule0_nt_repro_lithophil"
"LBR_Fish_BCG_v1","Main_SoChannel","nt_repro_lithophil","e081294e-0e46-4b4d-becb-8db4910fab7e",6,2,"> 7 (6-9)",">",6,9,TRUE,"number of taxa - LITHOPHIL (requires clean, coarse substrate)","Rule0",NA,NA,NA,NA,NA,"Main_SoChannel","Main_SoChannel",0,"Main_SoChannel_L2_Rule0_nt_repro_lithophil"
"LBR_Fish_BCG_v1","Main_SoChannel","nt_repro_lithophil","BRSouthChan2017",4,4,"> 1 (0-3)",">",0,3,TRUE,"number of taxa - LITHOPHIL (requires clean, coarse substrate)","Rule0",NA,NA,NA,NA,NA,"Main_SoChannel","Main_SoChannel",1,"Main_SoChannel_L4_Rule0_nt_repro_lithophil"
"LBR_Fish_BCG_v1","Main_SoChannel","nt_repro_lithophil","BRSouthChan2017",4,3,"> 4 (3-6)",">",3,6,TRUE,"number of taxa - LITHOPHIL (requires clean, coarse substrate)","Rule0",NA,NA,NA,NA,NA,"Main_SoChannel","Main_SoChannel",0.333333333333333,"Main_SoChannel_L3_Rule0_nt_repro_lithophil"
"LBR_Fish_BCG_v1","Main_SoChannel","nt_repro_lithophil","BRSouthChan2017",4,2,"> 7 (6-9)",">",6,9,TRUE,"number of taxa - LITHOPHIL (requires clean, coarse substrate)","Rule0",NA,NA,NA,NA,NA,"Main_SoChannel","Main_SoChannel",0,"Main_SoChannel_L2_Rule0_nt_repro_lithophil"
"LBR_Fish_BCG_v1","Main_SoChannel","nt_repro_lithophil","BRSouthChan2003",3,4,"> 1 (0-3)",">",0,3,TRUE,"number of taxa - LITHOPHIL (requires clean, coarse substrate)","Rule0",NA,NA,NA,NA,NA,"Main_SoChannel","Main_SoChannel",1,"Main_SoChannel_L4_Rule0_nt_repro_lithophil"
"LBR_Fish_BCG_v1","Main_SoChannel","nt_repro_lithophil","BRSouthChan2003",3,3,"> 4 (3-6)",">",3,6,TRUE,"number of taxa - LITHOPHIL (requires clean, coarse substrate)","Rule0",NA,NA,NA,NA,NA,"Main_SoChannel","Main_SoChannel",0,"Main_SoChannel_L3_Rule0_nt_repro_lithophil"
"LBR_Fish_BCG_v1","Main_SoChannel","nt_repro_lithophil","BRSouthChan2003",3,2,"> 7 (6-9)",">",6,9,TRUE,"number of taxa - LITHOPHIL (requires clean, coarse substrate)","Rule0",NA,NA,NA,NA,NA,"Main_SoChannel","Main_SoChannel",0,"Main_SoChannel_L2_Rule0_nt_repro_lithophil"
"LBR_Fish_BCG_v1","Main_SoChannel","nt_repro_lithophil","eda15134-49a2-4d77-9191-ebd1876acccd",4,4,"> 1 (0-3)",">",0,3,TRUE,"number of taxa - LITHOPHIL (requires clean, coarse substrate)","Rule0",NA,NA,NA,NA,NA,"Main_SoChannel","Main_SoChannel",1,"Main_SoChannel_L4_Rule0_nt_repro_lithophil"
"LBR_Fish_BCG_v1","Main_SoChannel","nt_repro_lithophil","eda15134-49a2-4d77-9191-ebd1876acccd",4,3,"> 4 (3-6)",">",3,6,TRUE,"number of taxa - LITHOPHIL (requires clean, coarse substrate)","Rule0",NA,NA,NA,NA,NA,"Main_SoChannel","Main_SoChannel",0.333333333333333,"Main_SoChannel_L3_Rule0_nt_repro_lithophil"
"LBR_Fish_BCG_v1","Main_SoChannel","nt_repro_lithophil","eda15134-49a2-4d77-9191-ebd1876acccd",4,2,"> 7 (6-9)",">",6,9,TRUE,"number of taxa - LITHOPHIL (requires clean, coarse substrate)","Rule0",NA,NA,NA,NA,NA,"Main_SoChannel","Main_SoChannel",0,"Main_SoChannel_L2_Rule0_nt_repro_lithophil"
"LBR_Fish_BCG_v1","Main_SoChannel","pi_BCG_att123","BRSouthChan2003",75.3846153846154,3,"≥ 45 (40-50)",">=",40,50,TRUE,"percent (0-100) individuals - BCG Attribute I + II + III","Rule0",NA,NA,NA,NA,NA,"Main_SoChannel","Main_SoChannel",1,"Main_SoChannel_L3_Rule0_pi_BCG_att123"
"LBR_Fish_BCG_v1","Main_SoChannel","pi_BCG_att123","BRSouthChan2003",75.3846153846154,2,"≥ 55 (50-60)",">=",50,60,TRUE,"percent (0-100) individuals - BCG Attribute I + II + III","Rule0",NA,NA,NA,NA,NA,"Main_SoChannel","Main_SoChannel",1,"Main_SoChannel_L2_Rule0_pi_BCG_att123"
"LBR_Fish_BCG_v1","Main_SoChannel","pi_BCG_att123","BRSouthChan2003",75.3846153846154,5,"> 7 (5-10)",">",5,10,TRUE,"percent (0-100) individuals - BCG Attribute I + II + III","Rule0",NA,NA,NA,NA,NA,"Main_SoChannel","Main_SoChannel",1,"Main_SoChannel_L5_Rule0_pi_BCG_att123"
"LBR_Fish_BCG_v1","Main_SoChannel","pi_BCG_att123","BRSouthChan2003",75.3846153846154,4,"≥ 20 (15-25)",">=",15,25,TRUE,"percent (0-100) individuals - BCG Attribute I + II + III","Rule0",NA,NA,NA,NA,NA,"Main_SoChannel","Main_SoChannel",1,"Main_SoChannel_L4_Rule0_pi_BCG_att123"
"LBR_Fish_BCG_v1","Main_SoChannel","pi_BCG_att123","BRSouthChan1996",87.7076411960133,3,"≥ 45 (40-50)",">=",40,50,TRUE,"percent (0-100) individuals - BCG Attribute I + II + III","Rule0",NA,NA,NA,NA,NA,"Main_SoChannel","Main_SoChannel",1,"Main_SoChannel_L3_Rule0_pi_BCG_att123"
"LBR_Fish_BCG_v1","Main_SoChannel","pi_BCG_att123","BRSouthChan1996",87.7076411960133,2,"≥ 55 (50-60)",">=",50,60,TRUE,"percent (0-100) individuals - BCG Attribute I + II + III","Rule0",NA,NA,NA,NA,NA,"Main_SoChannel","Main_SoChannel",1,"Main_SoChannel_L2_Rule0_pi_BCG_att123"
"LBR_Fish_BCG_v1","Main_SoChannel","pi_BCG_att123","BRSouthChan1996",87.7076411960133,5,"> 7 (5-10)",">",5,10,TRUE,"percent (0-100) individuals - BCG Attribute I + II + III","Rule0",NA,NA,NA,NA,NA,"Main_SoChannel","Main_SoChannel",1,"Main_SoChannel_L5_Rule0_pi_BCG_att123"
"LBR_Fish_BCG_v1","Main_SoChannel","pi_BCG_att123","BRSouthChan1996",87.7076411960133,4,"≥ 20 (15-25)",">=",15,25,TRUE,"percent (0-100) individuals - BCG Attribute I + II + III","Rule0",NA,NA,NA,NA,NA,"Main_SoChannel","Main_SoChannel",1,"Main_SoChannel_L4_Rule0_pi_BCG_att123"
"LBR_Fish_BCG_v1","Main_SoChannel","pi_BCG_att123","BRSouthChan2017",47.5728155339806,3,"≥ 45 (40-50)",">=",40,50,TRUE,"percent (0-100) individuals - BCG Attribute I + II + III","Rule0",NA,NA,NA,NA,NA,"Main_SoChannel","Main_SoChannel",0.757281553398058,"Main_SoChannel_L3_Rule0_pi_BCG_att123"
"LBR_Fish_BCG_v1","Main_SoChannel","pi_BCG_att123","BRSouthChan2017",47.5728155339806,2,"≥ 55 (50-60)",">=",50,60,TRUE,"percent (0-100) individuals - BCG Attribute I + II + III","Rule0",NA,NA,NA,NA,NA,"Main_SoChannel","Main_SoChannel",0,"Main_SoChannel_L2_Rule0_pi_BCG_att123"
"LBR_Fish_BCG_v1","Main_SoChannel","pi_BCG_att123","BRSouthChan2017",47.5728155339806,5,"> 7 (5-10)",">",5,10,TRUE,"percent (0-100) individuals - BCG Attribute I + II + III","Rule0",NA,NA,NA,NA,NA,"Main_SoChannel","Main_SoChannel",1,"Main_SoChannel_L5_Rule0_pi_BCG_att123"
"LBR_Fish_BCG_v1","Main_SoChannel","pi_BCG_att123","BRSouthChan2017",47.5728155339806,4,"≥ 20 (15-25)",">=",15,25,TRUE,"percent (0-100) individuals - BCG Attribute I + II + III","Rule0",NA,NA,NA,NA,NA,"Main_SoChannel","Main_SoChannel",1,"Main_SoChannel_L4_Rule0_pi_BCG_att123"
"LBR_Fish_BCG_v1","Main_SoChannel","pi_BCG_att123","BRupstWB2017",54.4642857142857,3,"≥ 45 (40-50)",">=",40,50,TRUE,"percent (0-100) individuals - BCG Attribute I + II + III","Rule0",NA,NA,NA,NA,NA,"Main_SoChannel","Main_SoChannel",1,"Main_SoChannel_L3_Rule0_pi_BCG_att123"
"LBR_Fish_BCG_v1","Main_SoChannel","pi_BCG_att123","BRupstWB2017",54.4642857142857,2,"≥ 55 (50-60)",">=",50,60,TRUE,"percent (0-100) individuals - BCG Attribute I + II + III","Rule0",NA,NA,NA,NA,NA,"Main_SoChannel","Main_SoChannel",0.446428571428571,"Main_SoChannel_L2_Rule0_pi_BCG_att123"
"LBR_Fish_BCG_v1","Main_SoChannel","pi_BCG_att123","BRupstWB2017",54.4642857142857,5,"> 7 (5-10)",">",5,10,TRUE,"percent (0-100) individuals - BCG Attribute I + II + III","Rule0",NA,NA,NA,NA,NA,"Main_SoChannel","Main_SoChannel",1,"Main_SoChannel_L5_Rule0_pi_BCG_att123"
"LBR_Fish_BCG_v1","Main_SoChannel","pi_BCG_att123","BRupstWB2017",54.4642857142857,4,"≥ 20 (15-25)",">=",15,25,TRUE,"percent (0-100) individuals - BCG Attribute I + II + III","Rule0",NA,NA,NA,NA,NA,"Main_SoChannel","Main_SoChannel",1,"Main_SoChannel_L4_Rule0_pi_BCG_att123"
"LBR_Fish_BCG_v1","Main_SoChannel","pi_BCG_att123","eda15134-49a2-4d77-9191-ebd1876acccd",50,3,"≥ 45 (40-50)",">=",40,50,TRUE,"percent (0-100) individuals - BCG Attribute I + II + III","Rule0",NA,NA,NA,NA,NA,"Main_SoChannel","Main_SoChannel",1,"Main_SoChannel_L3_Rule0_pi_BCG_att123"
"LBR_Fish_BCG_v1","Main_SoChannel","pi_BCG_att123","eda15134-49a2-4d77-9191-ebd1876acccd",50,2,"≥ 55 (50-60)",">=",50,60,TRUE,"percent (0-100) individuals - BCG Attribute I + II + III","Rule0",NA,NA,NA,NA,NA,"Main_SoChannel","Main_SoChannel",0,"Main_SoChannel_L2_Rule0_pi_BCG_att123"
"LBR_Fish_BCG_v1","Main_SoChannel","pi_BCG_att123","eda15134-49a2-4d77-9191-ebd1876acccd",50,5,"> 7 (5-10)",">",5,10,TRUE,"percent (0-100) individuals - BCG Attribute I + II + III","Rule0",NA,NA,NA,NA,NA,"Main_SoChannel","Main_SoChannel",1,"Main_SoChannel_L5_Rule0_pi_BCG_att123"
"LBR_Fish_BCG_v1","Main_SoChannel","pi_BCG_att123","eda15134-49a2-4d77-9191-ebd1876acccd",50,4,"≥ 20 (15-25)",">=",15,25,TRUE,"percent (0-100) individuals - BCG Attribute I + II + III","Rule0",NA,NA,NA,NA,NA,"Main_SoChannel","Main_SoChannel",1,"Main_SoChannel_L4_Rule0_pi_BCG_att123"
"LBR_Fish_BCG_v1","Main_SoChannel","pi_BCG_att123","BRupstWB2003",84.9544072948328,3,"≥ 45 (40-50)",">=",40,50,TRUE,"percent (0-100) individuals - BCG Attribute I + II + III","Rule0",NA,NA,NA,NA,NA,"Main_SoChannel","Main_SoChannel",1,"Main_SoChannel_L3_Rule0_pi_BCG_att123"
"LBR_Fish_BCG_v1","Main_SoChannel","pi_BCG_att123","BRupstWB2003",84.9544072948328,2,"≥ 55 (50-60)",">=",50,60,TRUE,"percent (0-100) individuals - BCG Attribute I + II + III","Rule0",NA,NA,NA,NA,NA,"Main_SoChannel","Main_SoChannel",1,"Main_SoChannel_L2_Rule0_pi_BCG_att123"
"LBR_Fish_BCG_v1","Main_SoChannel","pi_BCG_att123","BRupstWB2003",84.9544072948328,5,"> 7 (5-10)",">",5,10,TRUE,"percent (0-100) individuals - BCG Attribute I + II + III","Rule0",NA,NA,NA,NA,NA,"Main_SoChannel","Main_SoChannel",1,"Main_SoChannel_L5_Rule0_pi_BCG_att123"
"LBR_Fish_BCG_v1","Main_SoChannel","pi_BCG_att123","BRupstWB2003",84.9544072948328,4,"≥ 20 (15-25)",">=",15,25,TRUE,"percent (0-100) individuals - BCG Attribute I + II + III","Rule0",NA,NA,NA,NA,NA,"Main_SoChannel","Main_SoChannel",1,"Main_SoChannel_L4_Rule0_pi_BCG_att123"
"LBR_Fish_BCG_v1","Main_SoChannel","pi_BCG_att123","BRSouthChan1995",44.6745562130178,3,"≥ 45 (40-50)",">=",40,50,TRUE,"percent (0-100) individuals - BCG Attribute I + II + III","Rule0",NA,NA,NA,NA,NA,"Main_SoChannel","Main_SoChannel",0.467455621301776,"Main_SoChannel_L3_Rule0_pi_BCG_att123"
"LBR_Fish_BCG_v1","Main_SoChannel","pi_BCG_att123","BRSouthChan1995",44.6745562130178,2,"≥ 55 (50-60)",">=",50,60,TRUE,"percent (0-100) individuals - BCG Attribute I + II + III","Rule0",NA,NA,NA,NA,NA,"Main_SoChannel","Main_SoChannel",0,"Main_SoChannel_L2_Rule0_pi_BCG_att123"
"LBR_Fish_BCG_v1","Main_SoChannel","pi_BCG_att123","BRSouthChan1995",44.6745562130178,5,"> 7 (5-10)",">",5,10,TRUE,"percent (0-100) individuals - BCG Attribute I + II + III","Rule0",NA,NA,NA,NA,NA,"Main_SoChannel","Main_SoChannel",1,"Main_SoChannel_L5_Rule0_pi_BCG_att123"
"LBR_Fish_BCG_v1","Main_SoChannel","pi_BCG_att123","BRSouthChan1995",44.6745562130178,4,"≥ 20 (15-25)",">=",15,25,TRUE,"percent (0-100) individuals - BCG Attribute I + II + III","Rule0",NA,NA,NA,NA,NA,"Main_SoChannel","Main_SoChannel",1,"Main_SoChannel_L4_Rule0_pi_BCG_att123"
"LBR_Fish_BCG_v1","Main_SoChannel","pi_BCG_att123","BRupstWB1996",76.1092150170648,3,"≥ 45 (40-50)",">=",40,50,TRUE,"percent (0-100) individuals - BCG Attribute I + II + III","Rule0",NA,NA,NA,NA,NA,"Main_SoChannel","Main_SoChannel",1,"Main_SoChannel_L3_Rule0_pi_BCG_att123"
"LBR_Fish_BCG_v1","Main_SoChannel","pi_BCG_att123","BRupstWB1996",76.1092150170648,2,"≥ 55 (50-60)",">=",50,60,TRUE,"percent (0-100) individuals - BCG Attribute I + II + III","Rule0",NA,NA,NA,NA,NA,"Main_SoChannel","Main_SoChannel",1,"Main_SoChannel_L2_Rule0_pi_BCG_att123"
"LBR_Fish_BCG_v1","Main_SoChannel","pi_BCG_att123","BRupstWB1996",76.1092150170648,5,"> 7 (5-10)",">",5,10,TRUE,"percent (0-100) individuals - BCG Attribute I + II + III","Rule0",NA,NA,NA,NA,NA,"Main_SoChannel","Main_SoChannel",1,"Main_SoChannel_L5_Rule0_pi_BCG_att123"
"LBR_Fish_BCG_v1","Main_SoChannel","pi_BCG_att123","BRupstWB1996",76.1092150170648,4,"≥ 20 (15-25)",">=",15,25,TRUE,"percent (0-100) individuals - BCG Attribute I + II + III","Rule0",NA,NA,NA,NA,NA,"Main_SoChannel","Main_SoChannel",1,"Main_SoChannel_L4_Rule0_pi_BCG_att123"
"LBR_Fish_BCG_v1","Main_SoChannel","pi_BCG_att123","e081294e-0e46-4b4d-becb-8db4910fab7e",35.7142857142857,3,"≥ 45 (40-50)",">=",40,50,TRUE,"percent (0-100) individuals - BCG Attribute I + II + III","Rule0",NA,NA,NA,NA,NA,"Main_SoChannel","Main_SoChannel",0,"Main_SoChannel_L3_Rule0_pi_BCG_att123"
"LBR_Fish_BCG_v1","Main_SoChannel","pi_BCG_att123","e081294e-0e46-4b4d-becb-8db4910fab7e",35.7142857142857,2,"≥ 55 (50-60)",">=",50,60,TRUE,"percent (0-100) individuals - BCG Attribute I + II + III","Rule0",NA,NA,NA,NA,NA,"Main_SoChannel","Main_SoChannel",0,"Main_SoChannel_L2_Rule0_pi_BCG_att123"
"LBR_Fish_BCG_v1","Main_SoChannel","pi_BCG_att123","e081294e-0e46-4b4d-becb-8db4910fab7e",35.7142857142857,5,"> 7 (5-10)",">",5,10,TRUE,"percent (0-100) individuals - BCG Attribute I + II + III","Rule0",NA,NA,NA,NA,NA,"Main_SoChannel","Main_SoChannel",1,"Main_SoChannel_L5_Rule0_pi_BCG_att123"
"LBR_Fish_BCG_v1","Main_SoChannel","pi_BCG_att123","e081294e-0e46-4b4d-becb-8db4910fab7e",35.7142857142857,4,"≥ 20 (15-25)",">=",15,25,TRUE,"percent (0-100) individuals - BCG Attribute I + II + III","Rule0",NA,NA,NA,NA,NA,"Main_SoChannel","Main_SoChannel",1,"Main_SoChannel_L4_Rule0_pi_BCG_att123"
"LBR_Fish_BCG_v1","Main_SoChannel","pi_BCG_att123","BRupstWB1995",94.2771084337349,3,"≥ 45 (40-50)",">=",40,50,TRUE,"percent (0-100) individuals - BCG Attribute I + II + III","Rule0",NA,NA,NA,NA,NA,"Main_SoChannel","Main_SoChannel",1,"Main_SoChannel_L3_Rule0_pi_BCG_att123"
"LBR_Fish_BCG_v1","Main_SoChannel","pi_BCG_att123","BRupstWB1995",94.2771084337349,2,"≥ 55 (50-60)",">=",50,60,TRUE,"percent (0-100) individuals - BCG Attribute I + II + III","Rule0",NA,NA,NA,NA,NA,"Main_SoChannel","Main_SoChannel",1,"Main_SoChannel_L2_Rule0_pi_BCG_att123"
"LBR_Fish_BCG_v1","Main_SoChannel","pi_BCG_att123","BRupstWB1995",94.2771084337349,5,"> 7 (5-10)",">",5,10,TRUE,"percent (0-100) individuals - BCG Attribute I + II + III","Rule0",NA,NA,NA,NA,NA,"Main_SoChannel","Main_SoChannel",1,"Main_SoChannel_L5_Rule0_pi_BCG_att123"
"LBR_Fish_BCG_v1","Main_SoChannel","pi_BCG_att123","BRupstWB1995",94.2771084337349,4,"≥ 20 (15-25)",">=",15,25,TRUE,"percent (0-100) individuals - BCG Attribute I + II + III","Rule0",NA,NA,NA,NA,NA,"Main_SoChannel","Main_SoChannel",1,"Main_SoChannel_L4_Rule0_pi_BCG_att123"
"LBR_Fish_BCG_v1","Main_SoChannel","pi_BCG_att123","239135f6-152c-4f94-81d1-cd9e7bfc2106",21.0144927536232,3,"≥ 45 (40-50)",">=",40,50,TRUE,"percent (0-100) individuals - BCG Attribute I + II + III","Rule0",NA,NA,NA,NA,NA,"Main_SoChannel","Main_SoChannel",0,"Main_SoChannel_L3_Rule0_pi_BCG_att123"
"LBR_Fish_BCG_v1","Main_SoChannel","pi_BCG_att123","239135f6-152c-4f94-81d1-cd9e7bfc2106",21.0144927536232,2,"≥ 55 (50-60)",">=",50,60,TRUE,"percent (0-100) individuals - BCG Attribute I + II + III","Rule0",NA,NA,NA,NA,NA,"Main_SoChannel","Main_SoChannel",0,"Main_SoChannel_L2_Rule0_pi_BCG_att123"
"LBR_Fish_BCG_v1","Main_SoChannel","pi_BCG_att123","239135f6-152c-4f94-81d1-cd9e7bfc2106",21.0144927536232,5,"> 7 (5-10)",">",5,10,TRUE,"percent (0-100) individuals - BCG Attribute I + II + III","Rule0",NA,NA,NA,NA,NA,"Main_SoChannel","Main_SoChannel",1,"Main_SoChannel_L5_Rule0_pi_BCG_att123"
"LBR_Fish_BCG_v1","Main_SoChannel","pi_BCG_att123","239135f6-152c-4f94-81d1-cd9e7bfc2106",21.0144927536232,4,"≥ 20 (15-25)",">=",15,25,TRUE,"percent (0-100) individuals - BCG Attribute I + II + III","Rule0",NA,NA,NA,NA,NA,"Main_SoChannel","Main_SoChannel",0.601449275362319,"Main_SoChannel_L4_Rule0_pi_BCG_att123"
"LBR_Fish_BCG_v1","Main_SoChannel","pi_BCG_att123","BRSouthChan2005",85.7808857808858,3,"≥ 45 (40-50)",">=",40,50,TRUE,"percent (0-100) individuals - BCG Attribute I + II + III","Rule0",NA,NA,NA,NA,NA,"Main_SoChannel","Main_SoChannel",1,"Main_SoChannel_L3_Rule0_pi_BCG_att123"
"LBR_Fish_BCG_v1","Main_SoChannel","pi_BCG_att123","BRSouthChan2005",85.7808857808858,2,"≥ 55 (50-60)",">=",50,60,TRUE,"percent (0-100) individuals - BCG Attribute I + II + III","Rule0",NA,NA,NA,NA,NA,"Main_SoChannel","Main_SoChannel",1,"Main_SoChannel_L2_Rule0_pi_BCG_att123"
"LBR_Fish_BCG_v1","Main_SoChannel","pi_BCG_att123","BRSouthChan2005",85.7808857808858,5,"> 7 (5-10)",">",5,10,TRUE,"percent (0-100) individuals - BCG Attribute I + II + III","Rule0",NA,NA,NA,NA,NA,"Main_SoChannel","Main_SoChannel",1,"Main_SoChannel_L5_Rule0_pi_BCG_att123"
"LBR_Fish_BCG_v1","Main_SoChannel","pi_BCG_att123","BRSouthChan2005",85.7808857808858,4,"≥ 20 (15-25)",">=",15,25,TRUE,"percent (0-100) individuals - BCG Attribute I + II + III","Rule0",NA,NA,NA,NA,NA,"Main_SoChannel","Main_SoChannel",1,"Main_SoChannel_L4_Rule0_pi_BCG_att123"
"LBR_Fish_BCG_v1","Main_SoChannel","pi_BCG_att123","46a1e042-6cfe-4e7a-ad1a-e284feef8c33",92.8571428571429,3,"≥ 45 (40-50)",">=",40,50,TRUE,"percent (0-100) individuals - BCG Attribute I + II + III","Rule0",NA,NA,NA,NA,NA,"Main_SoChannel","Main_SoChannel",1,"Main_SoChannel_L3_Rule0_pi_BCG_att123"
"LBR_Fish_BCG_v1","Main_SoChannel","pi_BCG_att123","46a1e042-6cfe-4e7a-ad1a-e284feef8c33",92.8571428571429,2,"≥ 55 (50-60)",">=",50,60,TRUE,"percent (0-100) individuals - BCG Attribute I + II + III","Rule0",NA,NA,NA,NA,NA,"Main_SoChannel","Main_SoChannel",1,"Main_SoChannel_L2_Rule0_pi_BCG_att123"
"LBR_Fish_BCG_v1","Main_SoChannel","pi_BCG_att123","46a1e042-6cfe-4e7a-ad1a-e284feef8c33",92.8571428571429,5,"> 7 (5-10)",">",5,10,TRUE,"percent (0-100) individuals - BCG Attribute I + II + III","Rule0",NA,NA,NA,NA,NA,"Main_SoChannel","Main_SoChannel",1,"Main_SoChannel_L5_Rule0_pi_BCG_att123"
"LBR_Fish_BCG_v1","Main_SoChannel","pi_BCG_att123","46a1e042-6cfe-4e7a-ad1a-e284feef8c33",92.8571428571429,4,"≥ 20 (15-25)",">=",15,25,TRUE,"percent (0-100) individuals - BCG Attribute I + II + III","Rule0",NA,NA,NA,NA,NA,"Main_SoChannel","Main_SoChannel",1,"Main_SoChannel_L4_Rule0_pi_BCG_att123"
"LBR_Fish_BCG_v1","Main_SoChannel","pi_BCG_att123","f9c06310-4a52-4d24-b9cf-e57497da794f",67.3684210526316,3,"≥ 45 (40-50)",">=",40,50,TRUE,"percent (0-100) individuals - BCG Attribute I + II + III","Rule0",NA,NA,NA,NA,NA,"Main_SoChannel","Main_SoChannel",1,"Main_SoChannel_L3_Rule0_pi_BCG_att123"
"LBR_Fish_BCG_v1","Main_SoChannel","pi_BCG_att123","f9c06310-4a52-4d24-b9cf-e57497da794f",67.3684210526316,2,"≥ 55 (50-60)",">=",50,60,TRUE,"percent (0-100) individuals - BCG Attribute I + II + III","Rule0",NA,NA,NA,NA,NA,"Main_SoChannel","Main_SoChannel",1,"Main_SoChannel_L2_Rule0_pi_BCG_att123"
"LBR_Fish_BCG_v1","Main_SoChannel","pi_BCG_att123","f9c06310-4a52-4d24-b9cf-e57497da794f",67.3684210526316,5,"> 7 (5-10)",">",5,10,TRUE,"percent (0-100) individuals - BCG Attribute I + II + III","Rule0",NA,NA,NA,NA,NA,"Main_SoChannel","Main_SoChannel",1,"Main_SoChannel_L5_Rule0_pi_BCG_att123"
"LBR_Fish_BCG_v1","Main_SoChannel","pi_BCG_att123","f9c06310-4a52-4d24-b9cf-e57497da794f",67.3684210526316,4,"≥ 20 (15-25)",">=",15,25,TRUE,"percent (0-100) individuals - BCG Attribute I + II + III","Rule0",NA,NA,NA,NA,NA,"Main_SoChannel","Main_SoChannel",1,"Main_SoChannel_L4_Rule0_pi_BCG_att123"
"LBR_Fish_BCG_v1","Main_SoChannel","pi_Cott","BRSouthChan1996",0,2,"≥ 3 (1-5)",">=",1,5,TRUE,"percent (0-100) individuals - Family COTTIDAE","Rule0",NA,NA,NA,NA,NA,"Main_SoChannel","Main_SoChannel",0,"Main_SoChannel_L2_Rule0_pi_Cott"
"LBR_Fish_BCG_v1","Main_SoChannel","pi_Cott","BRSouthChan1996",0,3,"> 0 (0-1)",">",0,1,TRUE,"percent (0-100) individuals - Family COTTIDAE","Rule0",NA,NA,NA,NA,NA,"Main_SoChannel","Main_SoChannel",0,"Main_SoChannel_L3_Rule0_pi_Cott"
"LBR_Fish_BCG_v1","Main_SoChannel","pi_Cott","BRupstWB2017",8.92857142857143,2,"≥ 3 (1-5)",">=",1,5,TRUE,"percent (0-100) individuals - Family COTTIDAE","Rule0",NA,NA,NA,NA,NA,"Main_SoChannel","Main_SoChannel",1,"Main_SoChannel_L2_Rule0_pi_Cott"
"LBR_Fish_BCG_v1","Main_SoChannel","pi_Cott","BRupstWB2017",8.92857142857143,3,"> 0 (0-1)",">",0,1,TRUE,"percent (0-100) individuals - Family COTTIDAE","Rule0",NA,NA,NA,NA,NA,"Main_SoChannel","Main_SoChannel",1,"Main_SoChannel_L3_Rule0_pi_Cott"
"LBR_Fish_BCG_v1","Main_SoChannel","pi_Cott","BRupstWB1995",0,2,"≥ 3 (1-5)",">=",1,5,TRUE,"percent (0-100) individuals - Family COTTIDAE","Rule0",NA,NA,NA,NA,NA,"Main_SoChannel","Main_SoChannel",0,"Main_SoChannel_L2_Rule0_pi_Cott"
"LBR_Fish_BCG_v1","Main_SoChannel","pi_Cott","BRupstWB1995",0,3,"> 0 (0-1)",">",0,1,TRUE,"percent (0-100) individuals - Family COTTIDAE","Rule0",NA,NA,NA,NA,NA,"Main_SoChannel","Main_SoChannel",0,"Main_SoChannel_L3_Rule0_pi_Cott"
"LBR_Fish_BCG_v1","Main_SoChannel","pi_Cott","239135f6-152c-4f94-81d1-cd9e7bfc2106",8.69565217391304,2,"≥ 3 (1-5)",">=",1,5,TRUE,"percent (0-100) individuals - Family COTTIDAE","Rule0",NA,NA,NA,NA,NA,"Main_SoChannel","Main_SoChannel",1,"Main_SoChannel_L2_Rule0_pi_Cott"
"LBR_Fish_BCG_v1","Main_SoChannel","pi_Cott","239135f6-152c-4f94-81d1-cd9e7bfc2106",8.69565217391304,3,"> 0 (0-1)",">",0,1,TRUE,"percent (0-100) individuals - Family COTTIDAE","Rule0",NA,NA,NA,NA,NA,"Main_SoChannel","Main_SoChannel",1,"Main_SoChannel_L3_Rule0_pi_Cott"
"LBR_Fish_BCG_v1","Main_SoChannel","pi_Cott","BRSouthChan2017",23.3009708737864,2,"≥ 3 (1-5)",">=",1,5,TRUE,"percent (0-100) individuals - Family COTTIDAE","Rule0",NA,NA,NA,NA,NA,"Main_SoChannel","Main_SoChannel",1,"Main_SoChannel_L2_Rule0_pi_Cott"
"LBR_Fish_BCG_v1","Main_SoChannel","pi_Cott","BRSouthChan2017",23.3009708737864,3,"> 0 (0-1)",">",0,1,TRUE,"percent (0-100) individuals - Family COTTIDAE","Rule0",NA,NA,NA,NA,NA,"Main_SoChannel","Main_SoChannel",1,"Main_SoChannel_L3_Rule0_pi_Cott"
"LBR_Fish_BCG_v1","Main_SoChannel","pi_Cott","BRupstWB2003",0,2,"≥ 3 (1-5)",">=",1,5,TRUE,"percent (0-100) individuals - Family COTTIDAE","Rule0",NA,NA,NA,NA,NA,"Main_SoChannel","Main_SoChannel",0,"Main_SoChannel_L2_Rule0_pi_Cott"
"LBR_Fish_BCG_v1","Main_SoChannel","pi_Cott","BRupstWB2003",0,3,"> 0 (0-1)",">",0,1,TRUE,"percent (0-100) individuals - Family COTTIDAE","Rule0",NA,NA,NA,NA,NA,"Main_SoChannel","Main_SoChannel",0,"Main_SoChannel_L3_Rule0_pi_Cott"
"LBR_Fish_BCG_v1","Main_SoChannel","pi_Cott","BRSouthChan2005",0.233100233100233,2,"≥ 3 (1-5)",">=",1,5,TRUE,"percent (0-100) individuals - Family COTTIDAE","Rule0",NA,NA,NA,NA,NA,"Main_SoChannel","Main_SoChannel",0,"Main_SoChannel_L2_Rule0_pi_Cott"
"LBR_Fish_BCG_v1","Main_SoChannel","pi_Cott","BRSouthChan2005",0.233100233100233,3,"> 0 (0-1)",">",0,1,TRUE,"percent (0-100) individuals - Family COTTIDAE","Rule0",NA,NA,NA,NA,NA,"Main_SoChannel","Main_SoChannel",0.233100233100233,"Main_SoChannel_L3_Rule0_pi_Cott"
"LBR_Fish_BCG_v1","Main_SoChannel","pi_Cott","BRSouthChan1995",0,2,"≥ 3 (1-5)",">=",1,5,TRUE,"percent (0-100) individuals - Family COTTIDAE","Rule0",NA,NA,NA,NA,NA,"Main_SoChannel","Main_SoChannel",0,"Main_SoChannel_L2_Rule0_pi_Cott"
"LBR_Fish_BCG_v1","Main_SoChannel","pi_Cott","BRSouthChan1995",0,3,"> 0 (0-1)",">",0,1,TRUE,"percent (0-100) individuals - Family COTTIDAE","Rule0",NA,NA,NA,NA,NA,"Main_SoChannel","Main_SoChannel",0,"Main_SoChannel_L3_Rule0_pi_Cott"
"LBR_Fish_BCG_v1","Main_SoChannel","pi_Cott","46a1e042-6cfe-4e7a-ad1a-e284feef8c33",1.78571428571429,2,"≥ 3 (1-5)",">=",1,5,TRUE,"percent (0-100) individuals - Family COTTIDAE","Rule0",NA,NA,NA,NA,NA,"Main_SoChannel","Main_SoChannel",0.196428571428571,"Main_SoChannel_L2_Rule0_pi_Cott"
"LBR_Fish_BCG_v1","Main_SoChannel","pi_Cott","46a1e042-6cfe-4e7a-ad1a-e284feef8c33",1.78571428571429,3,"> 0 (0-1)",">",0,1,TRUE,"percent (0-100) individuals - Family COTTIDAE","Rule0",NA,NA,NA,NA,NA,"Main_SoChannel","Main_SoChannel",1,"Main_SoChannel_L3_Rule0_pi_Cott"
"LBR_Fish_BCG_v1","Main_SoChannel","pi_Cott","eda15134-49a2-4d77-9191-ebd1876acccd",25,2,"≥ 3 (1-5)",">=",1,5,TRUE,"percent (0-100) individuals - Family COTTIDAE","Rule0",NA,NA,NA,NA,NA,"Main_SoChannel","Main_SoChannel",1,"Main_SoChannel_L2_Rule0_pi_Cott"
"LBR_Fish_BCG_v1","Main_SoChannel","pi_Cott","eda15134-49a2-4d77-9191-ebd1876acccd",25,3,"> 0 (0-1)",">",0,1,TRUE,"percent (0-100) individuals - Family COTTIDAE","Rule0",NA,NA,NA,NA,NA,"Main_SoChannel","Main_SoChannel",1,"Main_SoChannel_L3_Rule0_pi_Cott"
"LBR_Fish_BCG_v1","Main_SoChannel","pi_Cott","e081294e-0e46-4b4d-becb-8db4910fab7e",7.14285714285714,2,"≥ 3 (1-5)",">=",1,5,TRUE,"percent (0-100) individuals - Family COTTIDAE","Rule0",NA,NA,NA,NA,NA,"Main_SoChannel","Main_SoChannel",1,"Main_SoChannel_L2_Rule0_pi_Cott"
"LBR_Fish_BCG_v1","Main_SoChannel","pi_Cott","e081294e-0e46-4b4d-becb-8db4910fab7e",7.14285714285714,3,"> 0 (0-1)",">",0,1,TRUE,"percent (0-100) individuals - Family COTTIDAE","Rule0",NA,NA,NA,NA,NA,"Main_SoChannel","Main_SoChannel",1,"Main_SoChannel_L3_Rule0_pi_Cott"
"LBR_Fish_BCG_v1","Main_SoChannel","pi_Cott","BRupstWB1996",0,2,"≥ 3 (1-5)",">=",1,5,TRUE,"percent (0-100) individuals - Family COTTIDAE","Rule0",NA,NA,NA,NA,NA,"Main_SoChannel","Main_SoChannel",0,"Main_SoChannel_L2_Rule0_pi_Cott"
"LBR_Fish_BCG_v1","Main_SoChannel","pi_Cott","BRupstWB1996",0,3,"> 0 (0-1)",">",0,1,TRUE,"percent (0-100) individuals - Family COTTIDAE","Rule0",NA,NA,NA,NA,NA,"Main_SoChannel","Main_SoChannel",0,"Main_SoChannel_L3_Rule0_pi_Cott"
"LBR_Fish_BCG_v1","Main_SoChannel","pi_Cott","f9c06310-4a52-4d24-b9cf-e57497da794f",6.31578947368421,2,"≥ 3 (1-5)",">=",1,5,TRUE,"percent (0-100) individuals - Family COTTIDAE","Rule0",NA,NA,NA,NA,NA,"Main_SoChannel","Main_SoChannel",1,"Main_SoChannel_L2_Rule0_pi_Cott"
"LBR_Fish_BCG_v1","Main_SoChannel","pi_Cott","f9c06310-4a52-4d24-b9cf-e57497da794f",6.31578947368421,3,"> 0 (0-1)",">",0,1,TRUE,"percent (0-100) individuals - Family COTTIDAE","Rule0",NA,NA,NA,NA,NA,"Main_SoChannel","Main_SoChannel",1,"Main_SoChannel_L3_Rule0_pi_Cott"
"LBR_Fish_BCG_v1","Main_SoChannel","pi_Cott","BRSouthChan2003",0,2,"≥ 3 (1-5)",">=",1,5,TRUE,"percent (0-100) individuals - Family COTTIDAE","Rule0",NA,NA,NA,NA,NA,"Main_SoChannel","Main_SoChannel",0,"Main_SoChannel_L2_Rule0_pi_Cott"
"LBR_Fish_BCG_v1","Main_SoChannel","pi_Cott","BRSouthChan2003",0,3,"> 0 (0-1)",">",0,1,TRUE,"percent (0-100) individuals - Family COTTIDAE","Rule0",NA,NA,NA,NA,NA,"Main_SoChannel","Main_SoChannel",0,"Main_SoChannel_L3_Rule0_pi_Cott"
"LBR_Fish_BCG_v1","Main_SoChannel","pi_nonnative","BRSouthChan2005",5.82750582750583,4,"≤ 15 (10-20)","<=",10,20,FALSE,"percent (0-100) individuals - non-native","Rule0",NA,NA,NA,NA,NA,"Main_SoChannel","Main_SoChannel",1,"Main_SoChannel_L4_Rule0_pi_nonnative"
"LBR_Fish_BCG_v1","Main_SoChannel","pi_nonnative","BRSouthChan2005",5.82750582750583,2,"< 0 (0-0.1)","<",0,0.1,FALSE,"percent (0-100) individuals - non-native","Rule0",NA,NA,NA,NA,NA,"Main_SoChannel","Main_SoChannel",0,"Main_SoChannel_L2_Rule0_pi_nonnative"
"LBR_Fish_BCG_v1","Main_SoChannel","pi_nonnative","BRSouthChan2005",5.82750582750583,5,"≥ 25 (20-30)","<=",20,30,FALSE,"percent (0-100) individuals - non-native","Rule0",NA,NA,NA,NA,NA,"Main_SoChannel","Main_SoChannel",1,"Main_SoChannel_L5_Rule0_pi_nonnative"
"LBR_Fish_BCG_v1","Main_SoChannel","pi_nonnative","BRSouthChan2005",5.82750582750583,3,"< 5 (1-10)","<",1,10,FALSE,"percent (0-100) individuals - non-native","Rule0",NA,NA,NA,NA,NA,"Main_SoChannel","Main_SoChannel",0.463610463610464,"Main_SoChannel_L3_Rule0_pi_nonnative"
"LBR_Fish_BCG_v1","Main_SoChannel","pi_nonnative","BRSouthChan2003",3.07692307692308,4,"≤ 15 (10-20)","<=",10,20,FALSE,"percent (0-100) individuals - non-native","Rule0",NA,NA,NA,NA,NA,"Main_SoChannel","Main_SoChannel",1,"Main_SoChannel_L4_Rule0_pi_nonnative"
"LBR_Fish_BCG_v1","Main_SoChannel","pi_nonnative","BRSouthChan2003",3.07692307692308,2,"< 0 (0-0.1)","<",0,0.1,FALSE,"percent (0-100) individuals - non-native","Rule0",NA,NA,NA,NA,NA,"Main_SoChannel","Main_SoChannel",0,"Main_SoChannel_L2_Rule0_pi_nonnative"
"LBR_Fish_BCG_v1","Main_SoChannel","pi_nonnative","BRSouthChan2003",3.07692307692308,5,"≥ 25 (20-30)","<=",20,30,FALSE,"percent (0-100) individuals - non-native","Rule0",NA,NA,NA,NA,NA,"Main_SoChannel","Main_SoChannel",1,"Main_SoChannel_L5_Rule0_pi_nonnative"
"LBR_Fish_BCG_v1","Main_SoChannel","pi_nonnative","BRSouthChan2003",3.07692307692308,3,"< 5 (1-10)","<",1,10,FALSE,"percent (0-100) individuals - non-native","Rule0",NA,NA,NA,NA,NA,"Main_SoChannel","Main_SoChannel",0.769230769230769,"Main_SoChannel_L3_Rule0_pi_nonnative"
"LBR_Fish_BCG_v1","Main_SoChannel","pi_nonnative","BRupstWB2017",3.57142857142857,4,"≤ 15 (10-20)","<=",10,20,FALSE,"percent (0-100) individuals - non-native","Rule0",NA,NA,NA,NA,NA,"Main_SoChannel","Main_SoChannel",1,"Main_SoChannel_L4_Rule0_pi_nonnative"
"LBR_Fish_BCG_v1","Main_SoChannel","pi_nonnative","BRupstWB2017",3.57142857142857,2,"< 0 (0-0.1)","<",0,0.1,FALSE,"percent (0-100) individuals - non-native","Rule0",NA,NA,NA,NA,NA,"Main_SoChannel","Main_SoChannel",0,"Main_SoChannel_L2_Rule0_pi_nonnative"
"LBR_Fish_BCG_v1","Main_SoChannel","pi_nonnative","BRupstWB2017",3.57142857142857,5,"≥ 25 (20-30)","<=",20,30,FALSE,"percent (0-100) individuals - non-native","Rule0",NA,NA,NA,NA,NA,"Main_SoChannel","Main_SoChannel",1,"Main_SoChannel_L5_Rule0_pi_nonnative"
"LBR_Fish_BCG_v1","Main_SoChannel","pi_nonnative","BRupstWB2017",3.57142857142857,3,"< 5 (1-10)","<",1,10,FALSE,"percent (0-100) individuals - non-native","Rule0",NA,NA,NA,NA,NA,"Main_SoChannel","Main_SoChannel",0.714285714285714,"Main_SoChannel_L3_Rule0_pi_nonnative"
"LBR_Fish_BCG_v1","Main_SoChannel","pi_nonnative","BRSouthChan1995",0,4,"≤ 15 (10-20)","<=",10,20,FALSE,"percent (0-100) individuals - non-native","Rule0",NA,NA,NA,NA,NA,"Main_SoChannel","Main_SoChannel",1,"Main_SoChannel_L4_Rule0_pi_nonnative"
"LBR_Fish_BCG_v1","Main_SoChannel","pi_nonnative","BRSouthChan1995",0,2,"< 0 (0-0.1)","<",0,0.1,FALSE,"percent (0-100) individuals - non-native","Rule0",NA,NA,NA,NA,NA,"Main_SoChannel","Main_SoChannel",1,"Main_SoChannel_L2_Rule0_pi_nonnative"
"LBR_Fish_BCG_v1","Main_SoChannel","pi_nonnative","BRSouthChan1995",0,5,"≥ 25 (20-30)","<=",20,30,FALSE,"percent (0-100) individuals - non-native","Rule0",NA,NA,NA,NA,NA,"Main_SoChannel","Main_SoChannel",1,"Main_SoChannel_L5_Rule0_pi_nonnative"
"LBR_Fish_BCG_v1","Main_SoChannel","pi_nonnative","BRSouthChan1995",0,3,"< 5 (1-10)","<",1,10,FALSE,"percent (0-100) individuals - non-native","Rule0",NA,NA,NA,NA,NA,"Main_SoChannel","Main_SoChannel",1,"Main_SoChannel_L3_Rule0_pi_nonnative"
"LBR_Fish_BCG_v1","Main_SoChannel","pi_nonnative","BRupstWB1995",3.01204819277108,4,"≤ 15 (10-20)","<=",10,20,FALSE,"percent (0-100) individuals - non-native","Rule0",NA,NA,NA,NA,NA,"Main_SoChannel","Main_SoChannel",1,"Main_SoChannel_L4_Rule0_pi_nonnative"
"LBR_Fish_BCG_v1","Main_SoChannel","pi_nonnative","BRupstWB1995",3.01204819277108,2,"< 0 (0-0.1)","<",0,0.1,FALSE,"percent (0-100) individuals - non-native","Rule0",NA,NA,NA,NA,NA,"Main_SoChannel","Main_SoChannel",0,"Main_SoChannel_L2_Rule0_pi_nonnative"
"LBR_Fish_BCG_v1","Main_SoChannel","pi_nonnative","BRupstWB1995",3.01204819277108,5,"≥ 25 (20-30)","<=",20,30,FALSE,"percent (0-100) individuals - non-native","Rule0",NA,NA,NA,NA,NA,"Main_SoChannel","Main_SoChannel",1,"Main_SoChannel_L5_Rule0_pi_nonnative"
"LBR_Fish_BCG_v1","Main_SoChannel","pi_nonnative","BRupstWB1995",3.01204819277108,3,"< 5 (1-10)","<",1,10,FALSE,"percent (0-100) individuals - non-native","Rule0",NA,NA,NA,NA,NA,"Main_SoChannel","Main_SoChannel",0.776439089692102,"Main_SoChannel_L3_Rule0_pi_nonnative"
"LBR_Fish_BCG_v1","Main_SoChannel","pi_nonnative","e081294e-0e46-4b4d-becb-8db4910fab7e",4.28571428571429,4,"≤ 15 (10-20)","<=",10,20,FALSE,"percent (0-100) individuals - non-native","Rule0",NA,NA,NA,NA,NA,"Main_SoChannel","Main_SoChannel",1,"Main_SoChannel_L4_Rule0_pi_nonnative"
"LBR_Fish_BCG_v1","Main_SoChannel","pi_nonnative","e081294e-0e46-4b4d-becb-8db4910fab7e",4.28571428571429,2,"< 0 (0-0.1)","<",0,0.1,FALSE,"percent (0-100) individuals - non-native","Rule0",NA,NA,NA,NA,NA,"Main_SoChannel","Main_SoChannel",0,"Main_SoChannel_L2_Rule0_pi_nonnative"
"LBR_Fish_BCG_v1","Main_SoChannel","pi_nonnative","e081294e-0e46-4b4d-becb-8db4910fab7e",4.28571428571429,5,"≥ 25 (20-30)","<=",20,30,FALSE,"percent (0-100) individuals - non-native","Rule0",NA,NA,NA,NA,NA,"Main_SoChannel","Main_SoChannel",1,"Main_SoChannel_L5_Rule0_pi_nonnative"
"LBR_Fish_BCG_v1","Main_SoChannel","pi_nonnative","e081294e-0e46-4b4d-becb-8db4910fab7e",4.28571428571429,3,"< 5 (1-10)","<",1,10,FALSE,"percent (0-100) individuals - non-native","Rule0",NA,NA,NA,NA,NA,"Main_SoChannel","Main_SoChannel",0.634920634920635,"Main_SoChannel_L3_Rule0_pi_nonnative"
"LBR_Fish_BCG_v1","Main_SoChannel","pi_nonnative","239135f6-152c-4f94-81d1-cd9e7bfc2106",0.72463768115942,4,"≤ 15 (10-20)","<=",10,20,FALSE,"percent (0-100) individuals - non-native","Rule0",NA,NA,NA,NA,NA,"Main_SoChannel","Main_SoChannel",1,"Main_SoChannel_L4_Rule0_pi_nonnative"
"LBR_Fish_BCG_v1","Main_SoChannel","pi_nonnative","239135f6-152c-4f94-81d1-cd9e7bfc2106",0.72463768115942,2,"< 0 (0-0.1)","<",0,0.1,FALSE,"percent (0-100) individuals - non-native","Rule0",NA,NA,NA,NA,NA,"Main_SoChannel","Main_SoChannel",0,"Main_SoChannel_L2_Rule0_pi_nonnative"
"LBR_Fish_BCG_v1","Main_SoChannel","pi_nonnative","239135f6-152c-4f94-81d1-cd9e7bfc2106",0.72463768115942,5,"≥ 25 (20-30)","<=",20,30,FALSE,"percent (0-100) individuals - non-native","Rule0",NA,NA,NA,NA,NA,"Main_SoChannel","Main_SoChannel",1,"Main_SoChannel_L5_Rule0_pi_nonnative"
"LBR_Fish_BCG_v1","Main_SoChannel","pi_nonnative","239135f6-152c-4f94-81d1-cd9e7bfc2106",0.72463768115942,3,"< 5 (1-10)","<",1,10,FALSE,"percent (0-100) individuals - non-native","Rule0",NA,NA,NA,NA,NA,"Main_SoChannel","Main_SoChannel",1,"Main_SoChannel_L3_Rule0_pi_nonnative"
"LBR_Fish_BCG_v1","Main_SoChannel","pi_nonnative","BRSouthChan2017",4.85436893203883,4,"≤ 15 (10-20)","<=",10,20,FALSE,"percent (0-100) individuals - non-native","Rule0",NA,NA,NA,NA,NA,"Main_SoChannel","Main_SoChannel",1,"Main_SoChannel_L4_Rule0_pi_nonnative"
"LBR_Fish_BCG_v1","Main_SoChannel","pi_nonnative","BRSouthChan2017",4.85436893203883,2,"< 0 (0-0.1)","<",0,0.1,FALSE,"percent (0-100) individuals - non-native","Rule0",NA,NA,NA,NA,NA,"Main_SoChannel","Main_SoChannel",0,"Main_SoChannel_L2_Rule0_pi_nonnative"
"LBR_Fish_BCG_v1","Main_SoChannel","pi_nonnative","BRSouthChan2017",4.85436893203883,5,"≥ 25 (20-30)","<=",20,30,FALSE,"percent (0-100) individuals - non-native","Rule0",NA,NA,NA,NA,NA,"Main_SoChannel","Main_SoChannel",1,"Main_SoChannel_L5_Rule0_pi_nonnative"
"LBR_Fish_BCG_v1","Main_SoChannel","pi_nonnative","BRSouthChan2017",4.85436893203883,3,"< 5 (1-10)","<",1,10,FALSE,"percent (0-100) individuals - non-native","Rule0",NA,NA,NA,NA,NA,"Main_SoChannel","Main_SoChannel",0.571736785329018,"Main_SoChannel_L3_Rule0_pi_nonnative"
"LBR_Fish_BCG_v1","Main_SoChannel","pi_nonnative","BRSouthChan1996",2.32558139534884,4,"≤ 15 (10-20)","<=",10,20,FALSE,"percent (0-100) individuals - non-native","Rule0",NA,NA,NA,NA,NA,"Main_SoChannel","Main_SoChannel",1,"Main_SoChannel_L4_Rule0_pi_nonnative"
"LBR_Fish_BCG_v1","Main_SoChannel","pi_nonnative","BRSouthChan1996",2.32558139534884,2,"< 0 (0-0.1)","<",0,0.1,FALSE,"percent (0-100) individuals - non-native","Rule0",NA,NA,NA,NA,NA,"Main_SoChannel","Main_SoChannel",0,"Main_SoChannel_L2_Rule0_pi_nonnative"
"LBR_Fish_BCG_v1","Main_SoChannel","pi_nonnative","BRSouthChan1996",2.32558139534884,5,"≥ 25 (20-30)","<=",20,30,FALSE,"percent (0-100) individuals - non-native","Rule0",NA,NA,NA,NA,NA,"Main_SoChannel","Main_SoChannel",1,"Main_SoChannel_L5_Rule0_pi_nonnative"
"LBR_Fish_BCG_v1","Main_SoChannel","pi_nonnative","BRSouthChan1996",2.32558139534884,3,"< 5 (1-10)","<",1,10,FALSE,"percent (0-100) individuals - non-native","Rule0",NA,NA,NA,NA,NA,"Main_SoChannel","Main_SoChannel",0.852713178294574,"Main_SoChannel_L3_Rule0_pi_nonnative"
"LBR_Fish_BCG_v1","Main_SoChannel","pi_nonnative","BRupstWB1996",9.21501706484642,4,"≤ 15 (10-20)","<=",10,20,FALSE,"percent (0-100) individuals - non-native","Rule0",NA,NA,NA,NA,NA,"Main_SoChannel","Main_SoChannel",1,"Main_SoChannel_L4_Rule0_pi_nonnative"
"LBR_Fish_BCG_v1","Main_SoChannel","pi_nonnative","BRupstWB1996",9.21501706484642,2,"< 0 (0-0.1)","<",0,0.1,FALSE,"percent (0-100) individuals - non-native","Rule0",NA,NA,NA,NA,NA,"Main_SoChannel","Main_SoChannel",0,"Main_SoChannel_L2_Rule0_pi_nonnative"
"LBR_Fish_BCG_v1","Main_SoChannel","pi_nonnative","BRupstWB1996",9.21501706484642,5,"≥ 25 (20-30)","<=",20,30,FALSE,"percent (0-100) individuals - non-native","Rule0",NA,NA,NA,NA,NA,"Main_SoChannel","Main_SoChannel",1,"Main_SoChannel_L5_Rule0_pi_nonnative"
"LBR_Fish_BCG_v1","Main_SoChannel","pi_nonnative","BRupstWB1996",9.21501706484642,3,"< 5 (1-10)","<",1,10,FALSE,"percent (0-100) individuals - non-native","Rule0",NA,NA,NA,NA,NA,"Main_SoChannel","Main_SoChannel",0.0872203261281761,"Main_SoChannel_L3_Rule0_pi_nonnative"
"LBR_Fish_BCG_v1","Main_SoChannel","pi_nonnative","BRupstWB2003",3.34346504559271,4,"≤ 15 (10-20)","<=",10,20,FALSE,"percent (0-100) individuals - non-native","Rule0",NA,NA,NA,NA,NA,"Main_SoChannel","Main_SoChannel",1,"Main_SoChannel_L4_Rule0_pi_nonnative"
"LBR_Fish_BCG_v1","Main_SoChannel","pi_nonnative","BRupstWB2003",3.34346504559271,2,"< 0 (0-0.1)","<",0,0.1,FALSE,"percent (0-100) individuals - non-native","Rule0",NA,NA,NA,NA,NA,"Main_SoChannel","Main_SoChannel",0,"Main_SoChannel_L2_Rule0_pi_nonnative"
"LBR_Fish_BCG_v1","Main_SoChannel","pi_nonnative","BRupstWB2003",3.34346504559271,5,"≥ 25 (20-30)","<=",20,30,FALSE,"percent (0-100) individuals - non-native","Rule0",NA,NA,NA,NA,NA,"Main_SoChannel","Main_SoChannel",1,"Main_SoChannel_L5_Rule0_pi_nonnative"
"LBR_Fish_BCG_v1","Main_SoChannel","pi_nonnative","BRupstWB2003",3.34346504559271,3,"< 5 (1-10)","<",1,10,FALSE,"percent (0-100) individuals - non-native","Rule0",NA,NA,NA,NA,NA,"Main_SoChannel","Main_SoChannel",0.739614994934144,"Main_SoChannel_L3_Rule0_pi_nonnative"
"LBR_Fish_BCG_v1","Main_SoChannel","pi_nonnative","46a1e042-6cfe-4e7a-ad1a-e284feef8c33",5.35714285714286,4,"≤ 15 (10-20)","<=",10,20,FALSE,"percent (0-100) individuals - non-native","Rule0",NA,NA,NA,NA,NA,"Main_SoChannel","Main_SoChannel",1,"Main_SoChannel_L4_Rule0_pi_nonnative"
"LBR_Fish_BCG_v1","Main_SoChannel","pi_nonnative","46a1e042-6cfe-4e7a-ad1a-e284feef8c33",5.35714285714286,2,"< 0 (0-0.1)","<",0,0.1,FALSE,"percent (0-100) individuals - non-native","Rule0",NA,NA,NA,NA,NA,"Main_SoChannel","Main_SoChannel",0,"Main_SoChannel_L2_Rule0_pi_nonnative"
"LBR_Fish_BCG_v1","Main_SoChannel","pi_nonnative","46a1e042-6cfe-4e7a-ad1a-e284feef8c33",5.35714285714286,5,"≥ 25 (20-30)","<=",20,30,FALSE,"percent (0-100) individuals - non-native","Rule0",NA,NA,NA,NA,NA,"Main_SoChannel","Main_SoChannel",1,"Main_SoChannel_L5_Rule0_pi_nonnative"
"LBR_Fish_BCG_v1","Main_SoChannel","pi_nonnative","46a1e042-6cfe-4e7a-ad1a-e284feef8c33",5.35714285714286,3,"< 5 (1-10)","<",1,10,FALSE,"percent (0-100) individuals - non-native","Rule0",NA,NA,NA,NA,NA,"Main_SoChannel","Main_SoChannel",0.515873015873016,"Main_SoChannel_L3_Rule0_pi_nonnative"
"LBR_Fish_BCG_v1","Main_SoChannel","pi_nonnative","f9c06310-4a52-4d24-b9cf-e57497da794f",5.26315789473684,4,"≤ 15 (10-20)","<=",10,20,FALSE,"percent (0-100) individuals - non-native","Rule0",NA,NA,NA,NA,NA,"Main_SoChannel","Main_SoChannel",1,"Main_SoChannel_L4_Rule0_pi_nonnative"
"LBR_Fish_BCG_v1","Main_SoChannel","pi_nonnative","f9c06310-4a52-4d24-b9cf-e57497da794f",5.26315789473684,2,"< 0 (0-0.1)","<",0,0.1,FALSE,"percent (0-100) individuals - non-native","Rule0",NA,NA,NA,NA,NA,"Main_SoChannel","Main_SoChannel",0,"Main_SoChannel_L2_Rule0_pi_nonnative"
"LBR_Fish_BCG_v1","Main_SoChannel","pi_nonnative","f9c06310-4a52-4d24-b9cf-e57497da794f",5.26315789473684,5,"≥ 25 (20-30)","<=",20,30,FALSE,"percent (0-100) individuals - non-native","Rule0",NA,NA,NA,NA,NA,"Main_SoChannel","Main_SoChannel",1,"Main_SoChannel_L5_Rule0_pi_nonnative"
"LBR_Fish_BCG_v1","Main_SoChannel","pi_nonnative","f9c06310-4a52-4d24-b9cf-e57497da794f",5.26315789473684,3,"< 5 (1-10)","<",1,10,FALSE,"percent (0-100) individuals - non-native","Rule0",NA,NA,NA,NA,NA,"Main_SoChannel","Main_SoChannel",0.526315789473684,"Main_SoChannel_L3_Rule0_pi_nonnative"
"LBR_Fish_BCG_v1","Main_SoChannel","pi_nonnative","eda15134-49a2-4d77-9191-ebd1876acccd",2.08333333333333,4,"≤ 15 (10-20)","<=",10,20,FALSE,"percent (0-100) individuals - non-native","Rule0",NA,NA,NA,NA,NA,"Main_SoChannel","Main_SoChannel",1,"Main_SoChannel_L4_Rule0_pi_nonnative"
"LBR_Fish_BCG_v1","Main_SoChannel","pi_nonnative","eda15134-49a2-4d77-9191-ebd1876acccd",2.08333333333333,2,"< 0 (0-0.1)","<",0,0.1,FALSE,"percent (0-100) individuals - non-native","Rule0",NA,NA,NA,NA,NA,"Main_SoChannel","Main_SoChannel",0,"Main_SoChannel_L2_Rule0_pi_nonnative"
"LBR_Fish_BCG_v1","Main_SoChannel","pi_nonnative","eda15134-49a2-4d77-9191-ebd1876acccd",2.08333333333333,5,"≥ 25 (20-30)","<=",20,30,FALSE,"percent (0-100) individuals - non-native","Rule0",NA,NA,NA,NA,NA,"Main_SoChannel","Main_SoChannel",1,"Main_SoChannel_L5_Rule0_pi_nonnative"
"LBR_Fish_BCG_v1","Main_SoChannel","pi_nonnative","eda15134-49a2-4d77-9191-ebd1876acccd",2.08333333333333,3,"< 5 (1-10)","<",1,10,FALSE,"percent (0-100) individuals - non-native","Rule0",NA,NA,NA,NA,NA,"Main_SoChannel","Main_SoChannel",0.87962962962963,"Main_SoChannel_L3_Rule0_pi_nonnative"
"LBR_Fish_BCG_v1","Main_SoChannel","pi_ti_cold","239135f6-152c-4f94-81d1-cd9e7bfc2106",21.7391304347826,2,"≥ 45 (40-50)",">=",40,50,TRUE,"percent (0-100) individuals - cold","Rule0",NA,NA,NA,NA,NA,"Main_SoChannel","Main_SoChannel",0,"Main_SoChannel_L2_Rule0_pi_ti_cold"
"LBR_Fish_BCG_v1","Main_SoChannel","pi_ti_cold","239135f6-152c-4f94-81d1-cd9e7bfc2106",21.7391304347826,4,"≥ 15 (10-20)",">=",10,20,TRUE,"percent (0-100) individuals - cold","Rule0",NA,NA,NA,NA,NA,"Main_SoChannel","Main_SoChannel",1,"Main_SoChannel_L4_Rule0_pi_ti_cold"
"LBR_Fish_BCG_v1","Main_SoChannel","pi_ti_cold","239135f6-152c-4f94-81d1-cd9e7bfc2106",21.7391304347826,3,"≥ 35 (30-40)",">=",30,40,TRUE,"percent (0-100) individuals - cold","Rule0",NA,NA,NA,NA,NA,"Main_SoChannel","Main_SoChannel",0,"Main_SoChannel_L3_Rule0_pi_ti_cold"
"LBR_Fish_BCG_v1","Main_SoChannel","pi_ti_cold","BRupstWB2003",87.6899696048632,2,"≥ 45 (40-50)",">=",40,50,TRUE,"percent (0-100) individuals - cold","Rule0",NA,NA,NA,NA,NA,"Main_SoChannel","Main_SoChannel",1,"Main_SoChannel_L2_Rule0_pi_ti_cold"
"LBR_Fish_BCG_v1","Main_SoChannel","pi_ti_cold","BRupstWB2003",87.6899696048632,4,"≥ 15 (10-20)",">=",10,20,TRUE,"percent (0-100) individuals - cold","Rule0",NA,NA,NA,NA,NA,"Main_SoChannel","Main_SoChannel",1,"Main_SoChannel_L4_Rule0_pi_ti_cold"
"LBR_Fish_BCG_v1","Main_SoChannel","pi_ti_cold","BRupstWB2003",87.6899696048632,3,"≥ 35 (30-40)",">=",30,40,TRUE,"percent (0-100) individuals - cold","Rule0",NA,NA,NA,NA,NA,"Main_SoChannel","Main_SoChannel",1,"Main_SoChannel_L3_Rule0_pi_ti_cold"
"LBR_Fish_BCG_v1","Main_SoChannel","pi_ti_cold","BRupstWB2017",57.1428571428571,2,"≥ 45 (40-50)",">=",40,50,TRUE,"percent (0-100) individuals - cold","Rule0",NA,NA,NA,NA,NA,"Main_SoChannel","Main_SoChannel",1,"Main_SoChannel_L2_Rule0_pi_ti_cold"
"LBR_Fish_BCG_v1","Main_SoChannel","pi_ti_cold","BRupstWB2017",57.1428571428571,4,"≥ 15 (10-20)",">=",10,20,TRUE,"percent (0-100) individuals - cold","Rule0",NA,NA,NA,NA,NA,"Main_SoChannel","Main_SoChannel",1,"Main_SoChannel_L4_Rule0_pi_ti_cold"
"LBR_Fish_BCG_v1","Main_SoChannel","pi_ti_cold","BRupstWB2017",57.1428571428571,3,"≥ 35 (30-40)",">=",30,40,TRUE,"percent (0-100) individuals - cold","Rule0",NA,NA,NA,NA,NA,"Main_SoChannel","Main_SoChannel",1,"Main_SoChannel_L3_Rule0_pi_ti_cold"
"LBR_Fish_BCG_v1","Main_SoChannel","pi_ti_cold","BRSouthChan2003",77.9487179487179,2,"≥ 45 (40-50)",">=",40,50,TRUE,"percent (0-100) individuals - cold","Rule0",NA,NA,NA,NA,NA,"Main_SoChannel","Main_SoChannel",1,"Main_SoChannel_L2_Rule0_pi_ti_cold"
"LBR_Fish_BCG_v1","Main_SoChannel","pi_ti_cold","BRSouthChan2003",77.9487179487179,4,"≥ 15 (10-20)",">=",10,20,TRUE,"percent (0-100) individuals - cold","Rule0",NA,NA,NA,NA,NA,"Main_SoChannel","Main_SoChannel",1,"Main_SoChannel_L4_Rule0_pi_ti_cold"
"LBR_Fish_BCG_v1","Main_SoChannel","pi_ti_cold","BRSouthChan2003",77.9487179487179,3,"≥ 35 (30-40)",">=",30,40,TRUE,"percent (0-100) individuals - cold","Rule0",NA,NA,NA,NA,NA,"Main_SoChannel","Main_SoChannel",1,"Main_SoChannel_L3_Rule0_pi_ti_cold"
"LBR_Fish_BCG_v1","Main_SoChannel","pi_ti_cold","BRupstWB1996",76.7918088737201,2,"≥ 45 (40-50)",">=",40,50,TRUE,"percent (0-100) individuals - cold","Rule0",NA,NA,NA,NA,NA,"Main_SoChannel","Main_SoChannel",1,"Main_SoChannel_L2_Rule0_pi_ti_cold"
"LBR_Fish_BCG_v1","Main_SoChannel","pi_ti_cold","BRupstWB1996",76.7918088737201,4,"≥ 15 (10-20)",">=",10,20,TRUE,"percent (0-100) individuals - cold","Rule0",NA,NA,NA,NA,NA,"Main_SoChannel","Main_SoChannel",1,"Main_SoChannel_L4_Rule0_pi_ti_cold"
"LBR_Fish_BCG_v1","Main_SoChannel","pi_ti_cold","BRupstWB1996",76.7918088737201,3,"≥ 35 (30-40)",">=",30,40,TRUE,"percent (0-100) individuals - cold","Rule0",NA,NA,NA,NA,NA,"Main_SoChannel","Main_SoChannel",1,"Main_SoChannel_L3_Rule0_pi_ti_cold"
"LBR_Fish_BCG_v1","Main_SoChannel","pi_ti_cold","eda15134-49a2-4d77-9191-ebd1876acccd",52.0833333333333,2,"≥ 45 (40-50)",">=",40,50,TRUE,"percent (0-100) individuals - cold","Rule0",NA,NA,NA,NA,NA,"Main_SoChannel","Main_SoChannel",1,"Main_SoChannel_L2_Rule0_pi_ti_cold"
"LBR_Fish_BCG_v1","Main_SoChannel","pi_ti_cold","eda15134-49a2-4d77-9191-ebd1876acccd",52.0833333333333,4,"≥ 15 (10-20)",">=",10,20,TRUE,"percent (0-100) individuals - cold","Rule0",NA,NA,NA,NA,NA,"Main_SoChannel","Main_SoChannel",1,"Main_SoChannel_L4_Rule0_pi_ti_cold"
"LBR_Fish_BCG_v1","Main_SoChannel","pi_ti_cold","eda15134-49a2-4d77-9191-ebd1876acccd",52.0833333333333,3,"≥ 35 (30-40)",">=",30,40,TRUE,"percent (0-100) individuals - cold","Rule0",NA,NA,NA,NA,NA,"Main_SoChannel","Main_SoChannel",1,"Main_SoChannel_L3_Rule0_pi_ti_cold"
"LBR_Fish_BCG_v1","Main_SoChannel","pi_ti_cold","BRSouthChan2005",89.7435897435897,2,"≥ 45 (40-50)",">=",40,50,TRUE,"percent (0-100) individuals - cold","Rule0",NA,NA,NA,NA,NA,"Main_SoChannel","Main_SoChannel",1,"Main_SoChannel_L2_Rule0_pi_ti_cold"
"LBR_Fish_BCG_v1","Main_SoChannel","pi_ti_cold","BRSouthChan2005",89.7435897435897,4,"≥ 15 (10-20)",">=",10,20,TRUE,"percent (0-100) individuals - cold","Rule0",NA,NA,NA,NA,NA,"Main_SoChannel","Main_SoChannel",1,"Main_SoChannel_L4_Rule0_pi_ti_cold"
"LBR_Fish_BCG_v1","Main_SoChannel","pi_ti_cold","BRSouthChan2005",89.7435897435897,3,"≥ 35 (30-40)",">=",30,40,TRUE,"percent (0-100) individuals - cold","Rule0",NA,NA,NA,NA,NA,"Main_SoChannel","Main_SoChannel",1,"Main_SoChannel_L3_Rule0_pi_ti_cold"
"LBR_Fish_BCG_v1","Main_SoChannel","pi_ti_cold","BRupstWB1995",95.1807228915663,2,"≥ 45 (40-50)",">=",40,50,TRUE,"percent (0-100) individuals - cold","Rule0",NA,NA,NA,NA,NA,"Main_SoChannel","Main_SoChannel",1,"Main_SoChannel_L2_Rule0_pi_ti_cold"
"LBR_Fish_BCG_v1","Main_SoChannel","pi_ti_cold","BRupstWB1995",95.1807228915663,4,"≥ 15 (10-20)",">=",10,20,TRUE,"percent (0-100) individuals - cold","Rule0",NA,NA,NA,NA,NA,"Main_SoChannel","Main_SoChannel",1,"Main_SoChannel_L4_Rule0_pi_ti_cold"
"LBR_Fish_BCG_v1","Main_SoChannel","pi_ti_cold","BRupstWB1995",95.1807228915663,3,"≥ 35 (30-40)",">=",30,40,TRUE,"percent (0-100) individuals - cold","Rule0",NA,NA,NA,NA,NA,"Main_SoChannel","Main_SoChannel",1,"Main_SoChannel_L3_Rule0_pi_ti_cold"
"LBR_Fish_BCG_v1","Main_SoChannel","pi_ti_cold","46a1e042-6cfe-4e7a-ad1a-e284feef8c33",98.2142857142857,2,"≥ 45 (40-50)",">=",40,50,TRUE,"percent (0-100) individuals - cold","Rule0",NA,NA,NA,NA,NA,"Main_SoChannel","Main_SoChannel",1,"Main_SoChannel_L2_Rule0_pi_ti_cold"
"LBR_Fish_BCG_v1","Main_SoChannel","pi_ti_cold","46a1e042-6cfe-4e7a-ad1a-e284feef8c33",98.2142857142857,4,"≥ 15 (10-20)",">=",10,20,TRUE,"percent (0-100) individuals - cold","Rule0",NA,NA,NA,NA,NA,"Main_SoChannel","Main_SoChannel",1,"Main_SoChannel_L4_Rule0_pi_ti_cold"
"LBR_Fish_BCG_v1","Main_SoChannel","pi_ti_cold","46a1e042-6cfe-4e7a-ad1a-e284feef8c33",98.2142857142857,3,"≥ 35 (30-40)",">=",30,40,TRUE,"percent (0-100) individuals - cold","Rule0",NA,NA,NA,NA,NA,"Main_SoChannel","Main_SoChannel",1,"Main_SoChannel_L3_Rule0_pi_ti_cold"
"LBR_Fish_BCG_v1","Main_SoChannel","pi_ti_cold","BRSouthChan2017",48.5436893203884,2,"≥ 45 (40-50)",">=",40,50,TRUE,"percent (0-100) individuals - cold","Rule0",NA,NA,NA,NA,NA,"Main_SoChannel","Main_SoChannel",0.854368932038835,"Main_SoChannel_L2_Rule0_pi_ti_cold"
"LBR_Fish_BCG_v1","Main_SoChannel","pi_ti_cold","BRSouthChan2017",48.5436893203884,4,"≥ 15 (10-20)",">=",10,20,TRUE,"percent (0-100) individuals - cold","Rule0",NA,NA,NA,NA,NA,"Main_SoChannel","Main_SoChannel",1,"Main_SoChannel_L4_Rule0_pi_ti_cold"
"LBR_Fish_BCG_v1","Main_SoChannel","pi_ti_cold","BRSouthChan2017",48.5436893203884,3,"≥ 35 (30-40)",">=",30,40,TRUE,"percent (0-100) individuals - cold","Rule0",NA,NA,NA,NA,NA,"Main_SoChannel","Main_SoChannel",1,"Main_SoChannel_L3_Rule0_pi_ti_cold"
"LBR_Fish_BCG_v1","Main_SoChannel","pi_ti_cold","BRSouthChan1995",44.6745562130178,2,"≥ 45 (40-50)",">=",40,50,TRUE,"percent (0-100) individuals - cold","Rule0",NA,NA,NA,NA,NA,"Main_SoChannel","Main_SoChannel",0.467455621301776,"Main_SoChannel_L2_Rule0_pi_ti_cold"
"LBR_Fish_BCG_v1","Main_SoChannel","pi_ti_cold","BRSouthChan1995",44.6745562130178,4,"≥ 15 (10-20)",">=",10,20,TRUE,"percent (0-100) individuals - cold","Rule0",NA,NA,NA,NA,NA,"Main_SoChannel","Main_SoChannel",1,"Main_SoChannel_L4_Rule0_pi_ti_cold"
"LBR_Fish_BCG_v1","Main_SoChannel","pi_ti_cold","BRSouthChan1995",44.6745562130178,3,"≥ 35 (30-40)",">=",30,40,TRUE,"percent (0-100) individuals - cold","Rule0",NA,NA,NA,NA,NA,"Main_SoChannel","Main_SoChannel",1,"Main_SoChannel_L3_Rule0_pi_ti_cold"
"LBR_Fish_BCG_v1","Main_SoChannel","pi_ti_cold","BRSouthChan1996",89.7009966777409,2,"≥ 45 (40-50)",">=",40,50,TRUE,"percent (0-100) individuals - cold","Rule0",NA,NA,NA,NA,NA,"Main_SoChannel","Main_SoChannel",1,"Main_SoChannel_L2_Rule0_pi_ti_cold"
"LBR_Fish_BCG_v1","Main_SoChannel","pi_ti_cold","BRSouthChan1996",89.7009966777409,4,"≥ 15 (10-20)",">=",10,20,TRUE,"percent (0-100) individuals - cold","Rule0",NA,NA,NA,NA,NA,"Main_SoChannel","Main_SoChannel",1,"Main_SoChannel_L4_Rule0_pi_ti_cold"
"LBR_Fish_BCG_v1","Main_SoChannel","pi_ti_cold","BRSouthChan1996",89.7009966777409,3,"≥ 35 (30-40)",">=",30,40,TRUE,"percent (0-100) individuals - cold","Rule0",NA,NA,NA,NA,NA,"Main_SoChannel","Main_SoChannel",1,"Main_SoChannel_L3_Rule0_pi_ti_cold"
"LBR_Fish_BCG_v1","Main_SoChannel","pi_ti_cold","e081294e-0e46-4b4d-becb-8db4910fab7e",40,2,"≥ 45 (40-50)",">=",40,50,TRUE,"percent (0-100) individuals - cold","Rule0",NA,NA,NA,NA,NA,"Main_SoChannel","Main_SoChannel",0,"Main_SoChannel_L2_Rule0_pi_ti_cold"
"LBR_Fish_BCG_v1","Main_SoChannel","pi_ti_cold","e081294e-0e46-4b4d-becb-8db4910fab7e",40,4,"≥ 15 (10-20)",">=",10,20,TRUE,"percent (0-100) individuals - cold","Rule0",NA,NA,NA,NA,NA,"Main_SoChannel","Main_SoChannel",1,"Main_SoChannel_L4_Rule0_pi_ti_cold"
"LBR_Fish_BCG_v1","Main_SoChannel","pi_ti_cold","e081294e-0e46-4b4d-becb-8db4910fab7e",40,3,"≥ 35 (30-40)",">=",30,40,TRUE,"percent (0-100) individuals - cold","Rule0",NA,NA,NA,NA,NA,"Main_SoChannel","Main_SoChannel",1,"Main_SoChannel_L3_Rule0_pi_ti_cold"
"LBR_Fish_BCG_v1","Main_SoChannel","pi_ti_cold","f9c06310-4a52-4d24-b9cf-e57497da794f",69.4736842105263,2,"≥ 45 (40-50)",">=",40,50,TRUE,"percent (0-100) individuals - cold","Rule0",NA,NA,NA,NA,NA,"Main_SoChannel","Main_SoChannel",1,"Main_SoChannel_L2_Rule0_pi_ti_cold"
"LBR_Fish_BCG_v1","Main_SoChannel","pi_ti_cold","f9c06310-4a52-4d24-b9cf-e57497da794f",69.4736842105263,4,"≥ 15 (10-20)",">=",10,20,TRUE,"percent (0-100) individuals - cold","Rule0",NA,NA,NA,NA,NA,"Main_SoChannel","Main_SoChannel",1,"Main_SoChannel_L4_Rule0_pi_ti_cold"
"LBR_Fish_BCG_v1","Main_SoChannel","pi_ti_cold","f9c06310-4a52-4d24-b9cf-e57497da794f",69.4736842105263,3,"≥ 35 (30-40)",">=",30,40,TRUE,"percent (0-100) individuals - cold","Rule0",NA,NA,NA,NA,NA,"Main_SoChannel","Main_SoChannel",1,"Main_SoChannel_L3_Rule0_pi_ti_cold"
"LBR_Fish_BCG_v1","Main_VetGlen","d_ac_yoy_Cott","BRGlen2001",1,3,"> 0 (0-1)",">",0,1,TRUE,"detection - young of year (age class 1 or 2) - Family COTTIDAE","Rule0",NA,NA,NA,NA,NA,"Main_VetGlen","Main_VetGlen",1,"Main_VetGlen_L3_Rule0_d_ac_yoy_Cott"
"LBR_Fish_BCG_v1","Main_VetGlen","d_ac_yoy_Cott","BRGlen2001",1,2,"> 0 (0-1)",">",0,1,TRUE,"detection - young of year (age class 1 or 2) - Family COTTIDAE","Rule0",NA,NA,NA,NA,NA,"Main_VetGlen","Main_VetGlen",1,"Main_VetGlen_L2_Rule0_d_ac_yoy_Cott"
"LBR_Fish_BCG_v1","Main_VetGlen","d_ac_yoy_Cott","BRGlen2005",0,3,"> 0 (0-1)",">",0,1,TRUE,"detection - young of year (age class 1 or 2) - Family COTTIDAE","Rule0",NA,NA,NA,NA,NA,"Main_VetGlen","Main_VetGlen",0,"Main_VetGlen_L3_Rule0_d_ac_yoy_Cott"
"LBR_Fish_BCG_v1","Main_VetGlen","d_ac_yoy_Cott","BRGlen2005",0,2,"> 0 (0-1)",">",0,1,TRUE,"detection - young of year (age class 1 or 2) - Family COTTIDAE","Rule0",NA,NA,NA,NA,NA,"Main_VetGlen","Main_VetGlen",0,"Main_VetGlen_L2_Rule0_d_ac_yoy_Cott"
"LBR_Fish_BCG_v1","Main_VetGlen","d_ac_yoy_Cott","BRGlen2004",0,3,"> 0 (0-1)",">",0,1,TRUE,"detection - young of year (age class 1 or 2) - Family COTTIDAE","Rule0",NA,NA,NA,NA,NA,"Main_VetGlen","Main_VetGlen",0,"Main_VetGlen_L3_Rule0_d_ac_yoy_Cott"
"LBR_Fish_BCG_v1","Main_VetGlen","d_ac_yoy_Cott","BRGlen2004",0,2,"> 0 (0-1)",">",0,1,TRUE,"detection - young of year (age class 1 or 2) - Family COTTIDAE","Rule0",NA,NA,NA,NA,NA,"Main_VetGlen","Main_VetGlen",0,"Main_VetGlen_L2_Rule0_d_ac_yoy_Cott"
"LBR_Fish_BCG_v1","Main_VetGlen","d_ac_yoy_Cott","BRGlen2003",1,3,"> 0 (0-1)",">",0,1,TRUE,"detection - young of year (age class 1 or 2) - Family COTTIDAE","Rule0",NA,NA,NA,NA,NA,"Main_VetGlen","Main_VetGlen",1,"Main_VetGlen_L3_Rule0_d_ac_yoy_Cott"
"LBR_Fish_BCG_v1","Main_VetGlen","d_ac_yoy_Cott","BRGlen2003",1,2,"> 0 (0-1)",">",0,1,TRUE,"detection - young of year (age class 1 or 2) - Family COTTIDAE","Rule0",NA,NA,NA,NA,NA,"Main_VetGlen","Main_VetGlen",1,"Main_VetGlen_L2_Rule0_d_ac_yoy_Cott"
"LBR_Fish_BCG_v1","Main_VetGlen","d_ac_yoy_Cott","fe6b180a-ec70-417f-b7a5-4ac38018636a",1,3,"> 0 (0-1)",">",0,1,TRUE,"detection - young of year (age class 1 or 2) - Family COTTIDAE","Rule0",NA,NA,NA,NA,NA,"Main_VetGlen","Main_VetGlen",1,"Main_VetGlen_L3_Rule0_d_ac_yoy_Cott"
"LBR_Fish_BCG_v1","Main_VetGlen","d_ac_yoy_Cott","fe6b180a-ec70-417f-b7a5-4ac38018636a",1,2,"> 0 (0-1)",">",0,1,TRUE,"detection - young of year (age class 1 or 2) - Family COTTIDAE","Rule0",NA,NA,NA,NA,NA,"Main_VetGlen","Main_VetGlen",1,"Main_VetGlen_L2_Rule0_d_ac_yoy_Cott"
"LBR_Fish_BCG_v1","Main_VetGlen","d_ac_yoy_Cott","BRVetMem1996",1,3,"> 0 (0-1)",">",0,1,TRUE,"detection - young of year (age class 1 or 2) - Family COTTIDAE","Rule0",NA,NA,NA,NA,NA,"Main_VetGlen","Main_VetGlen",1,"Main_VetGlen_L3_Rule0_d_ac_yoy_Cott"
"LBR_Fish_BCG_v1","Main_VetGlen","d_ac_yoy_Cott","BRVetMem1996",1,2,"> 0 (0-1)",">",0,1,TRUE,"detection - young of year (age class 1 or 2) - Family COTTIDAE","Rule0",NA,NA,NA,NA,NA,"Main_VetGlen","Main_VetGlen",1,"Main_VetGlen_L2_Rule0_d_ac_yoy_Cott"
"LBR_Fish_BCG_v1","Main_VetGlen","d_ac_yoy_Cott","BRGlen1995",0,3,"> 0 (0-1)",">",0,1,TRUE,"detection - young of year (age class 1 or 2) - Family COTTIDAE","Rule0",NA,NA,NA,NA,NA,"Main_VetGlen","Main_VetGlen",0,"Main_VetGlen_L3_Rule0_d_ac_yoy_Cott"
"LBR_Fish_BCG_v1","Main_VetGlen","d_ac_yoy_Cott","BRGlen1995",0,2,"> 0 (0-1)",">",0,1,TRUE,"detection - young of year (age class 1 or 2) - Family COTTIDAE","Rule0",NA,NA,NA,NA,NA,"Main_VetGlen","Main_VetGlen",0,"Main_VetGlen_L2_Rule0_d_ac_yoy_Cott"
"LBR_Fish_BCG_v1","Main_VetGlen","d_ac_yoy_Cott","BRGlen2014",1,3,"> 0 (0-1)",">",0,1,TRUE,"detection - young of year (age class 1 or 2) - Family COTTIDAE","Rule0",NA,NA,NA,NA,NA,"Main_VetGlen","Main_VetGlen",1,"Main_VetGlen_L3_Rule0_d_ac_yoy_Cott"
"LBR_Fish_BCG_v1","Main_VetGlen","d_ac_yoy_Cott","BRGlen2014",1,2,"> 0 (0-1)",">",0,1,TRUE,"detection - young of year (age class 1 or 2) - Family COTTIDAE","Rule0",NA,NA,NA,NA,NA,"Main_VetGlen","Main_VetGlen",1,"Main_VetGlen_L2_Rule0_d_ac_yoy_Cott"
"LBR_Fish_BCG_v1","Main_VetGlen","d_ac_yoy_Cott","BRVetMem1995",1,3,"> 0 (0-1)",">",0,1,TRUE,"detection - young of year (age class 1 or 2) - Family COTTIDAE","Rule0",NA,NA,NA,NA,NA,"Main_VetGlen","Main_VetGlen",1,"Main_VetGlen_L3_Rule0_d_ac_yoy_Cott"
"LBR_Fish_BCG_v1","Main_VetGlen","d_ac_yoy_Cott","BRVetMem1995",1,2,"> 0 (0-1)",">",0,1,TRUE,"detection - young of year (age class 1 or 2) - Family COTTIDAE","Rule0",NA,NA,NA,NA,NA,"Main_VetGlen","Main_VetGlen",1,"Main_VetGlen_L2_Rule0_d_ac_yoy_Cott"
"LBR_Fish_BCG_v1","Main_VetGlen","d_ac_yoy_Cott","BRGlen2017",1,3,"> 0 (0-1)",">",0,1,TRUE,"detection - young of year (age class 1 or 2) - Family COTTIDAE","Rule0",NA,NA,NA,NA,NA,"Main_VetGlen","Main_VetGlen",1,"Main_VetGlen_L3_Rule0_d_ac_yoy_Cott"
"LBR_Fish_BCG_v1","Main_VetGlen","d_ac_yoy_Cott","BRGlen2017",1,2,"> 0 (0-1)",">",0,1,TRUE,"detection - young of year (age class 1 or 2) - Family COTTIDAE","Rule0",NA,NA,NA,NA,NA,"Main_VetGlen","Main_VetGlen",1,"Main_VetGlen_L2_Rule0_d_ac_yoy_Cott"
"LBR_Fish_BCG_v1","Main_VetGlen","d_ac_yoy_Cott","BRGlen1996",1,3,"> 0 (0-1)",">",0,1,TRUE,"detection - young of year (age class 1 or 2) - Family COTTIDAE","Rule0",NA,NA,NA,NA,NA,"Main_VetGlen","Main_VetGlen",1,"Main_VetGlen_L3_Rule0_d_ac_yoy_Cott"
"LBR_Fish_BCG_v1","Main_VetGlen","d_ac_yoy_Cott","BRGlen1996",1,2,"> 0 (0-1)",">",0,1,TRUE,"detection - young of year (age class 1 or 2) - Family COTTIDAE","Rule0",NA,NA,NA,NA,NA,"Main_VetGlen","Main_VetGlen",1,"Main_VetGlen_L2_Rule0_d_ac_yoy_Cott"
"LBR_Fish_BCG_v1","Main_VetGlen","d_ac_yoy_Cott","BRVetMem2003",1,3,"> 0 (0-1)",">",0,1,TRUE,"detection - young of year (age class 1 or 2) - Family COTTIDAE","Rule0",NA,NA,NA,NA,NA,"Main_VetGlen","Main_VetGlen",1,"Main_VetGlen_L3_Rule0_d_ac_yoy_Cott"
"LBR_Fish_BCG_v1","Main_VetGlen","d_ac_yoy_Cott","BRVetMem2003",1,2,"> 0 (0-1)",">",0,1,TRUE,"detection - young of year (age class 1 or 2) - Family COTTIDAE","Rule0",NA,NA,NA,NA,NA,"Main_VetGlen","Main_VetGlen",1,"Main_VetGlen_L2_Rule0_d_ac_yoy_Cott"
"LBR_Fish_BCG_v1","Main_VetGlen","d_ac_yoy_Cott","6126b9b7-3511-42ee-acff-1f0f2be4f836",1,3,"> 0 (0-1)",">",0,1,TRUE,"detection - young of year (age class 1 or 2) - Family COTTIDAE","Rule0",NA,NA,NA,NA,NA,"Main_VetGlen","Main_VetGlen",1,"Main_VetGlen_L3_Rule0_d_ac_yoy_Cott"
"LBR_Fish_BCG_v1","Main_VetGlen","d_ac_yoy_Cott","6126b9b7-3511-42ee-acff-1f0f2be4f836",1,2,"> 0 (0-1)",">",0,1,TRUE,"detection - young of year (age class 1 or 2) - Family COTTIDAE","Rule0",NA,NA,NA,NA,NA,"Main_VetGlen","Main_VetGlen",1,"Main_VetGlen_L2_Rule0_d_ac_yoy_Cott"
"LBR_Fish_BCG_v1","Main_VetGlen","d_ac_yoy_Cott","d431fc87-f222-499f-90cc-d7a26a249ad1",1,3,"> 0 (0-1)",">",0,1,TRUE,"detection - young of year (age class 1 or 2) - Family COTTIDAE","Rule0",NA,NA,NA,NA,NA,"Main_VetGlen","Main_VetGlen",1,"Main_VetGlen_L3_Rule0_d_ac_yoy_Cott"
"LBR_Fish_BCG_v1","Main_VetGlen","d_ac_yoy_Cott","d431fc87-f222-499f-90cc-d7a26a249ad1",1,2,"> 0 (0-1)",">",0,1,TRUE,"detection - young of year (age class 1 or 2) - Family COTTIDAE","Rule0",NA,NA,NA,NA,NA,"Main_VetGlen","Main_VetGlen",1,"Main_VetGlen_L2_Rule0_d_ac_yoy_Cott"
"LBR_Fish_BCG_v1","Main_VetGlen","d_ac_yoy_Cott","BRVetMem2005",1,3,"> 0 (0-1)",">",0,1,TRUE,"detection - young of year (age class 1 or 2) - Family COTTIDAE","Rule0",NA,NA,NA,NA,NA,"Main_VetGlen","Main_VetGlen",1,"Main_VetGlen_L3_Rule0_d_ac_yoy_Cott"
"LBR_Fish_BCG_v1","Main_VetGlen","d_ac_yoy_Cott","BRVetMem2005",1,2,"> 0 (0-1)",">",0,1,TRUE,"detection - young of year (age class 1 or 2) - Family COTTIDAE","Rule0",NA,NA,NA,NA,NA,"Main_VetGlen","Main_VetGlen",1,"Main_VetGlen_L2_Rule0_d_ac_yoy_Cott"
"LBR_Fish_BCG_v1","Main_VetGlen","d_ac_yoy_Cott","c114e631-92cb-4abf-b6ea-033087bf9976",1,3,"> 0 (0-1)",">",0,1,TRUE,"detection - young of year (age class 1 or 2) - Family COTTIDAE","Rule0",NA,NA,NA,NA,NA,"Main_VetGlen","Main_VetGlen",1,"Main_VetGlen_L3_Rule0_d_ac_yoy_Cott"
"LBR_Fish_BCG_v1","Main_VetGlen","d_ac_yoy_Cott","c114e631-92cb-4abf-b6ea-033087bf9976",1,2,"> 0 (0-1)",">",0,1,TRUE,"detection - young of year (age class 1 or 2) - Family COTTIDAE","Rule0",NA,NA,NA,NA,NA,"Main_VetGlen","Main_VetGlen",1,"Main_VetGlen_L2_Rule0_d_ac_yoy_Cott"
"LBR_Fish_BCG_v1","Main_VetGlen","d_ac_yoy_Cott","BRVetMem2017",1,3,"> 0 (0-1)",">",0,1,TRUE,"detection - young of year (age class 1 or 2) - Family COTTIDAE","Rule0",NA,NA,NA,NA,NA,"Main_VetGlen","Main_VetGlen",1,"Main_VetGlen_L3_Rule0_d_ac_yoy_Cott"
"LBR_Fish_BCG_v1","Main_VetGlen","d_ac_yoy_Cott","BRVetMem2017",1,2,"> 0 (0-1)",">",0,1,TRUE,"detection - young of year (age class 1 or 2) - Family COTTIDAE","Rule0",NA,NA,NA,NA,NA,"Main_VetGlen","Main_VetGlen",1,"Main_VetGlen_L2_Rule0_d_ac_yoy_Cott"
"LBR_Fish_BCG_v1","Main_VetGlen","d_ac_yoy_Cott","cf1764a0-4741-4b76-ba53-afd859933eac",1,3,"> 0 (0-1)",">",0,1,TRUE,"detection - young of year (age class 1 or 2) - Family COTTIDAE","Rule0",NA,NA,NA,NA,NA,"Main_VetGlen","Main_VetGlen",1,"Main_VetGlen_L3_Rule0_d_ac_yoy_Cott"
"LBR_Fish_BCG_v1","Main_VetGlen","d_ac_yoy_Cott","cf1764a0-4741-4b76-ba53-afd859933eac",1,2,"> 0 (0-1)",">",0,1,TRUE,"detection - young of year (age class 1 or 2) - Family COTTIDAE","Rule0",NA,NA,NA,NA,NA,"Main_VetGlen","Main_VetGlen",1,"Main_VetGlen_L2_Rule0_d_ac_yoy_Cott"
"LBR_Fish_BCG_v1","Main_VetGlen","d_ac_yoy_rbt","BRGlen2005",1,3,"> 0 (0-1)",">",0,1,TRUE,"detection - young of year (age class 1 or 2) - Rainbow Trout","Rule0",NA,NA,NA,NA,NA,"Main_VetGlen","Main_VetGlen",1,"Main_VetGlen_L3_Rule0_d_ac_yoy_rbt"
"LBR_Fish_BCG_v1","Main_VetGlen","d_ac_yoy_rbt","BRGlen2005",1,2,"> 0 (0-1)",">",0,1,TRUE,"detection - young of year (age class 1 or 2) - Rainbow Trout","Rule0",NA,NA,NA,NA,NA,"Main_VetGlen","Main_VetGlen",1,"Main_VetGlen_L2_Rule0_d_ac_yoy_rbt"
"LBR_Fish_BCG_v1","Main_VetGlen","d_ac_yoy_rbt","6126b9b7-3511-42ee-acff-1f0f2be4f836",1,3,"> 0 (0-1)",">",0,1,TRUE,"detection - young of year (age class 1 or 2) - Rainbow Trout","Rule0",NA,NA,NA,NA,NA,"Main_VetGlen","Main_VetGlen",1,"Main_VetGlen_L3_Rule0_d_ac_yoy_rbt"
"LBR_Fish_BCG_v1","Main_VetGlen","d_ac_yoy_rbt","6126b9b7-3511-42ee-acff-1f0f2be4f836",1,2,"> 0 (0-1)",">",0,1,TRUE,"detection - young of year (age class 1 or 2) - Rainbow Trout","Rule0",NA,NA,NA,NA,NA,"Main_VetGlen","Main_VetGlen",1,"Main_VetGlen_L2_Rule0_d_ac_yoy_rbt"
"LBR_Fish_BCG_v1","Main_VetGlen","d_ac_yoy_rbt","BRVetMem2017",1,3,"> 0 (0-1)",">",0,1,TRUE,"detection - young of year (age class 1 or 2) - Rainbow Trout","Rule0",NA,NA,NA,NA,NA,"Main_VetGlen","Main_VetGlen",1,"Main_VetGlen_L3_Rule0_d_ac_yoy_rbt"
"LBR_Fish_BCG_v1","Main_VetGlen","d_ac_yoy_rbt","BRVetMem2017",1,2,"> 0 (0-1)",">",0,1,TRUE,"detection - young of year (age class 1 or 2) - Rainbow Trout","Rule0",NA,NA,NA,NA,NA,"Main_VetGlen","Main_VetGlen",1,"Main_VetGlen_L2_Rule0_d_ac_yoy_rbt"
"LBR_Fish_BCG_v1","Main_VetGlen","d_ac_yoy_rbt","BRGlen2004",1,3,"> 0 (0-1)",">",0,1,TRUE,"detection - young of year (age class 1 or 2) - Rainbow Trout","Rule0",NA,NA,NA,NA,NA,"Main_VetGlen","Main_VetGlen",1,"Main_VetGlen_L3_Rule0_d_ac_yoy_rbt"
"LBR_Fish_BCG_v1","Main_VetGlen","d_ac_yoy_rbt","BRGlen2004",1,2,"> 0 (0-1)",">",0,1,TRUE,"detection - young of year (age class 1 or 2) - Rainbow Trout","Rule0",NA,NA,NA,NA,NA,"Main_VetGlen","Main_VetGlen",1,"Main_VetGlen_L2_Rule0_d_ac_yoy_rbt"
"LBR_Fish_BCG_v1","Main_VetGlen","d_ac_yoy_rbt","BRGlen2001",1,3,"> 0 (0-1)",">",0,1,TRUE,"detection - young of year (age class 1 or 2) - Rainbow Trout","Rule0",NA,NA,NA,NA,NA,"Main_VetGlen","Main_VetGlen",1,"Main_VetGlen_L3_Rule0_d_ac_yoy_rbt"
"LBR_Fish_BCG_v1","Main_VetGlen","d_ac_yoy_rbt","BRGlen2001",1,2,"> 0 (0-1)",">",0,1,TRUE,"detection - young of year (age class 1 or 2) - Rainbow Trout","Rule0",NA,NA,NA,NA,NA,"Main_VetGlen","Main_VetGlen",1,"Main_VetGlen_L2_Rule0_d_ac_yoy_rbt"
"LBR_Fish_BCG_v1","Main_VetGlen","d_ac_yoy_rbt","cf1764a0-4741-4b76-ba53-afd859933eac",1,3,"> 0 (0-1)",">",0,1,TRUE,"detection - young of year (age class 1 or 2) - Rainbow Trout","Rule0",NA,NA,NA,NA,NA,"Main_VetGlen","Main_VetGlen",1,"Main_VetGlen_L3_Rule0_d_ac_yoy_rbt"
"LBR_Fish_BCG_v1","Main_VetGlen","d_ac_yoy_rbt","cf1764a0-4741-4b76-ba53-afd859933eac",1,2,"> 0 (0-1)",">",0,1,TRUE,"detection - young of year (age class 1 or 2) - Rainbow Trout","Rule0",NA,NA,NA,NA,NA,"Main_VetGlen","Main_VetGlen",1,"Main_VetGlen_L2_Rule0_d_ac_yoy_rbt"
"LBR_Fish_BCG_v1","Main_VetGlen","d_ac_yoy_rbt","c114e631-92cb-4abf-b6ea-033087bf9976",1,3,"> 0 (0-1)",">",0,1,TRUE,"detection - young of year (age class 1 or 2) - Rainbow Trout","Rule0",NA,NA,NA,NA,NA,"Main_VetGlen","Main_VetGlen",1,"Main_VetGlen_L3_Rule0_d_ac_yoy_rbt"
"LBR_Fish_BCG_v1","Main_VetGlen","d_ac_yoy_rbt","c114e631-92cb-4abf-b6ea-033087bf9976",1,2,"> 0 (0-1)",">",0,1,TRUE,"detection - young of year (age class 1 or 2) - Rainbow Trout","Rule0",NA,NA,NA,NA,NA,"Main_VetGlen","Main_VetGlen",1,"Main_VetGlen_L2_Rule0_d_ac_yoy_rbt"
"LBR_Fish_BCG_v1","Main_VetGlen","d_ac_yoy_rbt","BRGlen1995",1,3,"> 0 (0-1)",">",0,1,TRUE,"detection - young of year (age class 1 or 2) - Rainbow Trout","Rule0",NA,NA,NA,NA,NA,"Main_VetGlen","Main_VetGlen",1,"Main_VetGlen_L3_Rule0_d_ac_yoy_rbt"
"LBR_Fish_BCG_v1","Main_VetGlen","d_ac_yoy_rbt","BRGlen1995",1,2,"> 0 (0-1)",">",0,1,TRUE,"detection - young of year (age class 1 or 2) - Rainbow Trout","Rule0",NA,NA,NA,NA,NA,"Main_VetGlen","Main_VetGlen",1,"Main_VetGlen_L2_Rule0_d_ac_yoy_rbt"
"LBR_Fish_BCG_v1","Main_VetGlen","d_ac_yoy_rbt","d431fc87-f222-499f-90cc-d7a26a249ad1",1,3,"> 0 (0-1)",">",0,1,TRUE,"detection - young of year (age class 1 or 2) - Rainbow Trout","Rule0",NA,NA,NA,NA,NA,"Main_VetGlen","Main_VetGlen",1,"Main_VetGlen_L3_Rule0_d_ac_yoy_rbt"
"LBR_Fish_BCG_v1","Main_VetGlen","d_ac_yoy_rbt","d431fc87-f222-499f-90cc-d7a26a249ad1",1,2,"> 0 (0-1)",">",0,1,TRUE,"detection - young of year (age class 1 or 2) - Rainbow Trout","Rule0",NA,NA,NA,NA,NA,"Main_VetGlen","Main_VetGlen",1,"Main_VetGlen_L2_Rule0_d_ac_yoy_rbt"
"LBR_Fish_BCG_v1","Main_VetGlen","d_ac_yoy_rbt","fe6b180a-ec70-417f-b7a5-4ac38018636a",1,3,"> 0 (0-1)",">",0,1,TRUE,"detection - young of year (age class 1 or 2) - Rainbow Trout","Rule0",NA,NA,NA,NA,NA,"Main_VetGlen","Main_VetGlen",1,"Main_VetGlen_L3_Rule0_d_ac_yoy_rbt"
"LBR_Fish_BCG_v1","Main_VetGlen","d_ac_yoy_rbt","fe6b180a-ec70-417f-b7a5-4ac38018636a",1,2,"> 0 (0-1)",">",0,1,TRUE,"detection - young of year (age class 1 or 2) - Rainbow Trout","Rule0",NA,NA,NA,NA,NA,"Main_VetGlen","Main_VetGlen",1,"Main_VetGlen_L2_Rule0_d_ac_yoy_rbt"
"LBR_Fish_BCG_v1","Main_VetGlen","d_ac_yoy_rbt","BRVetMem2005",1,3,"> 0 (0-1)",">",0,1,TRUE,"detection - young of year (age class 1 or 2) - Rainbow Trout","Rule0",NA,NA,NA,NA,NA,"Main_VetGlen","Main_VetGlen",1,"Main_VetGlen_L3_Rule0_d_ac_yoy_rbt"
"LBR_Fish_BCG_v1","Main_VetGlen","d_ac_yoy_rbt","BRVetMem2005",1,2,"> 0 (0-1)",">",0,1,TRUE,"detection - young of year (age class 1 or 2) - Rainbow Trout","Rule0",NA,NA,NA,NA,NA,"Main_VetGlen","Main_VetGlen",1,"Main_VetGlen_L2_Rule0_d_ac_yoy_rbt"
"LBR_Fish_BCG_v1","Main_VetGlen","d_ac_yoy_rbt","BRGlen2017",1,3,"> 0 (0-1)",">",0,1,TRUE,"detection - young of year (age class 1 or 2) - Rainbow Trout","Rule0",NA,NA,NA,NA,NA,"Main_VetGlen","Main_VetGlen",1,"Main_VetGlen_L3_Rule0_d_ac_yoy_rbt"
"LBR_Fish_BCG_v1","Main_VetGlen","d_ac_yoy_rbt","BRGlen2017",1,2,"> 0 (0-1)",">",0,1,TRUE,"detection - young of year (age class 1 or 2) - Rainbow Trout","Rule0",NA,NA,NA,NA,NA,"Main_VetGlen","Main_VetGlen",1,"Main_VetGlen_L2_Rule0_d_ac_yoy_rbt"
"LBR_Fish_BCG_v1","Main_VetGlen","d_ac_yoy_rbt","BRGlen1996",1,3,"> 0 (0-1)",">",0,1,TRUE,"detection - young of year (age class 1 or 2) - Rainbow Trout","Rule0",NA,NA,NA,NA,NA,"Main_VetGlen","Main_VetGlen",1,"Main_VetGlen_L3_Rule0_d_ac_yoy_rbt"
"LBR_Fish_BCG_v1","Main_VetGlen","d_ac_yoy_rbt","BRGlen1996",1,2,"> 0 (0-1)",">",0,1,TRUE,"detection - young of year (age class 1 or 2) - Rainbow Trout","Rule0",NA,NA,NA,NA,NA,"Main_VetGlen","Main_VetGlen",1,"Main_VetGlen_L2_Rule0_d_ac_yoy_rbt"
"LBR_Fish_BCG_v1","Main_VetGlen","d_ac_yoy_rbt","BRGlen2014",1,3,"> 0 (0-1)",">",0,1,TRUE,"detection - young of year (age class 1 or 2) - Rainbow Trout","Rule0",NA,NA,NA,NA,NA,"Main_VetGlen","Main_VetGlen",1,"Main_VetGlen_L3_Rule0_d_ac_yoy_rbt"
"LBR_Fish_BCG_v1","Main_VetGlen","d_ac_yoy_rbt","BRGlen2014",1,2,"> 0 (0-1)",">",0,1,TRUE,"detection - young of year (age class 1 or 2) - Rainbow Trout","Rule0",NA,NA,NA,NA,NA,"Main_VetGlen","Main_VetGlen",1,"Main_VetGlen_L2_Rule0_d_ac_yoy_rbt"
"LBR_Fish_BCG_v1","Main_VetGlen","d_ac_yoy_rbt","BRVetMem1996",0,3,"> 0 (0-1)",">",0,1,TRUE,"detection - young of year (age class 1 or 2) - Rainbow Trout","Rule0",NA,NA,NA,NA,NA,"Main_VetGlen","Main_VetGlen",0,"Main_VetGlen_L3_Rule0_d_ac_yoy_rbt"
"LBR_Fish_BCG_v1","Main_VetGlen","d_ac_yoy_rbt","BRVetMem1996",0,2,"> 0 (0-1)",">",0,1,TRUE,"detection - young of year (age class 1 or 2) - Rainbow Trout","Rule0",NA,NA,NA,NA,NA,"Main_VetGlen","Main_VetGlen",0,"Main_VetGlen_L2_Rule0_d_ac_yoy_rbt"
"LBR_Fish_BCG_v1","Main_VetGlen","d_ac_yoy_rbt","BRVetMem2003",1,3,"> 0 (0-1)",">",0,1,TRUE,"detection - young of year (age class 1 or 2) - Rainbow Trout","Rule0",NA,NA,NA,NA,NA,"Main_VetGlen","Main_VetGlen",1,"Main_VetGlen_L3_Rule0_d_ac_yoy_rbt"
"LBR_Fish_BCG_v1","Main_VetGlen","d_ac_yoy_rbt","BRVetMem2003",1,2,"> 0 (0-1)",">",0,1,TRUE,"detection - young of year (age class 1 or 2) - Rainbow Trout","Rule0",NA,NA,NA,NA,NA,"Main_VetGlen","Main_VetGlen",1,"Main_VetGlen_L2_Rule0_d_ac_yoy_rbt"
"LBR_Fish_BCG_v1","Main_VetGlen","d_ac_yoy_rbt","BRVetMem1995",1,3,"> 0 (0-1)",">",0,1,TRUE,"detection - young of year (age class 1 or 2) - Rainbow Trout","Rule0",NA,NA,NA,NA,NA,"Main_VetGlen","Main_VetGlen",1,"Main_VetGlen_L3_Rule0_d_ac_yoy_rbt"
"LBR_Fish_BCG_v1","Main_VetGlen","d_ac_yoy_rbt","BRVetMem1995",1,2,"> 0 (0-1)",">",0,1,TRUE,"detection - young of year (age class 1 or 2) - Rainbow Trout","Rule0",NA,NA,NA,NA,NA,"Main_VetGlen","Main_VetGlen",1,"Main_VetGlen_L2_Rule0_d_ac_yoy_rbt"
"LBR_Fish_BCG_v1","Main_VetGlen","d_ac_yoy_rbt","BRGlen2003",1,3,"> 0 (0-1)",">",0,1,TRUE,"detection - young of year (age class 1 or 2) - Rainbow Trout","Rule0",NA,NA,NA,NA,NA,"Main_VetGlen","Main_VetGlen",1,"Main_VetGlen_L3_Rule0_d_ac_yoy_rbt"
"LBR_Fish_BCG_v1","Main_VetGlen","d_ac_yoy_rbt","BRGlen2003",1,2,"> 0 (0-1)",">",0,1,TRUE,"detection - young of year (age class 1 or 2) - Rainbow Trout","Rule0",NA,NA,NA,NA,NA,"Main_VetGlen","Main_VetGlen",1,"Main_VetGlen_L2_Rule0_d_ac_yoy_rbt"
"LBR_Fish_BCG_v1","Main_VetGlen","n_ac_Cott","BRGlen2003",3,3,"> 2 (1.5-3.5)",">",1.5,3.5,TRUE,"number of age classes - Family COTTIDAE","Rule0",NA,NA,NA,NA,NA,"Main_VetGlen","Main_VetGlen",0.75,"Main_VetGlen_L3_Rule0_n_ac_Cott"
"LBR_Fish_BCG_v1","Main_VetGlen","n_ac_Cott","BRGlen2003",3,2,"> 4 (3.5-5)",">",3.5,5,TRUE,"number of age classes - Family COTTIDAE","Rule0",NA,NA,NA,NA,NA,"Main_VetGlen","Main_VetGlen",0,"Main_VetGlen_L2_Rule0_n_ac_Cott"
"LBR_Fish_BCG_v1","Main_VetGlen","n_ac_Cott","6126b9b7-3511-42ee-acff-1f0f2be4f836",3,3,"> 2 (1.5-3.5)",">",1.5,3.5,TRUE,"number of age classes - Family COTTIDAE","Rule0",NA,NA,NA,NA,NA,"Main_VetGlen","Main_VetGlen",0.75,"Main_VetGlen_L3_Rule0_n_ac_Cott"
"LBR_Fish_BCG_v1","Main_VetGlen","n_ac_Cott","6126b9b7-3511-42ee-acff-1f0f2be4f836",3,2,"> 4 (3.5-5)",">",3.5,5,TRUE,"number of age classes - Family COTTIDAE","Rule0",NA,NA,NA,NA,NA,"Main_VetGlen","Main_VetGlen",0,"Main_VetGlen_L2_Rule0_n_ac_Cott"
"LBR_Fish_BCG_v1","Main_VetGlen","n_ac_Cott","BRGlen1996",1,3,"> 2 (1.5-3.5)",">",1.5,3.5,TRUE,"number of age classes - Family COTTIDAE","Rule0",NA,NA,NA,NA,NA,"Main_VetGlen","Main_VetGlen",0,"Main_VetGlen_L3_Rule0_n_ac_Cott"
"LBR_Fish_BCG_v1","Main_VetGlen","n_ac_Cott","BRGlen1996",1,2,"> 4 (3.5-5)",">",3.5,5,TRUE,"number of age classes - Family COTTIDAE","Rule0",NA,NA,NA,NA,NA,"Main_VetGlen","Main_VetGlen",0,"Main_VetGlen_L2_Rule0_n_ac_Cott"
"LBR_Fish_BCG_v1","Main_VetGlen","n_ac_Cott","BRVetMem2005",4,3,"> 2 (1.5-3.5)",">",1.5,3.5,TRUE,"number of age classes - Family COTTIDAE","Rule0",NA,NA,NA,NA,NA,"Main_VetGlen","Main_VetGlen",1,"Main_VetGlen_L3_Rule0_n_ac_Cott"
"LBR_Fish_BCG_v1","Main_VetGlen","n_ac_Cott","BRVetMem2005",4,2,"> 4 (3.5-5)",">",3.5,5,TRUE,"number of age classes - Family COTTIDAE","Rule0",NA,NA,NA,NA,NA,"Main_VetGlen","Main_VetGlen",0.333333333333333,"Main_VetGlen_L2_Rule0_n_ac_Cott"
"LBR_Fish_BCG_v1","Main_VetGlen","n_ac_Cott","d431fc87-f222-499f-90cc-d7a26a249ad1",3,3,"> 2 (1.5-3.5)",">",1.5,3.5,TRUE,"number of age classes - Family COTTIDAE","Rule0",NA,NA,NA,NA,NA,"Main_VetGlen","Main_VetGlen",0.75,"Main_VetGlen_L3_Rule0_n_ac_Cott"
"LBR_Fish_BCG_v1","Main_VetGlen","n_ac_Cott","d431fc87-f222-499f-90cc-d7a26a249ad1",3,2,"> 4 (3.5-5)",">",3.5,5,TRUE,"number of age classes - Family COTTIDAE","Rule0",NA,NA,NA,NA,NA,"Main_VetGlen","Main_VetGlen",0,"Main_VetGlen_L2_Rule0_n_ac_Cott"
"LBR_Fish_BCG_v1","Main_VetGlen","n_ac_Cott","BRGlen2005",1,3,"> 2 (1.5-3.5)",">",1.5,3.5,TRUE,"number of age classes - Family COTTIDAE","Rule0",NA,NA,NA,NA,NA,"Main_VetGlen","Main_VetGlen",0,"Main_VetGlen_L3_Rule0_n_ac_Cott"
"LBR_Fish_BCG_v1","Main_VetGlen","n_ac_Cott","BRGlen2005",1,2,"> 4 (3.5-5)",">",3.5,5,TRUE,"number of age classes - Family COTTIDAE","Rule0",NA,NA,NA,NA,NA,"Main_VetGlen","Main_VetGlen",0,"Main_VetGlen_L2_Rule0_n_ac_Cott"
"LBR_Fish_BCG_v1","Main_VetGlen","n_ac_Cott","BRVetMem1996",2,3,"> 2 (1.5-3.5)",">",1.5,3.5,TRUE,"number of age classes - Family COTTIDAE","Rule0",NA,NA,NA,NA,NA,"Main_VetGlen","Main_VetGlen",0.25,"Main_VetGlen_L3_Rule0_n_ac_Cott"
"LBR_Fish_BCG_v1","Main_VetGlen","n_ac_Cott","BRVetMem1996",2,2,"> 4 (3.5-5)",">",3.5,5,TRUE,"number of age classes - Family COTTIDAE","Rule0",NA,NA,NA,NA,NA,"Main_VetGlen","Main_VetGlen",0,"Main_VetGlen_L2_Rule0_n_ac_Cott"
"LBR_Fish_BCG_v1","Main_VetGlen","n_ac_Cott","BRVetMem2003",3,3,"> 2 (1.5-3.5)",">",1.5,3.5,TRUE,"number of age classes - Family COTTIDAE","Rule0",NA,NA,NA,NA,NA,"Main_VetGlen","Main_VetGlen",0.75,"Main_VetGlen_L3_Rule0_n_ac_Cott"
"LBR_Fish_BCG_v1","Main_VetGlen","n_ac_Cott","BRVetMem2003",3,2,"> 4 (3.5-5)",">",3.5,5,TRUE,"number of age classes - Family COTTIDAE","Rule0",NA,NA,NA,NA,NA,"Main_VetGlen","Main_VetGlen",0,"Main_VetGlen_L2_Rule0_n_ac_Cott"
"LBR_Fish_BCG_v1","Main_VetGlen","n_ac_Cott","BRGlen2014",4,3,"> 2 (1.5-3.5)",">",1.5,3.5,TRUE,"number of age classes - Family COTTIDAE","Rule0",NA,NA,NA,NA,NA,"Main_VetGlen","Main_VetGlen",1,"Main_VetGlen_L3_Rule0_n_ac_Cott"
"LBR_Fish_BCG_v1","Main_VetGlen","n_ac_Cott","BRGlen2014",4,2,"> 4 (3.5-5)",">",3.5,5,TRUE,"number of age classes - Family COTTIDAE","Rule0",NA,NA,NA,NA,NA,"Main_VetGlen","Main_VetGlen",0.333333333333333,"Main_VetGlen_L2_Rule0_n_ac_Cott"
"LBR_Fish_BCG_v1","Main_VetGlen","n_ac_Cott","c114e631-92cb-4abf-b6ea-033087bf9976",3,3,"> 2 (1.5-3.5)",">",1.5,3.5,TRUE,"number of age classes - Family COTTIDAE","Rule0",NA,NA,NA,NA,NA,"Main_VetGlen","Main_VetGlen",0.75,"Main_VetGlen_L3_Rule0_n_ac_Cott"
"LBR_Fish_BCG_v1","Main_VetGlen","n_ac_Cott","c114e631-92cb-4abf-b6ea-033087bf9976",3,2,"> 4 (3.5-5)",">",3.5,5,TRUE,"number of age classes - Family COTTIDAE","Rule0",NA,NA,NA,NA,NA,"Main_VetGlen","Main_VetGlen",0,"Main_VetGlen_L2_Rule0_n_ac_Cott"
"LBR_Fish_BCG_v1","Main_VetGlen","n_ac_Cott","fe6b180a-ec70-417f-b7a5-4ac38018636a",3,3,"> 2 (1.5-3.5)",">",1.5,3.5,TRUE,"number of age classes - Family COTTIDAE","Rule0",NA,NA,NA,NA,NA,"Main_VetGlen","Main_VetGlen",0.75,"Main_VetGlen_L3_Rule0_n_ac_Cott"
"LBR_Fish_BCG_v1","Main_VetGlen","n_ac_Cott","fe6b180a-ec70-417f-b7a5-4ac38018636a",3,2,"> 4 (3.5-5)",">",3.5,5,TRUE,"number of age classes - Family COTTIDAE","Rule0",NA,NA,NA,NA,NA,"Main_VetGlen","Main_VetGlen",0,"Main_VetGlen_L2_Rule0_n_ac_Cott"
"LBR_Fish_BCG_v1","Main_VetGlen","n_ac_Cott","BRGlen2017",2,3,"> 2 (1.5-3.5)",">",1.5,3.5,TRUE,"number of age classes - Family COTTIDAE","Rule0",NA,NA,NA,NA,NA,"Main_VetGlen","Main_VetGlen",0.25,"Main_VetGlen_L3_Rule0_n_ac_Cott"
"LBR_Fish_BCG_v1","Main_VetGlen","n_ac_Cott","BRGlen2017",2,2,"> 4 (3.5-5)",">",3.5,5,TRUE,"number of age classes - Family COTTIDAE","Rule0",NA,NA,NA,NA,NA,"Main_VetGlen","Main_VetGlen",0,"Main_VetGlen_L2_Rule0_n_ac_Cott"
"LBR_Fish_BCG_v1","Main_VetGlen","n_ac_Cott","BRGlen2001",3,3,"> 2 (1.5-3.5)",">",1.5,3.5,TRUE,"number of age classes - Family COTTIDAE","Rule0",NA,NA,NA,NA,NA,"Main_VetGlen","Main_VetGlen",0.75,"Main_VetGlen_L3_Rule0_n_ac_Cott"
"LBR_Fish_BCG_v1","Main_VetGlen","n_ac_Cott","BRGlen2001",3,2,"> 4 (3.5-5)",">",3.5,5,TRUE,"number of age classes - Family COTTIDAE","Rule0",NA,NA,NA,NA,NA,"Main_VetGlen","Main_VetGlen",0,"Main_VetGlen_L2_Rule0_n_ac_Cott"
"LBR_Fish_BCG_v1","Main_VetGlen","n_ac_Cott","BRGlen1995",0,3,"> 2 (1.5-3.5)",">",1.5,3.5,TRUE,"number of age classes - Family COTTIDAE","Rule0",NA,NA,NA,NA,NA,"Main_VetGlen","Main_VetGlen",0,"Main_VetGlen_L3_Rule0_n_ac_Cott"
"LBR_Fish_BCG_v1","Main_VetGlen","n_ac_Cott","BRGlen1995",0,2,"> 4 (3.5-5)",">",3.5,5,TRUE,"number of age classes - Family COTTIDAE","Rule0",NA,NA,NA,NA,NA,"Main_VetGlen","Main_VetGlen",0,"Main_VetGlen_L2_Rule0_n_ac_Cott"
"LBR_Fish_BCG_v1","Main_VetGlen","n_ac_Cott","BRVetMem1995",1,3,"> 2 (1.5-3.5)",">",1.5,3.5,TRUE,"number of age classes - Family COTTIDAE","Rule0",NA,NA,NA,NA,NA,"Main_VetGlen","Main_VetGlen",0,"Main_VetGlen_L3_Rule0_n_ac_Cott"
"LBR_Fish_BCG_v1","Main_VetGlen","n_ac_Cott","BRVetMem1995",1,2,"> 4 (3.5-5)",">",3.5,5,TRUE,"number of age classes - Family COTTIDAE","Rule0",NA,NA,NA,NA,NA,"Main_VetGlen","Main_VetGlen",0,"Main_VetGlen_L2_Rule0_n_ac_Cott"
"LBR_Fish_BCG_v1","Main_VetGlen","n_ac_Cott","BRVetMem2017",4,3,"> 2 (1.5-3.5)",">",1.5,3.5,TRUE,"number of age classes - Family COTTIDAE","Rule0",NA,NA,NA,NA,NA,"Main_VetGlen","Main_VetGlen",1,"Main_VetGlen_L3_Rule0_n_ac_Cott"
"LBR_Fish_BCG_v1","Main_VetGlen","n_ac_Cott","BRVetMem2017",4,2,"> 4 (3.5-5)",">",3.5,5,TRUE,"number of age classes - Family COTTIDAE","Rule0",NA,NA,NA,NA,NA,"Main_VetGlen","Main_VetGlen",0.333333333333333,"Main_VetGlen_L2_Rule0_n_ac_Cott"
"LBR_Fish_BCG_v1","Main_VetGlen","n_ac_Cott","BRGlen2004",0,3,"> 2 (1.5-3.5)",">",1.5,3.5,TRUE,"number of age classes - Family COTTIDAE","Rule0",NA,NA,NA,NA,NA,"Main_VetGlen","Main_VetGlen",0,"Main_VetGlen_L3_Rule0_n_ac_Cott"
"LBR_Fish_BCG_v1","Main_VetGlen","n_ac_Cott","BRGlen2004",0,2,"> 4 (3.5-5)",">",3.5,5,TRUE,"number of age classes - Family COTTIDAE","Rule0",NA,NA,NA,NA,NA,"Main_VetGlen","Main_VetGlen",0,"Main_VetGlen_L2_Rule0_n_ac_Cott"
"LBR_Fish_BCG_v1","Main_VetGlen","n_ac_Cott","cf1764a0-4741-4b76-ba53-afd859933eac",3,3,"> 2 (1.5-3.5)",">",1.5,3.5,TRUE,"number of age classes - Family COTTIDAE","Rule0",NA,NA,NA,NA,NA,"Main_VetGlen","Main_VetGlen",0.75,"Main_VetGlen_L3_Rule0_n_ac_Cott"
"LBR_Fish_BCG_v1","Main_VetGlen","n_ac_Cott","cf1764a0-4741-4b76-ba53-afd859933eac",3,2,"> 4 (3.5-5)",">",3.5,5,TRUE,"number of age classes - Family COTTIDAE","Rule0",NA,NA,NA,NA,NA,"Main_VetGlen","Main_VetGlen",0,"Main_VetGlen_L2_Rule0_n_ac_Cott"
"LBR_Fish_BCG_v1","Main_VetGlen","n_ac_rbt","BRGlen2005",3,2,"> 5 (4.5-6)",">",4.5,6,TRUE,"number of age classes - Rainbow Trout","Rule0",NA,NA,NA,NA,NA,"Main_VetGlen","Main_VetGlen",0,"Main_VetGlen_L2_Rule0_n_ac_rbt"
"LBR_Fish_BCG_v1","Main_VetGlen","n_ac_rbt","BRGlen2005",3,3,"> 3 (2.5-4)",">",2.5,4,TRUE,"number of age classes - Rainbow Trout","Rule0",NA,NA,NA,NA,NA,"Main_VetGlen","Main_VetGlen",0.333333333333333,"Main_VetGlen_L3_Rule0_n_ac_rbt"
"LBR_Fish_BCG_v1","Main_VetGlen","n_ac_rbt","BRGlen2005",3,4,"> 1 (0.5-2)",">",0.5,2,TRUE,"number of age classes - Rainbow Trout","Rule0",NA,NA,NA,NA,NA,"Main_VetGlen","Main_VetGlen",1,"Main_VetGlen_L4_Rule0_n_ac_rbt"
"LBR_Fish_BCG_v1","Main_VetGlen","n_ac_rbt","BRGlen1995",5,2,"> 5 (4.5-6)",">",4.5,6,TRUE,"number of age classes - Rainbow Trout","Rule0",NA,NA,NA,NA,NA,"Main_VetGlen","Main_VetGlen",0.333333333333333,"Main_VetGlen_L2_Rule0_n_ac_rbt"
"LBR_Fish_BCG_v1","Main_VetGlen","n_ac_rbt","BRGlen1995",5,3,"> 3 (2.5-4)",">",2.5,4,TRUE,"number of age classes - Rainbow Trout","Rule0",NA,NA,NA,NA,NA,"Main_VetGlen","Main_VetGlen",1,"Main_VetGlen_L3_Rule0_n_ac_rbt"
"LBR_Fish_BCG_v1","Main_VetGlen","n_ac_rbt","BRGlen1995",5,4,"> 1 (0.5-2)",">",0.5,2,TRUE,"number of age classes - Rainbow Trout","Rule0",NA,NA,NA,NA,NA,"Main_VetGlen","Main_VetGlen",1,"Main_VetGlen_L4_Rule0_n_ac_rbt"
"LBR_Fish_BCG_v1","Main_VetGlen","n_ac_rbt","6126b9b7-3511-42ee-acff-1f0f2be4f836",5,2,"> 5 (4.5-6)",">",4.5,6,TRUE,"number of age classes - Rainbow Trout","Rule0",NA,NA,NA,NA,NA,"Main_VetGlen","Main_VetGlen",0.333333333333333,"Main_VetGlen_L2_Rule0_n_ac_rbt"
"LBR_Fish_BCG_v1","Main_VetGlen","n_ac_rbt","6126b9b7-3511-42ee-acff-1f0f2be4f836",5,3,"> 3 (2.5-4)",">",2.5,4,TRUE,"number of age classes - Rainbow Trout","Rule0",NA,NA,NA,NA,NA,"Main_VetGlen","Main_VetGlen",1,"Main_VetGlen_L3_Rule0_n_ac_rbt"
"LBR_Fish_BCG_v1","Main_VetGlen","n_ac_rbt","6126b9b7-3511-42ee-acff-1f0f2be4f836",5,4,"> 1 (0.5-2)",">",0.5,2,TRUE,"number of age classes - Rainbow Trout","Rule0",NA,NA,NA,NA,NA,"Main_VetGlen","Main_VetGlen",1,"Main_VetGlen_L4_Rule0_n_ac_rbt"
"LBR_Fish_BCG_v1","Main_VetGlen","n_ac_rbt","c114e631-92cb-4abf-b6ea-033087bf9976",4,2,"> 5 (4.5-6)",">",4.5,6,TRUE,"number of age classes - Rainbow Trout","Rule0",NA,NA,NA,NA,NA,"Main_VetGlen","Main_VetGlen",0,"Main_VetGlen_L2_Rule0_n_ac_rbt"
"LBR_Fish_BCG_v1","Main_VetGlen","n_ac_rbt","c114e631-92cb-4abf-b6ea-033087bf9976",4,3,"> 3 (2.5-4)",">",2.5,4,TRUE,"number of age classes - Rainbow Trout","Rule0",NA,NA,NA,NA,NA,"Main_VetGlen","Main_VetGlen",1,"Main_VetGlen_L3_Rule0_n_ac_rbt"
"LBR_Fish_BCG_v1","Main_VetGlen","n_ac_rbt","c114e631-92cb-4abf-b6ea-033087bf9976",4,4,"> 1 (0.5-2)",">",0.5,2,TRUE,"number of age classes - Rainbow Trout","Rule0",NA,NA,NA,NA,NA,"Main_VetGlen","Main_VetGlen",1,"Main_VetGlen_L4_Rule0_n_ac_rbt"
"LBR_Fish_BCG_v1","Main_VetGlen","n_ac_rbt","BRVetMem1995",4,2,"> 5 (4.5-6)",">",4.5,6,TRUE,"number of age classes - Rainbow Trout","Rule0",NA,NA,NA,NA,NA,"Main_VetGlen","Main_VetGlen",0,"Main_VetGlen_L2_Rule0_n_ac_rbt"
"LBR_Fish_BCG_v1","Main_VetGlen","n_ac_rbt","BRVetMem1995",4,3,"> 3 (2.5-4)",">",2.5,4,TRUE,"number of age classes - Rainbow Trout","Rule0",NA,NA,NA,NA,NA,"Main_VetGlen","Main_VetGlen",1,"Main_VetGlen_L3_Rule0_n_ac_rbt"
"LBR_Fish_BCG_v1","Main_VetGlen","n_ac_rbt","BRVetMem1995",4,4,"> 1 (0.5-2)",">",0.5,2,TRUE,"number of age classes - Rainbow Trout","Rule0",NA,NA,NA,NA,NA,"Main_VetGlen","Main_VetGlen",1,"Main_VetGlen_L4_Rule0_n_ac_rbt"
"LBR_Fish_BCG_v1","Main_VetGlen","n_ac_rbt","BRVetMem1996",2,2,"> 5 (4.5-6)",">",4.5,6,TRUE,"number of age classes - Rainbow Trout","Rule0",NA,NA,NA,NA,NA,"Main_VetGlen","Main_VetGlen",0,"Main_VetGlen_L2_Rule0_n_ac_rbt"
"LBR_Fish_BCG_v1","Main_VetGlen","n_ac_rbt","BRVetMem1996",2,3,"> 3 (2.5-4)",">",2.5,4,TRUE,"number of age classes - Rainbow Trout","Rule0",NA,NA,NA,NA,NA,"Main_VetGlen","Main_VetGlen",0,"Main_VetGlen_L3_Rule0_n_ac_rbt"
"LBR_Fish_BCG_v1","Main_VetGlen","n_ac_rbt","BRVetMem1996",2,4,"> 1 (0.5-2)",">",0.5,2,TRUE,"number of age classes - Rainbow Trout","Rule0",NA,NA,NA,NA,NA,"Main_VetGlen","Main_VetGlen",1,"Main_VetGlen_L4_Rule0_n_ac_rbt"
"LBR_Fish_BCG_v1","Main_VetGlen","n_ac_rbt","BRGlen2003",4,2,"> 5 (4.5-6)",">",4.5,6,TRUE,"number of age classes - Rainbow Trout","Rule0",NA,NA,NA,NA,NA,"Main_VetGlen","Main_VetGlen",0,"Main_VetGlen_L2_Rule0_n_ac_rbt"
"LBR_Fish_BCG_v1","Main_VetGlen","n_ac_rbt","BRGlen2003",4,3,"> 3 (2.5-4)",">",2.5,4,TRUE,"number of age classes - Rainbow Trout","Rule0",NA,NA,NA,NA,NA,"Main_VetGlen","Main_VetGlen",1,"Main_VetGlen_L3_Rule0_n_ac_rbt"
"LBR_Fish_BCG_v1","Main_VetGlen","n_ac_rbt","BRGlen2003",4,4,"> 1 (0.5-2)",">",0.5,2,TRUE,"number of age classes - Rainbow Trout","Rule0",NA,NA,NA,NA,NA,"Main_VetGlen","Main_VetGlen",1,"Main_VetGlen_L4_Rule0_n_ac_rbt"
"LBR_Fish_BCG_v1","Main_VetGlen","n_ac_rbt","BRVetMem2017",3,2,"> 5 (4.5-6)",">",4.5,6,TRUE,"number of age classes - Rainbow Trout","Rule0",NA,NA,NA,NA,NA,"Main_VetGlen","Main_VetGlen",0,"Main_VetGlen_L2_Rule0_n_ac_rbt"
"LBR_Fish_BCG_v1","Main_VetGlen","n_ac_rbt","BRVetMem2017",3,3,"> 3 (2.5-4)",">",2.5,4,TRUE,"number of age classes - Rainbow Trout","Rule0",NA,NA,NA,NA,NA,"Main_VetGlen","Main_VetGlen",0.333333333333333,"Main_VetGlen_L3_Rule0_n_ac_rbt"
"LBR_Fish_BCG_v1","Main_VetGlen","n_ac_rbt","BRVetMem2017",3,4,"> 1 (0.5-2)",">",0.5,2,TRUE,"number of age classes - Rainbow Trout","Rule0",NA,NA,NA,NA,NA,"Main_VetGlen","Main_VetGlen",1,"Main_VetGlen_L4_Rule0_n_ac_rbt"
"LBR_Fish_BCG_v1","Main_VetGlen","n_ac_rbt","BRGlen2004",3,2,"> 5 (4.5-6)",">",4.5,6,TRUE,"number of age classes - Rainbow Trout","Rule0",NA,NA,NA,NA,NA,"Main_VetGlen","Main_VetGlen",0,"Main_VetGlen_L2_Rule0_n_ac_rbt"
"LBR_Fish_BCG_v1","Main_VetGlen","n_ac_rbt","BRGlen2004",3,3,"> 3 (2.5-4)",">",2.5,4,TRUE,"number of age classes - Rainbow Trout","Rule0",NA,NA,NA,NA,NA,"Main_VetGlen","Main_VetGlen",0.333333333333333,"Main_VetGlen_L3_Rule0_n_ac_rbt"
"LBR_Fish_BCG_v1","Main_VetGlen","n_ac_rbt","BRGlen2004",3,4,"> 1 (0.5-2)",">",0.5,2,TRUE,"number of age classes - Rainbow Trout","Rule0",NA,NA,NA,NA,NA,"Main_VetGlen","Main_VetGlen",1,"Main_VetGlen_L4_Rule0_n_ac_rbt"
"LBR_Fish_BCG_v1","Main_VetGlen","n_ac_rbt","BRVetMem2003",5,2,"> 5 (4.5-6)",">",4.5,6,TRUE,"number of age classes - Rainbow Trout","Rule0",NA,NA,NA,NA,NA,"Main_VetGlen","Main_VetGlen",0.333333333333333,"Main_VetGlen_L2_Rule0_n_ac_rbt"
"LBR_Fish_BCG_v1","Main_VetGlen","n_ac_rbt","BRVetMem2003",5,3,"> 3 (2.5-4)",">",2.5,4,TRUE,"number of age classes - Rainbow Trout","Rule0",NA,NA,NA,NA,NA,"Main_VetGlen","Main_VetGlen",1,"Main_VetGlen_L3_Rule0_n_ac_rbt"
"LBR_Fish_BCG_v1","Main_VetGlen","n_ac_rbt","BRVetMem2003",5,4,"> 1 (0.5-2)",">",0.5,2,TRUE,"number of age classes - Rainbow Trout","Rule0",NA,NA,NA,NA,NA,"Main_VetGlen","Main_VetGlen",1,"Main_VetGlen_L4_Rule0_n_ac_rbt"
"LBR_Fish_BCG_v1","Main_VetGlen","n_ac_rbt","d431fc87-f222-499f-90cc-d7a26a249ad1",5,2,"> 5 (4.5-6)",">",4.5,6,TRUE,"number of age classes - Rainbow Trout","Rule0",NA,NA,NA,NA,NA,"Main_VetGlen","Main_VetGlen",0.333333333333333,"Main_VetGlen_L2_Rule0_n_ac_rbt"
"LBR_Fish_BCG_v1","Main_VetGlen","n_ac_rbt","d431fc87-f222-499f-90cc-d7a26a249ad1",5,3,"> 3 (2.5-4)",">",2.5,4,TRUE,"number of age classes - Rainbow Trout","Rule0",NA,NA,NA,NA,NA,"Main_VetGlen","Main_VetGlen",1,"Main_VetGlen_L3_Rule0_n_ac_rbt"
"LBR_Fish_BCG_v1","Main_VetGlen","n_ac_rbt","d431fc87-f222-499f-90cc-d7a26a249ad1",5,4,"> 1 (0.5-2)",">",0.5,2,TRUE,"number of age classes - Rainbow Trout","Rule0",NA,NA,NA,NA,NA,"Main_VetGlen","Main_VetGlen",1,"Main_VetGlen_L4_Rule0_n_ac_rbt"
"LBR_Fish_BCG_v1","Main_VetGlen","n_ac_rbt","BRGlen2014",6,2,"> 5 (4.5-6)",">",4.5,6,TRUE,"number of age classes - Rainbow Trout","Rule0",NA,NA,NA,NA,NA,"Main_VetGlen","Main_VetGlen",1,"Main_VetGlen_L2_Rule0_n_ac_rbt"
"LBR_Fish_BCG_v1","Main_VetGlen","n_ac_rbt","BRGlen2014",6,3,"> 3 (2.5-4)",">",2.5,4,TRUE,"number of age classes - Rainbow Trout","Rule0",NA,NA,NA,NA,NA,"Main_VetGlen","Main_VetGlen",1,"Main_VetGlen_L3_Rule0_n_ac_rbt"
"LBR_Fish_BCG_v1","Main_VetGlen","n_ac_rbt","BRGlen2014",6,4,"> 1 (0.5-2)",">",0.5,2,TRUE,"number of age classes - Rainbow Trout","Rule0",NA,NA,NA,NA,NA,"Main_VetGlen","Main_VetGlen",1,"Main_VetGlen_L4_Rule0_n_ac_rbt"
"LBR_Fish_BCG_v1","Main_VetGlen","n_ac_rbt","BRGlen2017",3,2,"> 5 (4.5-6)",">",4.5,6,TRUE,"number of age classes - Rainbow Trout","Rule0",NA,NA,NA,NA,NA,"Main_VetGlen","Main_VetGlen",0,"Main_VetGlen_L2_Rule0_n_ac_rbt"
"LBR_Fish_BCG_v1","Main_VetGlen","n_ac_rbt","BRGlen2017",3,3,"> 3 (2.5-4)",">",2.5,4,TRUE,"number of age classes - Rainbow Trout","Rule0",NA,NA,NA,NA,NA,"Main_VetGlen","Main_VetGlen",0.333333333333333,"Main_VetGlen_L3_Rule0_n_ac_rbt"
"LBR_Fish_BCG_v1","Main_VetGlen","n_ac_rbt","BRGlen2017",3,4,"> 1 (0.5-2)",">",0.5,2,TRUE,"number of age classes - Rainbow Trout","Rule0",NA,NA,NA,NA,NA,"Main_VetGlen","Main_VetGlen",1,"Main_VetGlen_L4_Rule0_n_ac_rbt"
"LBR_Fish_BCG_v1","Main_VetGlen","n_ac_rbt","BRVetMem2005",5,2,"> 5 (4.5-6)",">",4.5,6,TRUE,"number of age classes - Rainbow Trout","Rule0",NA,NA,NA,NA,NA,"Main_VetGlen","Main_VetGlen",0.333333333333333,"Main_VetGlen_L2_Rule0_n_ac_rbt"
"LBR_Fish_BCG_v1","Main_VetGlen","n_ac_rbt","BRVetMem2005",5,3,"> 3 (2.5-4)",">",2.5,4,TRUE,"number of age classes - Rainbow Trout","Rule0",NA,NA,NA,NA,NA,"Main_VetGlen","Main_VetGlen",1,"Main_VetGlen_L3_Rule0_n_ac_rbt"
"LBR_Fish_BCG_v1","Main_VetGlen","n_ac_rbt","BRVetMem2005",5,4,"> 1 (0.5-2)",">",0.5,2,TRUE,"number of age classes - Rainbow Trout","Rule0",NA,NA,NA,NA,NA,"Main_VetGlen","Main_VetGlen",1,"Main_VetGlen_L4_Rule0_n_ac_rbt"
"LBR_Fish_BCG_v1","Main_VetGlen","n_ac_rbt","BRGlen1996",4,2,"> 5 (4.5-6)",">",4.5,6,TRUE,"number of age classes - Rainbow Trout","Rule0",NA,NA,NA,NA,NA,"Main_VetGlen","Main_VetGlen",0,"Main_VetGlen_L2_Rule0_n_ac_rbt"
"LBR_Fish_BCG_v1","Main_VetGlen","n_ac_rbt","BRGlen1996",4,3,"> 3 (2.5-4)",">",2.5,4,TRUE,"number of age classes - Rainbow Trout","Rule0",NA,NA,NA,NA,NA,"Main_VetGlen","Main_VetGlen",1,"Main_VetGlen_L3_Rule0_n_ac_rbt"
"LBR_Fish_BCG_v1","Main_VetGlen","n_ac_rbt","BRGlen1996",4,4,"> 1 (0.5-2)",">",0.5,2,TRUE,"number of age classes - Rainbow Trout","Rule0",NA,NA,NA,NA,NA,"Main_VetGlen","Main_VetGlen",1,"Main_VetGlen_L4_Rule0_n_ac_rbt"
"LBR_Fish_BCG_v1","Main_VetGlen","n_ac_rbt","fe6b180a-ec70-417f-b7a5-4ac38018636a",4,2,"> 5 (4.5-6)",">",4.5,6,TRUE,"number of age classes - Rainbow Trout","Rule0",NA,NA,NA,NA,NA,"Main_VetGlen","Main_VetGlen",0,"Main_VetGlen_L2_Rule0_n_ac_rbt"
"LBR_Fish_BCG_v1","Main_VetGlen","n_ac_rbt","fe6b180a-ec70-417f-b7a5-4ac38018636a",4,3,"> 3 (2.5-4)",">",2.5,4,TRUE,"number of age classes - Rainbow Trout","Rule0",NA,NA,NA,NA,NA,"Main_VetGlen","Main_VetGlen",1,"Main_VetGlen_L3_Rule0_n_ac_rbt"
"LBR_Fish_BCG_v1","Main_VetGlen","n_ac_rbt","fe6b180a-ec70-417f-b7a5-4ac38018636a",4,4,"> 1 (0.5-2)",">",0.5,2,TRUE,"number of age classes - Rainbow Trout","Rule0",NA,NA,NA,NA,NA,"Main_VetGlen","Main_VetGlen",1,"Main_VetGlen_L4_Rule0_n_ac_rbt"
"LBR_Fish_BCG_v1","Main_VetGlen","n_ac_rbt","cf1764a0-4741-4b76-ba53-afd859933eac",3,2,"> 5 (4.5-6)",">",4.5,6,TRUE,"number of age classes - Rainbow Trout","Rule0",NA,NA,NA,NA,NA,"Main_VetGlen","Main_VetGlen",0,"Main_VetGlen_L2_Rule0_n_ac_rbt"
"LBR_Fish_BCG_v1","Main_VetGlen","n_ac_rbt","cf1764a0-4741-4b76-ba53-afd859933eac",3,3,"> 3 (2.5-4)",">",2.5,4,TRUE,"number of age classes - Rainbow Trout","Rule0",NA,NA,NA,NA,NA,"Main_VetGlen","Main_VetGlen",0.333333333333333,"Main_VetGlen_L3_Rule0_n_ac_rbt"
"LBR_Fish_BCG_v1","Main_VetGlen","n_ac_rbt","cf1764a0-4741-4b76-ba53-afd859933eac",3,4,"> 1 (0.5-2)",">",0.5,2,TRUE,"number of age classes - Rainbow Trout","Rule0",NA,NA,NA,NA,NA,"Main_VetGlen","Main_VetGlen",1,"Main_VetGlen_L4_Rule0_n_ac_rbt"
"LBR_Fish_BCG_v1","Main_VetGlen","n_ac_rbt","BRGlen2001",3,2,"> 5 (4.5-6)",">",4.5,6,TRUE,"number of age classes - Rainbow Trout","Rule0",NA,NA,NA,NA,NA,"Main_VetGlen","Main_VetGlen",0,"Main_VetGlen_L2_Rule0_n_ac_rbt"
"LBR_Fish_BCG_v1","Main_VetGlen","n_ac_rbt","BRGlen2001",3,3,"> 3 (2.5-4)",">",2.5,4,TRUE,"number of age classes - Rainbow Trout","Rule0",NA,NA,NA,NA,NA,"Main_VetGlen","Main_VetGlen",0.333333333333333,"Main_VetGlen_L3_Rule0_n_ac_rbt"
"LBR_Fish_BCG_v1","Main_VetGlen","n_ac_rbt","BRGlen2001",3,4,"> 1 (0.5-2)",">",0.5,2,TRUE,"number of age classes - Rainbow Trout","Rule0",NA,NA,NA,NA,NA,"Main_VetGlen","Main_VetGlen",1,"Main_VetGlen_L4_Rule0_n_ac_rbt"
"LBR_Fish_BCG_v1","Main_VetGlen","nt_BCG2_att1234b","BRGlen2014",6,2,"> 6 (5-8)",">",5,8,TRUE,"number of taxa - BCG Attribute I + II + III + IV_better","Rule0",NA,NA,NA,NA,NA,"Main_VetGlen","Main_VetGlen",0.333333333333333,"Main_VetGlen_L2_Rule0_nt_BCG2_att1234b"
"LBR_Fish_BCG_v1","Main_VetGlen","nt_BCG2_att1234b","BRGlen2014",6,3,"> 3 (2-5)",">",2,5,TRUE,"number of taxa - BCG Attribute I + II + III + IV_better","Rule0",NA,NA,NA,NA,NA,"Main_VetGlen","Main_VetGlen",1,"Main_VetGlen_L3_Rule0_nt_BCG2_att1234b"
"LBR_Fish_BCG_v1","Main_VetGlen","nt_BCG2_att1234b","BRGlen2014",6,4,"> 1 (0.5-2)",">",0.5,2,TRUE,"number of taxa - BCG Attribute I + II + III + IV_better","Rule0",NA,NA,NA,NA,NA,"Main_VetGlen","Main_VetGlen",1,"Main_VetGlen_L4_Rule0_nt_BCG2_att1234b"
"LBR_Fish_BCG_v1","Main_VetGlen","nt_BCG2_att1234b","BRVetMem2017",6,2,"> 6 (5-8)",">",5,8,TRUE,"number of taxa - BCG Attribute I + II + III + IV_better","Rule0",NA,NA,NA,NA,NA,"Main_VetGlen","Main_VetGlen",0.333333333333333,"Main_VetGlen_L2_Rule0_nt_BCG2_att1234b"
"LBR_Fish_BCG_v1","Main_VetGlen","nt_BCG2_att1234b","BRVetMem2017",6,3,"> 3 (2-5)",">",2,5,TRUE,"number of taxa - BCG Attribute I + II + III + IV_better","Rule0",NA,NA,NA,NA,NA,"Main_VetGlen","Main_VetGlen",1,"Main_VetGlen_L3_Rule0_nt_BCG2_att1234b"
"LBR_Fish_BCG_v1","Main_VetGlen","nt_BCG2_att1234b","BRVetMem2017",6,4,"> 1 (0.5-2)",">",0.5,2,TRUE,"number of taxa - BCG Attribute I + II + III + IV_better","Rule0",NA,NA,NA,NA,NA,"Main_VetGlen","Main_VetGlen",1,"Main_VetGlen_L4_Rule0_nt_BCG2_att1234b"
"LBR_Fish_BCG_v1","Main_VetGlen","nt_BCG2_att1234b","6126b9b7-3511-42ee-acff-1f0f2be4f836",6,2,"> 6 (5-8)",">",5,8,TRUE,"number of taxa - BCG Attribute I + II + III + IV_better","Rule0",NA,NA,NA,NA,NA,"Main_VetGlen","Main_VetGlen",0.333333333333333,"Main_VetGlen_L2_Rule0_nt_BCG2_att1234b"
"LBR_Fish_BCG_v1","Main_VetGlen","nt_BCG2_att1234b","6126b9b7-3511-42ee-acff-1f0f2be4f836",6,3,"> 3 (2-5)",">",2,5,TRUE,"number of taxa - BCG Attribute I + II + III + IV_better","Rule0",NA,NA,NA,NA,NA,"Main_VetGlen","Main_VetGlen",1,"Main_VetGlen_L3_Rule0_nt_BCG2_att1234b"
"LBR_Fish_BCG_v1","Main_VetGlen","nt_BCG2_att1234b","6126b9b7-3511-42ee-acff-1f0f2be4f836",6,4,"> 1 (0.5-2)",">",0.5,2,TRUE,"number of taxa - BCG Attribute I + II + III + IV_better","Rule0",NA,NA,NA,NA,NA,"Main_VetGlen","Main_VetGlen",1,"Main_VetGlen_L4_Rule0_nt_BCG2_att1234b"
"LBR_Fish_BCG_v1","Main_VetGlen","nt_BCG2_att1234b","BRGlen2005",5,2,"> 6 (5-8)",">",5,8,TRUE,"number of taxa - BCG Attribute I + II + III + IV_better","Rule0",NA,NA,NA,NA,NA,"Main_VetGlen","Main_VetGlen",0,"Main_VetGlen_L2_Rule0_nt_BCG2_att1234b"
"LBR_Fish_BCG_v1","Main_VetGlen","nt_BCG2_att1234b","BRGlen2005",5,3,"> 3 (2-5)",">",2,5,TRUE,"number of taxa - BCG Attribute I + II + III + IV_better","Rule0",NA,NA,NA,NA,NA,"Main_VetGlen","Main_VetGlen",1,"Main_VetGlen_L3_Rule0_nt_BCG2_att1234b"
"LBR_Fish_BCG_v1","Main_VetGlen","nt_BCG2_att1234b","BRGlen2005",5,4,"> 1 (0.5-2)",">",0.5,2,TRUE,"number of taxa - BCG Attribute I + II + III + IV_better","Rule0",NA,NA,NA,NA,NA,"Main_VetGlen","Main_VetGlen",1,"Main_VetGlen_L4_Rule0_nt_BCG2_att1234b"
"LBR_Fish_BCG_v1","Main_VetGlen","nt_BCG2_att1234b","BRGlen2017",5,2,"> 6 (5-8)",">",5,8,TRUE,"number of taxa - BCG Attribute I + II + III + IV_better","Rule0",NA,NA,NA,NA,NA,"Main_VetGlen","Main_VetGlen",0,"Main_VetGlen_L2_Rule0_nt_BCG2_att1234b"
"LBR_Fish_BCG_v1","Main_VetGlen","nt_BCG2_att1234b","BRGlen2017",5,3,"> 3 (2-5)",">",2,5,TRUE,"number of taxa - BCG Attribute I + II + III + IV_better","Rule0",NA,NA,NA,NA,NA,"Main_VetGlen","Main_VetGlen",1,"Main_VetGlen_L3_Rule0_nt_BCG2_att1234b"
"LBR_Fish_BCG_v1","Main_VetGlen","nt_BCG2_att1234b","BRGlen2017",5,4,"> 1 (0.5-2)",">",0.5,2,TRUE,"number of taxa - BCG Attribute I + II + III + IV_better","Rule0",NA,NA,NA,NA,NA,"Main_VetGlen","Main_VetGlen",1,"Main_VetGlen_L4_Rule0_nt_BCG2_att1234b"
"LBR_Fish_BCG_v1","Main_VetGlen","nt_BCG2_att1234b","c114e631-92cb-4abf-b6ea-033087bf9976",6,2,"> 6 (5-8)",">",5,8,TRUE,"number of taxa - BCG Attribute I + II + III + IV_better","Rule0",NA,NA,NA,NA,NA,"Main_VetGlen","Main_VetGlen",0.333333333333333,"Main_VetGlen_L2_Rule0_nt_BCG2_att1234b"
"LBR_Fish_BCG_v1","Main_VetGlen","nt_BCG2_att1234b","c114e631-92cb-4abf-b6ea-033087bf9976",6,3,"> 3 (2-5)",">",2,5,TRUE,"number of taxa - BCG Attribute I + II + III + IV_better","Rule0",NA,NA,NA,NA,NA,"Main_VetGlen","Main_VetGlen",1,"Main_VetGlen_L3_Rule0_nt_BCG2_att1234b"
"LBR_Fish_BCG_v1","Main_VetGlen","nt_BCG2_att1234b","c114e631-92cb-4abf-b6ea-033087bf9976",6,4,"> 1 (0.5-2)",">",0.5,2,TRUE,"number of taxa - BCG Attribute I + II + III + IV_better","Rule0",NA,NA,NA,NA,NA,"Main_VetGlen","Main_VetGlen",1,"Main_VetGlen_L4_Rule0_nt_BCG2_att1234b"
"LBR_Fish_BCG_v1","Main_VetGlen","nt_BCG2_att1234b","BRGlen1996",5,2,"> 6 (5-8)",">",5,8,TRUE,"number of taxa - BCG Attribute I + II + III + IV_better","Rule0",NA,NA,NA,NA,NA,"Main_VetGlen","Main_VetGlen",0,"Main_VetGlen_L2_Rule0_nt_BCG2_att1234b"
"LBR_Fish_BCG_v1","Main_VetGlen","nt_BCG2_att1234b","BRGlen1996",5,3,"> 3 (2-5)",">",2,5,TRUE,"number of taxa - BCG Attribute I + II + III + IV_better","Rule0",NA,NA,NA,NA,NA,"Main_VetGlen","Main_VetGlen",1,"Main_VetGlen_L3_Rule0_nt_BCG2_att1234b"
"LBR_Fish_BCG_v1","Main_VetGlen","nt_BCG2_att1234b","BRGlen1996",5,4,"> 1 (0.5-2)",">",0.5,2,TRUE,"number of taxa - BCG Attribute I + II + III + IV_better","Rule0",NA,NA,NA,NA,NA,"Main_VetGlen","Main_VetGlen",1,"Main_VetGlen_L4_Rule0_nt_BCG2_att1234b"
"LBR_Fish_BCG_v1","Main_VetGlen","nt_BCG2_att1234b","BRGlen2004",3,2,"> 6 (5-8)",">",5,8,TRUE,"number of taxa - BCG Attribute I + II + III + IV_better","Rule0",NA,NA,NA,NA,NA,"Main_VetGlen","Main_VetGlen",0,"Main_VetGlen_L2_Rule0_nt_BCG2_att1234b"
"LBR_Fish_BCG_v1","Main_VetGlen","nt_BCG2_att1234b","BRGlen2004",3,3,"> 3 (2-5)",">",2,5,TRUE,"number of taxa - BCG Attribute I + II + III + IV_better","Rule0",NA,NA,NA,NA,NA,"Main_VetGlen","Main_VetGlen",0.333333333333333,"Main_VetGlen_L3_Rule0_nt_BCG2_att1234b"
"LBR_Fish_BCG_v1","Main_VetGlen","nt_BCG2_att1234b","BRGlen2004",3,4,"> 1 (0.5-2)",">",0.5,2,TRUE,"number of taxa - BCG Attribute I + II + III + IV_better","Rule0",NA,NA,NA,NA,NA,"Main_VetGlen","Main_VetGlen",1,"Main_VetGlen_L4_Rule0_nt_BCG2_att1234b"
"LBR_Fish_BCG_v1","Main_VetGlen","nt_BCG2_att1234b","BRGlen2003",6,2,"> 6 (5-8)",">",5,8,TRUE,"number of taxa - BCG Attribute I + II + III + IV_better","Rule0",NA,NA,NA,NA,NA,"Main_VetGlen","Main_VetGlen",0.333333333333333,"Main_VetGlen_L2_Rule0_nt_BCG2_att1234b"
"LBR_Fish_BCG_v1","Main_VetGlen","nt_BCG2_att1234b","BRGlen2003",6,3,"> 3 (2-5)",">",2,5,TRUE,"number of taxa - BCG Attribute I + II + III + IV_better","Rule0",NA,NA,NA,NA,NA,"Main_VetGlen","Main_VetGlen",1,"Main_VetGlen_L3_Rule0_nt_BCG2_att1234b"
"LBR_Fish_BCG_v1","Main_VetGlen","nt_BCG2_att1234b","BRGlen2003",6,4,"> 1 (0.5-2)",">",0.5,2,TRUE,"number of taxa - BCG Attribute I + II + III + IV_better","Rule0",NA,NA,NA,NA,NA,"Main_VetGlen","Main_VetGlen",1,"Main_VetGlen_L4_Rule0_nt_BCG2_att1234b"
"LBR_Fish_BCG_v1","Main_VetGlen","nt_BCG2_att1234b","fe6b180a-ec70-417f-b7a5-4ac38018636a",6,2,"> 6 (5-8)",">",5,8,TRUE,"number of taxa - BCG Attribute I + II + III + IV_better","Rule0",NA,NA,NA,NA,NA,"Main_VetGlen","Main_VetGlen",0.333333333333333,"Main_VetGlen_L2_Rule0_nt_BCG2_att1234b"
"LBR_Fish_BCG_v1","Main_VetGlen","nt_BCG2_att1234b","fe6b180a-ec70-417f-b7a5-4ac38018636a",6,3,"> 3 (2-5)",">",2,5,TRUE,"number of taxa - BCG Attribute I + II + III + IV_better","Rule0",NA,NA,NA,NA,NA,"Main_VetGlen","Main_VetGlen",1,"Main_VetGlen_L3_Rule0_nt_BCG2_att1234b"
"LBR_Fish_BCG_v1","Main_VetGlen","nt_BCG2_att1234b","fe6b180a-ec70-417f-b7a5-4ac38018636a",6,4,"> 1 (0.5-2)",">",0.5,2,TRUE,"number of taxa - BCG Attribute I + II + III + IV_better","Rule0",NA,NA,NA,NA,NA,"Main_VetGlen","Main_VetGlen",1,"Main_VetGlen_L4_Rule0_nt_BCG2_att1234b"
"LBR_Fish_BCG_v1","Main_VetGlen","nt_BCG2_att1234b","BRVetMem1995",7,2,"> 6 (5-8)",">",5,8,TRUE,"number of taxa - BCG Attribute I + II + III + IV_better","Rule0",NA,NA,NA,NA,NA,"Main_VetGlen","Main_VetGlen",0.666666666666667,"Main_VetGlen_L2_Rule0_nt_BCG2_att1234b"
"LBR_Fish_BCG_v1","Main_VetGlen","nt_BCG2_att1234b","BRVetMem1995",7,3,"> 3 (2-5)",">",2,5,TRUE,"number of taxa - BCG Attribute I + II + III + IV_better","Rule0",NA,NA,NA,NA,NA,"Main_VetGlen","Main_VetGlen",1,"Main_VetGlen_L3_Rule0_nt_BCG2_att1234b"
"LBR_Fish_BCG_v1","Main_VetGlen","nt_BCG2_att1234b","BRVetMem1995",7,4,"> 1 (0.5-2)",">",0.5,2,TRUE,"number of taxa - BCG Attribute I + II + III + IV_better","Rule0",NA,NA,NA,NA,NA,"Main_VetGlen","Main_VetGlen",1,"Main_VetGlen_L4_Rule0_nt_BCG2_att1234b"
"LBR_Fish_BCG_v1","Main_VetGlen","nt_BCG2_att1234b","cf1764a0-4741-4b76-ba53-afd859933eac",5,2,"> 6 (5-8)",">",5,8,TRUE,"number of taxa - BCG Attribute I + II + III + IV_better","Rule0",NA,NA,NA,NA,NA,"Main_VetGlen","Main_VetGlen",0,"Main_VetGlen_L2_Rule0_nt_BCG2_att1234b"
"LBR_Fish_BCG_v1","Main_VetGlen","nt_BCG2_att1234b","cf1764a0-4741-4b76-ba53-afd859933eac",5,3,"> 3 (2-5)",">",2,5,TRUE,"number of taxa - BCG Attribute I + II + III + IV_better","Rule0",NA,NA,NA,NA,NA,"Main_VetGlen","Main_VetGlen",1,"Main_VetGlen_L3_Rule0_nt_BCG2_att1234b"
"LBR_Fish_BCG_v1","Main_VetGlen","nt_BCG2_att1234b","cf1764a0-4741-4b76-ba53-afd859933eac",5,4,"> 1 (0.5-2)",">",0.5,2,TRUE,"number of taxa - BCG Attribute I + II + III + IV_better","Rule0",NA,NA,NA,NA,NA,"Main_VetGlen","Main_VetGlen",1,"Main_VetGlen_L4_Rule0_nt_BCG2_att1234b"
"LBR_Fish_BCG_v1","Main_VetGlen","nt_BCG2_att1234b","BRGlen1995",5,2,"> 6 (5-8)",">",5,8,TRUE,"number of taxa - BCG Attribute I + II + III + IV_better","Rule0",NA,NA,NA,NA,NA,"Main_VetGlen","Main_VetGlen",0,"Main_VetGlen_L2_Rule0_nt_BCG2_att1234b"
"LBR_Fish_BCG_v1","Main_VetGlen","nt_BCG2_att1234b","BRGlen1995",5,3,"> 3 (2-5)",">",2,5,TRUE,"number of taxa - BCG Attribute I + II + III + IV_better","Rule0",NA,NA,NA,NA,NA,"Main_VetGlen","Main_VetGlen",1,"Main_VetGlen_L3_Rule0_nt_BCG2_att1234b"
"LBR_Fish_BCG_v1","Main_VetGlen","nt_BCG2_att1234b","BRGlen1995",5,4,"> 1 (0.5-2)",">",0.5,2,TRUE,"number of taxa - BCG Attribute I + II + III + IV_better","Rule0",NA,NA,NA,NA,NA,"Main_VetGlen","Main_VetGlen",1,"Main_VetGlen_L4_Rule0_nt_BCG2_att1234b"
"LBR_Fish_BCG_v1","Main_VetGlen","nt_BCG2_att1234b","d431fc87-f222-499f-90cc-d7a26a249ad1",6,2,"> 6 (5-8)",">",5,8,TRUE,"number of taxa - BCG Attribute I + II + III + IV_better","Rule0",NA,NA,NA,NA,NA,"Main_VetGlen","Main_VetGlen",0.333333333333333,"Main_VetGlen_L2_Rule0_nt_BCG2_att1234b"
"LBR_Fish_BCG_v1","Main_VetGlen","nt_BCG2_att1234b","d431fc87-f222-499f-90cc-d7a26a249ad1",6,3,"> 3 (2-5)",">",2,5,TRUE,"number of taxa - BCG Attribute I + II + III + IV_better","Rule0",NA,NA,NA,NA,NA,"Main_VetGlen","Main_VetGlen",1,"Main_VetGlen_L3_Rule0_nt_BCG2_att1234b"
"LBR_Fish_BCG_v1","Main_VetGlen","nt_BCG2_att1234b","d431fc87-f222-499f-90cc-d7a26a249ad1",6,4,"> 1 (0.5-2)",">",0.5,2,TRUE,"number of taxa - BCG Attribute I + II + III + IV_better","Rule0",NA,NA,NA,NA,NA,"Main_VetGlen","Main_VetGlen",1,"Main_VetGlen_L4_Rule0_nt_BCG2_att1234b"
"LBR_Fish_BCG_v1","Main_VetGlen","nt_BCG2_att1234b","BRVetMem1996",3,2,"> 6 (5-8)",">",5,8,TRUE,"number of taxa - BCG Attribute I + II + III + IV_better","Rule0",NA,NA,NA,NA,NA,"Main_VetGlen","Main_VetGlen",0,"Main_VetGlen_L2_Rule0_nt_BCG2_att1234b"
"LBR_Fish_BCG_v1","Main_VetGlen","nt_BCG2_att1234b","BRVetMem1996",3,3,"> 3 (2-5)",">",2,5,TRUE,"number of taxa - BCG Attribute I + II + III + IV_better","Rule0",NA,NA,NA,NA,NA,"Main_VetGlen","Main_VetGlen",0.333333333333333,"Main_VetGlen_L3_Rule0_nt_BCG2_att1234b"
"LBR_Fish_BCG_v1","Main_VetGlen","nt_BCG2_att1234b","BRVetMem1996",3,4,"> 1 (0.5-2)",">",0.5,2,TRUE,"number of taxa - BCG Attribute I + II + III + IV_better","Rule0",NA,NA,NA,NA,NA,"Main_VetGlen","Main_VetGlen",1,"Main_VetGlen_L4_Rule0_nt_BCG2_att1234b"
"LBR_Fish_BCG_v1","Main_VetGlen","nt_BCG2_att1234b","BRGlen2001",6,2,"> 6 (5-8)",">",5,8,TRUE,"number of taxa - BCG Attribute I + II + III + IV_better","Rule0",NA,NA,NA,NA,NA,"Main_VetGlen","Main_VetGlen",0.333333333333333,"Main_VetGlen_L2_Rule0_nt_BCG2_att1234b"
"LBR_Fish_BCG_v1","Main_VetGlen","nt_BCG2_att1234b","BRGlen2001",6,3,"> 3 (2-5)",">",2,5,TRUE,"number of taxa - BCG Attribute I + II + III + IV_better","Rule0",NA,NA,NA,NA,NA,"Main_VetGlen","Main_VetGlen",1,"Main_VetGlen_L3_Rule0_nt_BCG2_att1234b"
"LBR_Fish_BCG_v1","Main_VetGlen","nt_BCG2_att1234b","BRGlen2001",6,4,"> 1 (0.5-2)",">",0.5,2,TRUE,"number of taxa - BCG Attribute I + II + III + IV_better","Rule0",NA,NA,NA,NA,NA,"Main_VetGlen","Main_VetGlen",1,"Main_VetGlen_L4_Rule0_nt_BCG2_att1234b"
"LBR_Fish_BCG_v1","Main_VetGlen","nt_BCG2_att1234b","BRVetMem2003",4,2,"> 6 (5-8)",">",5,8,TRUE,"number of taxa - BCG Attribute I + II + III + IV_better","Rule0",NA,NA,NA,NA,NA,"Main_VetGlen","Main_VetGlen",0,"Main_VetGlen_L2_Rule0_nt_BCG2_att1234b"
"LBR_Fish_BCG_v1","Main_VetGlen","nt_BCG2_att1234b","BRVetMem2003",4,3,"> 3 (2-5)",">",2,5,TRUE,"number of taxa - BCG Attribute I + II + III + IV_better","Rule0",NA,NA,NA,NA,NA,"Main_VetGlen","Main_VetGlen",0.666666666666667,"Main_VetGlen_L3_Rule0_nt_BCG2_att1234b"
"LBR_Fish_BCG_v1","Main_VetGlen","nt_BCG2_att1234b","BRVetMem2003",4,4,"> 1 (0.5-2)",">",0.5,2,TRUE,"number of taxa - BCG Attribute I + II + III + IV_better","Rule0",NA,NA,NA,NA,NA,"Main_VetGlen","Main_VetGlen",1,"Main_VetGlen_L4_Rule0_nt_BCG2_att1234b"
"LBR_Fish_BCG_v1","Main_VetGlen","nt_BCG2_att1234b","BRVetMem2005",5,2,"> 6 (5-8)",">",5,8,TRUE,"number of taxa - BCG Attribute I + II + III + IV_better","Rule0",NA,NA,NA,NA,NA,"Main_VetGlen","Main_VetGlen",0,"Main_VetGlen_L2_Rule0_nt_BCG2_att1234b"
"LBR_Fish_BCG_v1","Main_VetGlen","nt_BCG2_att1234b","BRVetMem2005",5,3,"> 3 (2-5)",">",2,5,TRUE,"number of taxa - BCG Attribute I + II + III + IV_better","Rule0",NA,NA,NA,NA,NA,"Main_VetGlen","Main_VetGlen",1,"Main_VetGlen_L3_Rule0_nt_BCG2_att1234b"
"LBR_Fish_BCG_v1","Main_VetGlen","nt_BCG2_att1234b","BRVetMem2005",5,4,"> 1 (0.5-2)",">",0.5,2,TRUE,"number of taxa - BCG Attribute I + II + III + IV_better","Rule0",NA,NA,NA,NA,NA,"Main_VetGlen","Main_VetGlen",1,"Main_VetGlen_L4_Rule0_nt_BCG2_att1234b"
"LBR_Fish_BCG_v1","Main_VetGlen","nt_native","BRGlen1995",8,2,"> 12 (11-14)",">",11,14,TRUE,"number of native taxa","Rule0",NA,NA,NA,NA,NA,"Main_VetGlen","Main_VetGlen",0,"Main_VetGlen_L2_Rule0_nt_native"
"LBR_Fish_BCG_v1","Main_VetGlen","nt_native","BRGlen1995",8,5,"> 3 (1-4)",">",1,4,TRUE,"number of native taxa","Rule0",NA,NA,NA,NA,NA,"Main_VetGlen","Main_VetGlen",1,"Main_VetGlen_L5_Rule0_nt_native"
"LBR_Fish_BCG_v1","Main_VetGlen","nt_native","BRGlen1995",8,4,"> 5 (4-7)",">",4,7,TRUE,"number of native taxa","Rule0",NA,NA,NA,NA,NA,"Main_VetGlen","Main_VetGlen",1,"Main_VetGlen_L4_Rule0_nt_native"
"LBR_Fish_BCG_v1","Main_VetGlen","nt_native","BRGlen1995",8,3,"> 8 (7-10)",">",7,10,TRUE,"number of native taxa","Rule0",NA,NA,NA,NA,NA,"Main_VetGlen","Main_VetGlen",0.333333333333333,"Main_VetGlen_L3_Rule0_nt_native"
"LBR_Fish_BCG_v1","Main_VetGlen","nt_native","BRVetMem2005",10,2,"> 12 (11-14)",">",11,14,TRUE,"number of native taxa","Rule0",NA,NA,NA,NA,NA,"Main_VetGlen","Main_VetGlen",0,"Main_VetGlen_L2_Rule0_nt_native"
"LBR_Fish_BCG_v1","Main_VetGlen","nt_native","BRVetMem2005",10,5,"> 3 (1-4)",">",1,4,TRUE,"number of native taxa","Rule0",NA,NA,NA,NA,NA,"Main_VetGlen","Main_VetGlen",1,"Main_VetGlen_L5_Rule0_nt_native"
"LBR_Fish_BCG_v1","Main_VetGlen","nt_native","BRVetMem2005",10,4,"> 5 (4-7)",">",4,7,TRUE,"number of native taxa","Rule0",NA,NA,NA,NA,NA,"Main_VetGlen","Main_VetGlen",1,"Main_VetGlen_L4_Rule0_nt_native"
"LBR_Fish_BCG_v1","Main_VetGlen","nt_native","BRVetMem2005",10,3,"> 8 (7-10)",">",7,10,TRUE,"number of native taxa","Rule0",NA,NA,NA,NA,NA,"Main_VetGlen","Main_VetGlen",1,"Main_VetGlen_L3_Rule0_nt_native"
"LBR_Fish_BCG_v1","Main_VetGlen","nt_native","d431fc87-f222-499f-90cc-d7a26a249ad1",9,2,"> 12 (11-14)",">",11,14,TRUE,"number of native taxa","Rule0",NA,NA,NA,NA,NA,"Main_VetGlen","Main_VetGlen",0,"Main_VetGlen_L2_Rule0_nt_native"
"LBR_Fish_BCG_v1","Main_VetGlen","nt_native","d431fc87-f222-499f-90cc-d7a26a249ad1",9,5,"> 3 (1-4)",">",1,4,TRUE,"number of native taxa","Rule0",NA,NA,NA,NA,NA,"Main_VetGlen","Main_VetGlen",1,"Main_VetGlen_L5_Rule0_nt_native"
"LBR_Fish_BCG_v1","Main_VetGlen","nt_native","d431fc87-f222-499f-90cc-d7a26a249ad1",9,4,"> 5 (4-7)",">",4,7,TRUE,"number of native taxa","Rule0",NA,NA,NA,NA,NA,"Main_VetGlen","Main_VetGlen",1,"Main_VetGlen_L4_Rule0_nt_native"
"LBR_Fish_BCG_v1","Main_VetGlen","nt_native","d431fc87-f222-499f-90cc-d7a26a249ad1",9,3,"> 8 (7-10)",">",7,10,TRUE,"number of native taxa","Rule0",NA,NA,NA,NA,NA,"Main_VetGlen","Main_VetGlen",0.666666666666667,"Main_VetGlen_L3_Rule0_nt_native"
"LBR_Fish_BCG_v1","Main_VetGlen","nt_native","BRGlen2017",9,2,"> 12 (11-14)",">",11,14,TRUE,"number of native taxa","Rule0",NA,NA,NA,NA,NA,"Main_VetGlen","Main_VetGlen",0,"Main_VetGlen_L2_Rule0_nt_native"
"LBR_Fish_BCG_v1","Main_VetGlen","nt_native","BRGlen2017",9,5,"> 3 (1-4)",">",1,4,TRUE,"number of native taxa","Rule0",NA,NA,NA,NA,NA,"Main_VetGlen","Main_VetGlen",1,"Main_VetGlen_L5_Rule0_nt_native"
"LBR_Fish_BCG_v1","Main_VetGlen","nt_native","BRGlen2017",9,4,"> 5 (4-7)",">",4,7,TRUE,"number of native taxa","Rule0",NA,NA,NA,NA,NA,"Main_VetGlen","Main_VetGlen",1,"Main_VetGlen_L4_Rule0_nt_native"
"LBR_Fish_BCG_v1","Main_VetGlen","nt_native","BRGlen2017",9,3,"> 8 (7-10)",">",7,10,TRUE,"number of native taxa","Rule0",NA,NA,NA,NA,NA,"Main_VetGlen","Main_VetGlen",0.666666666666667,"Main_VetGlen_L3_Rule0_nt_native"
"LBR_Fish_BCG_v1","Main_VetGlen","nt_native","BRGlen2014",10,2,"> 12 (11-14)",">",11,14,TRUE,"number of native taxa","Rule0",NA,NA,NA,NA,NA,"Main_VetGlen","Main_VetGlen",0,"Main_VetGlen_L2_Rule0_nt_native"
"LBR_Fish_BCG_v1","Main_VetGlen","nt_native","BRGlen2014",10,5,"> 3 (1-4)",">",1,4,TRUE,"number of native taxa","Rule0",NA,NA,NA,NA,NA,"Main_VetGlen","Main_VetGlen",1,"Main_VetGlen_L5_Rule0_nt_native"
"LBR_Fish_BCG_v1","Main_VetGlen","nt_native","BRGlen2014",10,4,"> 5 (4-7)",">",4,7,TRUE,"number of native taxa","Rule0",NA,NA,NA,NA,NA,"Main_VetGlen","Main_VetGlen",1,"Main_VetGlen_L4_Rule0_nt_native"
"LBR_Fish_BCG_v1","Main_VetGlen","nt_native","BRGlen2014",10,3,"> 8 (7-10)",">",7,10,TRUE,"number of native taxa","Rule0",NA,NA,NA,NA,NA,"Main_VetGlen","Main_VetGlen",1,"Main_VetGlen_L3_Rule0_nt_native"
"LBR_Fish_BCG_v1","Main_VetGlen","nt_native","BRGlen2005",9,2,"> 12 (11-14)",">",11,14,TRUE,"number of native taxa","Rule0",NA,NA,NA,NA,NA,"Main_VetGlen","Main_VetGlen",0,"Main_VetGlen_L2_Rule0_nt_native"
"LBR_Fish_BCG_v1","Main_VetGlen","nt_native","BRGlen2005",9,5,"> 3 (1-4)",">",1,4,TRUE,"number of native taxa","Rule0",NA,NA,NA,NA,NA,"Main_VetGlen","Main_VetGlen",1,"Main_VetGlen_L5_Rule0_nt_native"
"LBR_Fish_BCG_v1","Main_VetGlen","nt_native","BRGlen2005",9,4,"> 5 (4-7)",">",4,7,TRUE,"number of native taxa","Rule0",NA,NA,NA,NA,NA,"Main_VetGlen","Main_VetGlen",1,"Main_VetGlen_L4_Rule0_nt_native"
"LBR_Fish_BCG_v1","Main_VetGlen","nt_native","BRGlen2005",9,3,"> 8 (7-10)",">",7,10,TRUE,"number of native taxa","Rule0",NA,NA,NA,NA,NA,"Main_VetGlen","Main_VetGlen",0.666666666666667,"Main_VetGlen_L3_Rule0_nt_native"
"LBR_Fish_BCG_v1","Main_VetGlen","nt_native","c114e631-92cb-4abf-b6ea-033087bf9976",11,2,"> 12 (11-14)",">",11,14,TRUE,"number of native taxa","Rule0",NA,NA,NA,NA,NA,"Main_VetGlen","Main_VetGlen",0,"Main_VetGlen_L2_Rule0_nt_native"
"LBR_Fish_BCG_v1","Main_VetGlen","nt_native","c114e631-92cb-4abf-b6ea-033087bf9976",11,5,"> 3 (1-4)",">",1,4,TRUE,"number of native taxa","Rule0",NA,NA,NA,NA,NA,"Main_VetGlen","Main_VetGlen",1,"Main_VetGlen_L5_Rule0_nt_native"
"LBR_Fish_BCG_v1","Main_VetGlen","nt_native","c114e631-92cb-4abf-b6ea-033087bf9976",11,4,"> 5 (4-7)",">",4,7,TRUE,"number of native taxa","Rule0",NA,NA,NA,NA,NA,"Main_VetGlen","Main_VetGlen",1,"Main_VetGlen_L4_Rule0_nt_native"
"LBR_Fish_BCG_v1","Main_VetGlen","nt_native","c114e631-92cb-4abf-b6ea-033087bf9976",11,3,"> 8 (7-10)",">",7,10,TRUE,"number of native taxa","Rule0",NA,NA,NA,NA,NA,"Main_VetGlen","Main_VetGlen",1,"Main_VetGlen_L3_Rule0_nt_native"
"LBR_Fish_BCG_v1","Main_VetGlen","nt_native","BRVetMem2017",10,2,"> 12 (11-14)",">",11,14,TRUE,"number of native taxa","Rule0",NA,NA,NA,NA,NA,"Main_VetGlen","Main_VetGlen",0,"Main_VetGlen_L2_Rule0_nt_native"
"LBR_Fish_BCG_v1","Main_VetGlen","nt_native","BRVetMem2017",10,5,"> 3 (1-4)",">",1,4,TRUE,"number of native taxa","Rule0",NA,NA,NA,NA,NA,"Main_VetGlen","Main_VetGlen",1,"Main_VetGlen_L5_Rule0_nt_native"
"LBR_Fish_BCG_v1","Main_VetGlen","nt_native","BRVetMem2017",10,4,"> 5 (4-7)",">",4,7,TRUE,"number of native taxa","Rule0",NA,NA,NA,NA,NA,"Main_VetGlen","Main_VetGlen",1,"Main_VetGlen_L4_Rule0_nt_native"
"LBR_Fish_BCG_v1","Main_VetGlen","nt_native","BRVetMem2017",10,3,"> 8 (7-10)",">",7,10,TRUE,"number of native taxa","Rule0",NA,NA,NA,NA,NA,"Main_VetGlen","Main_VetGlen",1,"Main_VetGlen_L3_Rule0_nt_native"
"LBR_Fish_BCG_v1","Main_VetGlen","nt_native","BRGlen2001",9,2,"> 12 (11-14)",">",11,14,TRUE,"number of native taxa","Rule0",NA,NA,NA,NA,NA,"Main_VetGlen","Main_VetGlen",0,"Main_VetGlen_L2_Rule0_nt_native"
"LBR_Fish_BCG_v1","Main_VetGlen","nt_native","BRGlen2001",9,5,"> 3 (1-4)",">",1,4,TRUE,"number of native taxa","Rule0",NA,NA,NA,NA,NA,"Main_VetGlen","Main_VetGlen",1,"Main_VetGlen_L5_Rule0_nt_native"
"LBR_Fish_BCG_v1","Main_VetGlen","nt_native","BRGlen2001",9,4,"> 5 (4-7)",">",4,7,TRUE,"number of native taxa","Rule0",NA,NA,NA,NA,NA,"Main_VetGlen","Main_VetGlen",1,"Main_VetGlen_L4_Rule0_nt_native"
"LBR_Fish_BCG_v1","Main_VetGlen","nt_native","BRGlen2001",9,3,"> 8 (7-10)",">",7,10,TRUE,"number of native taxa","Rule0",NA,NA,NA,NA,NA,"Main_VetGlen","Main_VetGlen",0.666666666666667,"Main_VetGlen_L3_Rule0_nt_native"
"LBR_Fish_BCG_v1","Main_VetGlen","nt_native","6126b9b7-3511-42ee-acff-1f0f2be4f836",9,2,"> 12 (11-14)",">",11,14,TRUE,"number of native taxa","Rule0",NA,NA,NA,NA,NA,"Main_VetGlen","Main_VetGlen",0,"Main_VetGlen_L2_Rule0_nt_native"
"LBR_Fish_BCG_v1","Main_VetGlen","nt_native","6126b9b7-3511-42ee-acff-1f0f2be4f836",9,5,"> 3 (1-4)",">",1,4,TRUE,"number of native taxa","Rule0",NA,NA,NA,NA,NA,"Main_VetGlen","Main_VetGlen",1,"Main_VetGlen_L5_Rule0_nt_native"
"LBR_Fish_BCG_v1","Main_VetGlen","nt_native","6126b9b7-3511-42ee-acff-1f0f2be4f836",9,4,"> 5 (4-7)",">",4,7,TRUE,"number of native taxa","Rule0",NA,NA,NA,NA,NA,"Main_VetGlen","Main_VetGlen",1,"Main_VetGlen_L4_Rule0_nt_native"
"LBR_Fish_BCG_v1","Main_VetGlen","nt_native","6126b9b7-3511-42ee-acff-1f0f2be4f836",9,3,"> 8 (7-10)",">",7,10,TRUE,"number of native taxa","Rule0",NA,NA,NA,NA,NA,"Main_VetGlen","Main_VetGlen",0.666666666666667,"Main_VetGlen_L3_Rule0_nt_native"
"LBR_Fish_BCG_v1","Main_VetGlen","nt_native","BRVetMem2003",10,2,"> 12 (11-14)",">",11,14,TRUE,"number of native taxa","Rule0",NA,NA,NA,NA,NA,"Main_VetGlen","Main_VetGlen",0,"Main_VetGlen_L2_Rule0_nt_native"
"LBR_Fish_BCG_v1","Main_VetGlen","nt_native","BRVetMem2003",10,5,"> 3 (1-4)",">",1,4,TRUE,"number of native taxa","Rule0",NA,NA,NA,NA,NA,"Main_VetGlen","Main_VetGlen",1,"Main_VetGlen_L5_Rule0_nt_native"
"LBR_Fish_BCG_v1","Main_VetGlen","nt_native","BRVetMem2003",10,4,"> 5 (4-7)",">",4,7,TRUE,"number of native taxa","Rule0",NA,NA,NA,NA,NA,"Main_VetGlen","Main_VetGlen",1,"Main_VetGlen_L4_Rule0_nt_native"
"LBR_Fish_BCG_v1","Main_VetGlen","nt_native","BRVetMem2003",10,3,"> 8 (7-10)",">",7,10,TRUE,"number of native taxa","Rule0",NA,NA,NA,NA,NA,"Main_VetGlen","Main_VetGlen",1,"Main_VetGlen_L3_Rule0_nt_native"
"LBR_Fish_BCG_v1","Main_VetGlen","nt_native","BRVetMem1995",11,2,"> 12 (11-14)",">",11,14,TRUE,"number of native taxa","Rule0",NA,NA,NA,NA,NA,"Main_VetGlen","Main_VetGlen",0,"Main_VetGlen_L2_Rule0_nt_native"
"LBR_Fish_BCG_v1","Main_VetGlen","nt_native","BRVetMem1995",11,5,"> 3 (1-4)",">",1,4,TRUE,"number of native taxa","Rule0",NA,NA,NA,NA,NA,"Main_VetGlen","Main_VetGlen",1,"Main_VetGlen_L5_Rule0_nt_native"
"LBR_Fish_BCG_v1","Main_VetGlen","nt_native","BRVetMem1995",11,4,"> 5 (4-7)",">",4,7,TRUE,"number of native taxa","Rule0",NA,NA,NA,NA,NA,"Main_VetGlen","Main_VetGlen",1,"Main_VetGlen_L4_Rule0_nt_native"
"LBR_Fish_BCG_v1","Main_VetGlen","nt_native","BRVetMem1995",11,3,"> 8 (7-10)",">",7,10,TRUE,"number of native taxa","Rule0",NA,NA,NA,NA,NA,"Main_VetGlen","Main_VetGlen",1,"Main_VetGlen_L3_Rule0_nt_native"
"LBR_Fish_BCG_v1","Main_VetGlen","nt_native","BRGlen2004",8,2,"> 12 (11-14)",">",11,14,TRUE,"number of native taxa","Rule0",NA,NA,NA,NA,NA,"Main_VetGlen","Main_VetGlen",0,"Main_VetGlen_L2_Rule0_nt_native"
"LBR_Fish_BCG_v1","Main_VetGlen","nt_native","BRGlen2004",8,5,"> 3 (1-4)",">",1,4,TRUE,"number of native taxa","Rule0",NA,NA,NA,NA,NA,"Main_VetGlen","Main_VetGlen",1,"Main_VetGlen_L5_Rule0_nt_native"
"LBR_Fish_BCG_v1","Main_VetGlen","nt_native","BRGlen2004",8,4,"> 5 (4-7)",">",4,7,TRUE,"number of native taxa","Rule0",NA,NA,NA,NA,NA,"Main_VetGlen","Main_VetGlen",1,"Main_VetGlen_L4_Rule0_nt_native"
"LBR_Fish_BCG_v1","Main_VetGlen","nt_native","BRGlen2004",8,3,"> 8 (7-10)",">",7,10,TRUE,"number of native taxa","Rule0",NA,NA,NA,NA,NA,"Main_VetGlen","Main_VetGlen",0.333333333333333,"Main_VetGlen_L3_Rule0_nt_native"
"LBR_Fish_BCG_v1","Main_VetGlen","nt_native","BRGlen2003",10,2,"> 12 (11-14)",">",11,14,TRUE,"number of native taxa","Rule0",NA,NA,NA,NA,NA,"Main_VetGlen","Main_VetGlen",0,"Main_VetGlen_L2_Rule0_nt_native"
"LBR_Fish_BCG_v1","Main_VetGlen","nt_native","BRGlen2003",10,5,"> 3 (1-4)",">",1,4,TRUE,"number of native taxa","Rule0",NA,NA,NA,NA,NA,"Main_VetGlen","Main_VetGlen",1,"Main_VetGlen_L5_Rule0_nt_native"
"LBR_Fish_BCG_v1","Main_VetGlen","nt_native","BRGlen2003",10,4,"> 5 (4-7)",">",4,7,TRUE,"number of native taxa","Rule0",NA,NA,NA,NA,NA,"Main_VetGlen","Main_VetGlen",1,"Main_VetGlen_L4_Rule0_nt_native"
"LBR_Fish_BCG_v1","Main_VetGlen","nt_native","BRGlen2003",10,3,"> 8 (7-10)",">",7,10,TRUE,"number of native taxa","Rule0",NA,NA,NA,NA,NA,"Main_VetGlen","Main_VetGlen",1,"Main_VetGlen_L3_Rule0_nt_native"
"LBR_Fish_BCG_v1","Main_VetGlen","nt_native","BRVetMem1996",6,2,"> 12 (11-14)",">",11,14,TRUE,"number of native taxa","Rule0",NA,NA,NA,NA,NA,"Main_VetGlen","Main_VetGlen",0,"Main_VetGlen_L2_Rule0_nt_native"
"LBR_Fish_BCG_v1","Main_VetGlen","nt_native","BRVetMem1996",6,5,"> 3 (1-4)",">",1,4,TRUE,"number of native taxa","Rule0",NA,NA,NA,NA,NA,"Main_VetGlen","Main_VetGlen",1,"Main_VetGlen_L5_Rule0_nt_native"
"LBR_Fish_BCG_v1","Main_VetGlen","nt_native","BRVetMem1996",6,4,"> 5 (4-7)",">",4,7,TRUE,"number of native taxa","Rule0",NA,NA,NA,NA,NA,"Main_VetGlen","Main_VetGlen",0.666666666666667,"Main_VetGlen_L4_Rule0_nt_native"
"LBR_Fish_BCG_v1","Main_VetGlen","nt_native","BRVetMem1996",6,3,"> 8 (7-10)",">",7,10,TRUE,"number of native taxa","Rule0",NA,NA,NA,NA,NA,"Main_VetGlen","Main_VetGlen",0,"Main_VetGlen_L3_Rule0_nt_native"
"LBR_Fish_BCG_v1","Main_VetGlen","nt_native","cf1764a0-4741-4b76-ba53-afd859933eac",7,2,"> 12 (11-14)",">",11,14,TRUE,"number of native taxa","Rule0",NA,NA,NA,NA,NA,"Main_VetGlen","Main_VetGlen",0,"Main_VetGlen_L2_Rule0_nt_native"
"LBR_Fish_BCG_v1","Main_VetGlen","nt_native","cf1764a0-4741-4b76-ba53-afd859933eac",7,5,"> 3 (1-4)",">",1,4,TRUE,"number of native taxa","Rule0",NA,NA,NA,NA,NA,"Main_VetGlen","Main_VetGlen",1,"Main_VetGlen_L5_Rule0_nt_native"
"LBR_Fish_BCG_v1","Main_VetGlen","nt_native","cf1764a0-4741-4b76-ba53-afd859933eac",7,4,"> 5 (4-7)",">",4,7,TRUE,"number of native taxa","Rule0",NA,NA,NA,NA,NA,"Main_VetGlen","Main_VetGlen",1,"Main_VetGlen_L4_Rule0_nt_native"
"LBR_Fish_BCG_v1","Main_VetGlen","nt_native","cf1764a0-4741-4b76-ba53-afd859933eac",7,3,"> 8 (7-10)",">",7,10,TRUE,"number of native taxa","Rule0",NA,NA,NA,NA,NA,"Main_VetGlen","Main_VetGlen",0,"Main_VetGlen_L3_Rule0_nt_native"
"LBR_Fish_BCG_v1","Main_VetGlen","nt_native","fe6b180a-ec70-417f-b7a5-4ac38018636a",11,2,"> 12 (11-14)",">",11,14,TRUE,"number of native taxa","Rule0",NA,NA,NA,NA,NA,"Main_VetGlen","Main_VetGlen",0,"Main_VetGlen_L2_Rule0_nt_native"
"LBR_Fish_BCG_v1","Main_VetGlen","nt_native","fe6b180a-ec70-417f-b7a5-4ac38018636a",11,5,"> 3 (1-4)",">",1,4,TRUE,"number of native taxa","Rule0",NA,NA,NA,NA,NA,"Main_VetGlen","Main_VetGlen",1,"Main_VetGlen_L5_Rule0_nt_native"
"LBR_Fish_BCG_v1","Main_VetGlen","nt_native","fe6b180a-ec70-417f-b7a5-4ac38018636a",11,4,"> 5 (4-7)",">",4,7,TRUE,"number of native taxa","Rule0",NA,NA,NA,NA,NA,"Main_VetGlen","Main_VetGlen",1,"Main_VetGlen_L4_Rule0_nt_native"
"LBR_Fish_BCG_v1","Main_VetGlen","nt_native","fe6b180a-ec70-417f-b7a5-4ac38018636a",11,3,"> 8 (7-10)",">",7,10,TRUE,"number of native taxa","Rule0",NA,NA,NA,NA,NA,"Main_VetGlen","Main_VetGlen",1,"Main_VetGlen_L3_Rule0_nt_native"
"LBR_Fish_BCG_v1","Main_VetGlen","nt_native","BRGlen1996",10,2,"> 12 (11-14)",">",11,14,TRUE,"number of native taxa","Rule0",NA,NA,NA,NA,NA,"Main_VetGlen","Main_VetGlen",0,"Main_VetGlen_L2_Rule0_nt_native"
"LBR_Fish_BCG_v1","Main_VetGlen","nt_native","BRGlen1996",10,5,"> 3 (1-4)",">",1,4,TRUE,"number of native taxa","Rule0",NA,NA,NA,NA,NA,"Main_VetGlen","Main_VetGlen",1,"Main_VetGlen_L5_Rule0_nt_native"
"LBR_Fish_BCG_v1","Main_VetGlen","nt_native","BRGlen1996",10,4,"> 5 (4-7)",">",4,7,TRUE,"number of native taxa","Rule0",NA,NA,NA,NA,NA,"Main_VetGlen","Main_VetGlen",1,"Main_VetGlen_L4_Rule0_nt_native"
"LBR_Fish_BCG_v1","Main_VetGlen","nt_native","BRGlen1996",10,3,"> 8 (7-10)",">",7,10,TRUE,"number of native taxa","Rule0",NA,NA,NA,NA,NA,"Main_VetGlen","Main_VetGlen",1,"Main_VetGlen_L3_Rule0_nt_native"
"LBR_Fish_BCG_v1","Main_VetGlen","nt_repro_lithophil","BRGlen2014",7,3,"> 4 (3-6)",">",3,6,TRUE,"number of taxa - LITHOPHIL (requires clean, coarse substrate)","Rule0",NA,NA,NA,NA,NA,"Main_VetGlen","Main_VetGlen",1,"Main_VetGlen_L3_Rule0_nt_repro_lithophil"
"LBR_Fish_BCG_v1","Main_VetGlen","nt_repro_lithophil","BRGlen2014",7,2,"> 7 (6-9)",">",6,9,TRUE,"number of taxa - LITHOPHIL (requires clean, coarse substrate)","Rule0",NA,NA,NA,NA,NA,"Main_VetGlen","Main_VetGlen",0.333333333333333,"Main_VetGlen_L2_Rule0_nt_repro_lithophil"
"LBR_Fish_BCG_v1","Main_VetGlen","nt_repro_lithophil","BRGlen2014",7,4,"> 1 (0-3)",">",0,3,TRUE,"number of taxa - LITHOPHIL (requires clean, coarse substrate)","Rule0",NA,NA,NA,NA,NA,"Main_VetGlen","Main_VetGlen",1,"Main_VetGlen_L4_Rule0_nt_repro_lithophil"
"LBR_Fish_BCG_v1","Main_VetGlen","nt_repro_lithophil","c114e631-92cb-4abf-b6ea-033087bf9976",7,3,"> 4 (3-6)",">",3,6,TRUE,"number of taxa - LITHOPHIL (requires clean, coarse substrate)","Rule0",NA,NA,NA,NA,NA,"Main_VetGlen","Main_VetGlen",1,"Main_VetGlen_L3_Rule0_nt_repro_lithophil"
"LBR_Fish_BCG_v1","Main_VetGlen","nt_repro_lithophil","c114e631-92cb-4abf-b6ea-033087bf9976",7,2,"> 7 (6-9)",">",6,9,TRUE,"number of taxa - LITHOPHIL (requires clean, coarse substrate)","Rule0",NA,NA,NA,NA,NA,"Main_VetGlen","Main_VetGlen",0.333333333333333,"Main_VetGlen_L2_Rule0_nt_repro_lithophil"
"LBR_Fish_BCG_v1","Main_VetGlen","nt_repro_lithophil","c114e631-92cb-4abf-b6ea-033087bf9976",7,4,"> 1 (0-3)",">",0,3,TRUE,"number of taxa - LITHOPHIL (requires clean, coarse substrate)","Rule0",NA,NA,NA,NA,NA,"Main_VetGlen","Main_VetGlen",1,"Main_VetGlen_L4_Rule0_nt_repro_lithophil"
"LBR_Fish_BCG_v1","Main_VetGlen","nt_repro_lithophil","BRGlen2001",5,3,"> 4 (3-6)",">",3,6,TRUE,"number of taxa - LITHOPHIL (requires clean, coarse substrate)","Rule0",NA,NA,NA,NA,NA,"Main_VetGlen","Main_VetGlen",0.666666666666667,"Main_VetGlen_L3_Rule0_nt_repro_lithophil"
"LBR_Fish_BCG_v1","Main_VetGlen","nt_repro_lithophil","BRGlen2001",5,2,"> 7 (6-9)",">",6,9,TRUE,"number of taxa - LITHOPHIL (requires clean, coarse substrate)","Rule0",NA,NA,NA,NA,NA,"Main_VetGlen","Main_VetGlen",0,"Main_VetGlen_L2_Rule0_nt_repro_lithophil"
"LBR_Fish_BCG_v1","Main_VetGlen","nt_repro_lithophil","BRGlen2001",5,4,"> 1 (0-3)",">",0,3,TRUE,"number of taxa - LITHOPHIL (requires clean, coarse substrate)","Rule0",NA,NA,NA,NA,NA,"Main_VetGlen","Main_VetGlen",1,"Main_VetGlen_L4_Rule0_nt_repro_lithophil"
"LBR_Fish_BCG_v1","Main_VetGlen","nt_repro_lithophil","BRGlen2005",5,3,"> 4 (3-6)",">",3,6,TRUE,"number of taxa - LITHOPHIL (requires clean, coarse substrate)","Rule0",NA,NA,NA,NA,NA,"Main_VetGlen","Main_VetGlen",0.666666666666667,"Main_VetGlen_L3_Rule0_nt_repro_lithophil"
"LBR_Fish_BCG_v1","Main_VetGlen","nt_repro_lithophil","BRGlen2005",5,2,"> 7 (6-9)",">",6,9,TRUE,"number of taxa - LITHOPHIL (requires clean, coarse substrate)","Rule0",NA,NA,NA,NA,NA,"Main_VetGlen","Main_VetGlen",0,"Main_VetGlen_L2_Rule0_nt_repro_lithophil"
"LBR_Fish_BCG_v1","Main_VetGlen","nt_repro_lithophil","BRGlen2005",5,4,"> 1 (0-3)",">",0,3,TRUE,"number of taxa - LITHOPHIL (requires clean, coarse substrate)","Rule0",NA,NA,NA,NA,NA,"Main_VetGlen","Main_VetGlen",1,"Main_VetGlen_L4_Rule0_nt_repro_lithophil"
"LBR_Fish_BCG_v1","Main_VetGlen","nt_repro_lithophil","BRGlen2017",7,3,"> 4 (3-6)",">",3,6,TRUE,"number of taxa - LITHOPHIL (requires clean, coarse substrate)","Rule0",NA,NA,NA,NA,NA,"Main_VetGlen","Main_VetGlen",1,"Main_VetGlen_L3_Rule0_nt_repro_lithophil"
"LBR_Fish_BCG_v1","Main_VetGlen","nt_repro_lithophil","BRGlen2017",7,2,"> 7 (6-9)",">",6,9,TRUE,"number of taxa - LITHOPHIL (requires clean, coarse substrate)","Rule0",NA,NA,NA,NA,NA,"Main_VetGlen","Main_VetGlen",0.333333333333333,"Main_VetGlen_L2_Rule0_nt_repro_lithophil"
"LBR_Fish_BCG_v1","Main_VetGlen","nt_repro_lithophil","BRGlen2017",7,4,"> 1 (0-3)",">",0,3,TRUE,"number of taxa - LITHOPHIL (requires clean, coarse substrate)","Rule0",NA,NA,NA,NA,NA,"Main_VetGlen","Main_VetGlen",1,"Main_VetGlen_L4_Rule0_nt_repro_lithophil"
"LBR_Fish_BCG_v1","Main_VetGlen","nt_repro_lithophil","BRGlen2004",5,3,"> 4 (3-6)",">",3,6,TRUE,"number of taxa - LITHOPHIL (requires clean, coarse substrate)","Rule0",NA,NA,NA,NA,NA,"Main_VetGlen","Main_VetGlen",0.666666666666667,"Main_VetGlen_L3_Rule0_nt_repro_lithophil"
"LBR_Fish_BCG_v1","Main_VetGlen","nt_repro_lithophil","BRGlen2004",5,2,"> 7 (6-9)",">",6,9,TRUE,"number of taxa - LITHOPHIL (requires clean, coarse substrate)","Rule0",NA,NA,NA,NA,NA,"Main_VetGlen","Main_VetGlen",0,"Main_VetGlen_L2_Rule0_nt_repro_lithophil"
"LBR_Fish_BCG_v1","Main_VetGlen","nt_repro_lithophil","BRGlen2004",5,4,"> 1 (0-3)",">",0,3,TRUE,"number of taxa - LITHOPHIL (requires clean, coarse substrate)","Rule0",NA,NA,NA,NA,NA,"Main_VetGlen","Main_VetGlen",1,"Main_VetGlen_L4_Rule0_nt_repro_lithophil"
"LBR_Fish_BCG_v1","Main_VetGlen","nt_repro_lithophil","fe6b180a-ec70-417f-b7a5-4ac38018636a",7,3,"> 4 (3-6)",">",3,6,TRUE,"number of taxa - LITHOPHIL (requires clean, coarse substrate)","Rule0",NA,NA,NA,NA,NA,"Main_VetGlen","Main_VetGlen",1,"Main_VetGlen_L3_Rule0_nt_repro_lithophil"
"LBR_Fish_BCG_v1","Main_VetGlen","nt_repro_lithophil","fe6b180a-ec70-417f-b7a5-4ac38018636a",7,2,"> 7 (6-9)",">",6,9,TRUE,"number of taxa - LITHOPHIL (requires clean, coarse substrate)","Rule0",NA,NA,NA,NA,NA,"Main_VetGlen","Main_VetGlen",0.333333333333333,"Main_VetGlen_L2_Rule0_nt_repro_lithophil"
"LBR_Fish_BCG_v1","Main_VetGlen","nt_repro_lithophil","fe6b180a-ec70-417f-b7a5-4ac38018636a",7,4,"> 1 (0-3)",">",0,3,TRUE,"number of taxa - LITHOPHIL (requires clean, coarse substrate)","Rule0",NA,NA,NA,NA,NA,"Main_VetGlen","Main_VetGlen",1,"Main_VetGlen_L4_Rule0_nt_repro_lithophil"
"LBR_Fish_BCG_v1","Main_VetGlen","nt_repro_lithophil","BRVetMem2017",8,3,"> 4 (3-6)",">",3,6,TRUE,"number of taxa - LITHOPHIL (requires clean, coarse substrate)","Rule0",NA,NA,NA,NA,NA,"Main_VetGlen","Main_VetGlen",1,"Main_VetGlen_L3_Rule0_nt_repro_lithophil"
"LBR_Fish_BCG_v1","Main_VetGlen","nt_repro_lithophil","BRVetMem2017",8,2,"> 7 (6-9)",">",6,9,TRUE,"number of taxa - LITHOPHIL (requires clean, coarse substrate)","Rule0",NA,NA,NA,NA,NA,"Main_VetGlen","Main_VetGlen",0.666666666666667,"Main_VetGlen_L2_Rule0_nt_repro_lithophil"
"LBR_Fish_BCG_v1","Main_VetGlen","nt_repro_lithophil","BRVetMem2017",8,4,"> 1 (0-3)",">",0,3,TRUE,"number of taxa - LITHOPHIL (requires clean, coarse substrate)","Rule0",NA,NA,NA,NA,NA,"Main_VetGlen","Main_VetGlen",1,"Main_VetGlen_L4_Rule0_nt_repro_lithophil"
"LBR_Fish_BCG_v1","Main_VetGlen","nt_repro_lithophil","BRGlen2003",5,3,"> 4 (3-6)",">",3,6,TRUE,"number of taxa - LITHOPHIL (requires clean, coarse substrate)","Rule0",NA,NA,NA,NA,NA,"Main_VetGlen","Main_VetGlen",0.666666666666667,"Main_VetGlen_L3_Rule0_nt_repro_lithophil"
"LBR_Fish_BCG_v1","Main_VetGlen","nt_repro_lithophil","BRGlen2003",5,2,"> 7 (6-9)",">",6,9,TRUE,"number of taxa - LITHOPHIL (requires clean, coarse substrate)","Rule0",NA,NA,NA,NA,NA,"Main_VetGlen","Main_VetGlen",0,"Main_VetGlen_L2_Rule0_nt_repro_lithophil"
"LBR_Fish_BCG_v1","Main_VetGlen","nt_repro_lithophil","BRGlen2003",5,4,"> 1 (0-3)",">",0,3,TRUE,"number of taxa - LITHOPHIL (requires clean, coarse substrate)","Rule0",NA,NA,NA,NA,NA,"Main_VetGlen","Main_VetGlen",1,"Main_VetGlen_L4_Rule0_nt_repro_lithophil"
"LBR_Fish_BCG_v1","Main_VetGlen","nt_repro_lithophil","6126b9b7-3511-42ee-acff-1f0f2be4f836",6,3,"> 4 (3-6)",">",3,6,TRUE,"number of taxa - LITHOPHIL (requires clean, coarse substrate)","Rule0",NA,NA,NA,NA,NA,"Main_VetGlen","Main_VetGlen",1,"Main_VetGlen_L3_Rule0_nt_repro_lithophil"
"LBR_Fish_BCG_v1","Main_VetGlen","nt_repro_lithophil","6126b9b7-3511-42ee-acff-1f0f2be4f836",6,2,"> 7 (6-9)",">",6,9,TRUE,"number of taxa - LITHOPHIL (requires clean, coarse substrate)","Rule0",NA,NA,NA,NA,NA,"Main_VetGlen","Main_VetGlen",0,"Main_VetGlen_L2_Rule0_nt_repro_lithophil"
"LBR_Fish_BCG_v1","Main_VetGlen","nt_repro_lithophil","6126b9b7-3511-42ee-acff-1f0f2be4f836",6,4,"> 1 (0-3)",">",0,3,TRUE,"number of taxa - LITHOPHIL (requires clean, coarse substrate)","Rule0",NA,NA,NA,NA,NA,"Main_VetGlen","Main_VetGlen",1,"Main_VetGlen_L4_Rule0_nt_repro_lithophil"
"LBR_Fish_BCG_v1","Main_VetGlen","nt_repro_lithophil","BRGlen1996",6,3,"> 4 (3-6)",">",3,6,TRUE,"number of taxa - LITHOPHIL (requires clean, coarse substrate)","Rule0",NA,NA,NA,NA,NA,"Main_VetGlen","Main_VetGlen",1,"Main_VetGlen_L3_Rule0_nt_repro_lithophil"
"LBR_Fish_BCG_v1","Main_VetGlen","nt_repro_lithophil","BRGlen1996",6,2,"> 7 (6-9)",">",6,9,TRUE,"number of taxa - LITHOPHIL (requires clean, coarse substrate)","Rule0",NA,NA,NA,NA,NA,"Main_VetGlen","Main_VetGlen",0,"Main_VetGlen_L2_Rule0_nt_repro_lithophil"
"LBR_Fish_BCG_v1","Main_VetGlen","nt_repro_lithophil","BRGlen1996",6,4,"> 1 (0-3)",">",0,3,TRUE,"number of taxa - LITHOPHIL (requires clean, coarse substrate)","Rule0",NA,NA,NA,NA,NA,"Main_VetGlen","Main_VetGlen",1,"Main_VetGlen_L4_Rule0_nt_repro_lithophil"
"LBR_Fish_BCG_v1","Main_VetGlen","nt_repro_lithophil","BRVetMem2003",6,3,"> 4 (3-6)",">",3,6,TRUE,"number of taxa - LITHOPHIL (requires clean, coarse substrate)","Rule0",NA,NA,NA,NA,NA,"Main_VetGlen","Main_VetGlen",1,"Main_VetGlen_L3_Rule0_nt_repro_lithophil"
"LBR_Fish_BCG_v1","Main_VetGlen","nt_repro_lithophil","BRVetMem2003",6,2,"> 7 (6-9)",">",6,9,TRUE,"number of taxa - LITHOPHIL (requires clean, coarse substrate)","Rule0",NA,NA,NA,NA,NA,"Main_VetGlen","Main_VetGlen",0,"Main_VetGlen_L2_Rule0_nt_repro_lithophil"
"LBR_Fish_BCG_v1","Main_VetGlen","nt_repro_lithophil","BRVetMem2003",6,4,"> 1 (0-3)",">",0,3,TRUE,"number of taxa - LITHOPHIL (requires clean, coarse substrate)","Rule0",NA,NA,NA,NA,NA,"Main_VetGlen","Main_VetGlen",1,"Main_VetGlen_L4_Rule0_nt_repro_lithophil"
"LBR_Fish_BCG_v1","Main_VetGlen","nt_repro_lithophil","d431fc87-f222-499f-90cc-d7a26a249ad1",8,3,"> 4 (3-6)",">",3,6,TRUE,"number of taxa - LITHOPHIL (requires clean, coarse substrate)","Rule0",NA,NA,NA,NA,NA,"Main_VetGlen","Main_VetGlen",1,"Main_VetGlen_L3_Rule0_nt_repro_lithophil"
"LBR_Fish_BCG_v1","Main_VetGlen","nt_repro_lithophil","d431fc87-f222-499f-90cc-d7a26a249ad1",8,2,"> 7 (6-9)",">",6,9,TRUE,"number of taxa - LITHOPHIL (requires clean, coarse substrate)","Rule0",NA,NA,NA,NA,NA,"Main_VetGlen","Main_VetGlen",0.666666666666667,"Main_VetGlen_L2_Rule0_nt_repro_lithophil"
"LBR_Fish_BCG_v1","Main_VetGlen","nt_repro_lithophil","d431fc87-f222-499f-90cc-d7a26a249ad1",8,4,"> 1 (0-3)",">",0,3,TRUE,"number of taxa - LITHOPHIL (requires clean, coarse substrate)","Rule0",NA,NA,NA,NA,NA,"Main_VetGlen","Main_VetGlen",1,"Main_VetGlen_L4_Rule0_nt_repro_lithophil"
"LBR_Fish_BCG_v1","Main_VetGlen","nt_repro_lithophil","BRVetMem2005",6,3,"> 4 (3-6)",">",3,6,TRUE,"number of taxa - LITHOPHIL (requires clean, coarse substrate)","Rule0",NA,NA,NA,NA,NA,"Main_VetGlen","Main_VetGlen",1,"Main_VetGlen_L3_Rule0_nt_repro_lithophil"
"LBR_Fish_BCG_v1","Main_VetGlen","nt_repro_lithophil","BRVetMem2005",6,2,"> 7 (6-9)",">",6,9,TRUE,"number of taxa - LITHOPHIL (requires clean, coarse substrate)","Rule0",NA,NA,NA,NA,NA,"Main_VetGlen","Main_VetGlen",0,"Main_VetGlen_L2_Rule0_nt_repro_lithophil"
"LBR_Fish_BCG_v1","Main_VetGlen","nt_repro_lithophil","BRVetMem2005",6,4,"> 1 (0-3)",">",0,3,TRUE,"number of taxa - LITHOPHIL (requires clean, coarse substrate)","Rule0",NA,NA,NA,NA,NA,"Main_VetGlen","Main_VetGlen",1,"Main_VetGlen_L4_Rule0_nt_repro_lithophil"
"LBR_Fish_BCG_v1","Main_VetGlen","nt_repro_lithophil","BRVetMem1995",6,3,"> 4 (3-6)",">",3,6,TRUE,"number of taxa - LITHOPHIL (requires clean, coarse substrate)","Rule0",NA,NA,NA,NA,NA,"Main_VetGlen","Main_VetGlen",1,"Main_VetGlen_L3_Rule0_nt_repro_lithophil"
"LBR_Fish_BCG_v1","Main_VetGlen","nt_repro_lithophil","BRVetMem1995",6,2,"> 7 (6-9)",">",6,9,TRUE,"number of taxa - LITHOPHIL (requires clean, coarse substrate)","Rule0",NA,NA,NA,NA,NA,"Main_VetGlen","Main_VetGlen",0,"Main_VetGlen_L2_Rule0_nt_repro_lithophil"
"LBR_Fish_BCG_v1","Main_VetGlen","nt_repro_lithophil","BRVetMem1995",6,4,"> 1 (0-3)",">",0,3,TRUE,"number of taxa - LITHOPHIL (requires clean, coarse substrate)","Rule0",NA,NA,NA,NA,NA,"Main_VetGlen","Main_VetGlen",1,"Main_VetGlen_L4_Rule0_nt_repro_lithophil"
"LBR_Fish_BCG_v1","Main_VetGlen","nt_repro_lithophil","BRVetMem1996",3,3,"> 4 (3-6)",">",3,6,TRUE,"number of taxa - LITHOPHIL (requires clean, coarse substrate)","Rule0",NA,NA,NA,NA,NA,"Main_VetGlen","Main_VetGlen",0,"Main_VetGlen_L3_Rule0_nt_repro_lithophil"
"LBR_Fish_BCG_v1","Main_VetGlen","nt_repro_lithophil","BRVetMem1996",3,2,"> 7 (6-9)",">",6,9,TRUE,"number of taxa - LITHOPHIL (requires clean, coarse substrate)","Rule0",NA,NA,NA,NA,NA,"Main_VetGlen","Main_VetGlen",0,"Main_VetGlen_L2_Rule0_nt_repro_lithophil"
"LBR_Fish_BCG_v1","Main_VetGlen","nt_repro_lithophil","BRVetMem1996",3,4,"> 1 (0-3)",">",0,3,TRUE,"number of taxa - LITHOPHIL (requires clean, coarse substrate)","Rule0",NA,NA,NA,NA,NA,"Main_VetGlen","Main_VetGlen",1,"Main_VetGlen_L4_Rule0_nt_repro_lithophil"
"LBR_Fish_BCG_v1","Main_VetGlen","nt_repro_lithophil","BRGlen1995",5,3,"> 4 (3-6)",">",3,6,TRUE,"number of taxa - LITHOPHIL (requires clean, coarse substrate)","Rule0",NA,NA,NA,NA,NA,"Main_VetGlen","Main_VetGlen",0.666666666666667,"Main_VetGlen_L3_Rule0_nt_repro_lithophil"
"LBR_Fish_BCG_v1","Main_VetGlen","nt_repro_lithophil","BRGlen1995",5,2,"> 7 (6-9)",">",6,9,TRUE,"number of taxa - LITHOPHIL (requires clean, coarse substrate)","Rule0",NA,NA,NA,NA,NA,"Main_VetGlen","Main_VetGlen",0,"Main_VetGlen_L2_Rule0_nt_repro_lithophil"
"LBR_Fish_BCG_v1","Main_VetGlen","nt_repro_lithophil","BRGlen1995",5,4,"> 1 (0-3)",">",0,3,TRUE,"number of taxa - LITHOPHIL (requires clean, coarse substrate)","Rule0",NA,NA,NA,NA,NA,"Main_VetGlen","Main_VetGlen",1,"Main_VetGlen_L4_Rule0_nt_repro_lithophil"
"LBR_Fish_BCG_v1","Main_VetGlen","nt_repro_lithophil","cf1764a0-4741-4b76-ba53-afd859933eac",6,3,"> 4 (3-6)",">",3,6,TRUE,"number of taxa - LITHOPHIL (requires clean, coarse substrate)","Rule0",NA,NA,NA,NA,NA,"Main_VetGlen","Main_VetGlen",1,"Main_VetGlen_L3_Rule0_nt_repro_lithophil"
"LBR_Fish_BCG_v1","Main_VetGlen","nt_repro_lithophil","cf1764a0-4741-4b76-ba53-afd859933eac",6,2,"> 7 (6-9)",">",6,9,TRUE,"number of taxa - LITHOPHIL (requires clean, coarse substrate)","Rule0",NA,NA,NA,NA,NA,"Main_VetGlen","Main_VetGlen",0,"Main_VetGlen_L2_Rule0_nt_repro_lithophil"
"LBR_Fish_BCG_v1","Main_VetGlen","nt_repro_lithophil","cf1764a0-4741-4b76-ba53-afd859933eac",6,4,"> 1 (0-3)",">",0,3,TRUE,"number of taxa - LITHOPHIL (requires clean, coarse substrate)","Rule0",NA,NA,NA,NA,NA,"Main_VetGlen","Main_VetGlen",1,"Main_VetGlen_L4_Rule0_nt_repro_lithophil"
"LBR_Fish_BCG_v1","Main_VetGlen","pi_BCG_att123","cf1764a0-4741-4b76-ba53-afd859933eac",60.2649006622517,5,"> 7 (5-10)",">",5,10,TRUE,"percent (0-100) individuals - BCG Attribute I + II + III","Rule0",NA,NA,NA,NA,NA,"Main_VetGlen","Main_VetGlen",1,"Main_VetGlen_L5_Rule0_pi_BCG_att123"
"LBR_Fish_BCG_v1","Main_VetGlen","pi_BCG_att123","cf1764a0-4741-4b76-ba53-afd859933eac",60.2649006622517,4,"≥ 15 (10-20)",">=",10,20,TRUE,"percent (0-100) individuals - BCG Attribute I + II + III","Rule0","SMALL2","second worst",NA,NA,NA,"Main_VetGlen","Main_VetGlen",1,"Main_VetGlen_L4_Rule0_pi_BCG_att123"
"LBR_Fish_BCG_v1","Main_VetGlen","pi_BCG_att123","cf1764a0-4741-4b76-ba53-afd859933eac",60.2649006622517,3,"≥ 45 (40-50)",">=",40,50,TRUE,"percent (0-100) individuals - BCG Attribute I + II + III","Rule0","SMALL2","second worst",NA,NA,NA,"Main_VetGlen","Main_VetGlen",1,"Main_VetGlen_L3_Rule0_pi_BCG_att123"
"LBR_Fish_BCG_v1","Main_VetGlen","pi_BCG_att123","cf1764a0-4741-4b76-ba53-afd859933eac",60.2649006622517,2,"≥ 55 (50-60)",">=",50,60,TRUE,"percent (0-100) individuals - BCG Attribute I + II + III","Rule0",NA,NA,NA,NA,NA,"Main_VetGlen","Main_VetGlen",1,"Main_VetGlen_L2_Rule0_pi_BCG_att123"
"LBR_Fish_BCG_v1","Main_VetGlen","pi_BCG_att123","c114e631-92cb-4abf-b6ea-033087bf9976",67.3469387755102,5,"> 7 (5-10)",">",5,10,TRUE,"percent (0-100) individuals - BCG Attribute I + II + III","Rule0",NA,NA,NA,NA,NA,"Main_VetGlen","Main_VetGlen",1,"Main_VetGlen_L5_Rule0_pi_BCG_att123"
"LBR_Fish_BCG_v1","Main_VetGlen","pi_BCG_att123","c114e631-92cb-4abf-b6ea-033087bf9976",67.3469387755102,4,"≥ 15 (10-20)",">=",10,20,TRUE,"percent (0-100) individuals - BCG Attribute I + II + III","Rule0","SMALL2","second worst",NA,NA,NA,"Main_VetGlen","Main_VetGlen",1,"Main_VetGlen_L4_Rule0_pi_BCG_att123"
"LBR_Fish_BCG_v1","Main_VetGlen","pi_BCG_att123","c114e631-92cb-4abf-b6ea-033087bf9976",67.3469387755102,3,"≥ 45 (40-50)",">=",40,50,TRUE,"percent (0-100) individuals - BCG Attribute I + II + III","Rule0","SMALL2","second worst",NA,NA,NA,"Main_VetGlen","Main_VetGlen",1,"Main_VetGlen_L3_Rule0_pi_BCG_att123"
"LBR_Fish_BCG_v1","Main_VetGlen","pi_BCG_att123","c114e631-92cb-4abf-b6ea-033087bf9976",67.3469387755102,2,"≥ 55 (50-60)",">=",50,60,TRUE,"percent (0-100) individuals - BCG Attribute I + II + III","Rule0",NA,NA,NA,NA,NA,"Main_VetGlen","Main_VetGlen",1,"Main_VetGlen_L2_Rule0_pi_BCG_att123"
"LBR_Fish_BCG_v1","Main_VetGlen","pi_BCG_att123","BRVetMem2017",40.1360544217687,5,"> 7 (5-10)",">",5,10,TRUE,"percent (0-100) individuals - BCG Attribute I + II + III","Rule0",NA,NA,NA,NA,NA,"Main_VetGlen","Main_VetGlen",1,"Main_VetGlen_L5_Rule0_pi_BCG_att123"
"LBR_Fish_BCG_v1","Main_VetGlen","pi_BCG_att123","BRVetMem2017",40.1360544217687,4,"≥ 15 (10-20)",">=",10,20,TRUE,"percent (0-100) individuals - BCG Attribute I + II + III","Rule0","SMALL2","second worst",NA,NA,NA,"Main_VetGlen","Main_VetGlen",1,"Main_VetGlen_L4_Rule0_pi_BCG_att123"
"LBR_Fish_BCG_v1","Main_VetGlen","pi_BCG_att123","BRVetMem2017",40.1360544217687,3,"≥ 45 (40-50)",">=",40,50,TRUE,"percent (0-100) individuals - BCG Attribute I + II + III","Rule0","SMALL2","second worst",NA,NA,NA,"Main_VetGlen","Main_VetGlen",0.0136054421768703,"Main_VetGlen_L3_Rule0_pi_BCG_att123"
"LBR_Fish_BCG_v1","Main_VetGlen","pi_BCG_att123","BRVetMem2017",40.1360544217687,2,"≥ 55 (50-60)",">=",50,60,TRUE,"percent (0-100) individuals - BCG Attribute I + II + III","Rule0",NA,NA,NA,NA,NA,"Main_VetGlen","Main_VetGlen",0,"Main_VetGlen_L2_Rule0_pi_BCG_att123"
"LBR_Fish_BCG_v1","Main_VetGlen","pi_BCG_att123","BRGlen2004",20.1342281879195,5,"> 7 (5-10)",">",5,10,TRUE,"percent (0-100) individuals - BCG Attribute I + II + III","Rule0",NA,NA,NA,NA,NA,"Main_VetGlen","Main_VetGlen",1,"Main_VetGlen_L5_Rule0_pi_BCG_att123"
"LBR_Fish_BCG_v1","Main_VetGlen","pi_BCG_att123","BRGlen2004",20.1342281879195,4,"≥ 15 (10-20)",">=",10,20,TRUE,"percent (0-100) individuals - BCG Attribute I + II + III","Rule0","SMALL2","second worst",NA,NA,NA,"Main_VetGlen","Main_VetGlen",1,"Main_VetGlen_L4_Rule0_pi_BCG_att123"
"LBR_Fish_BCG_v1","Main_VetGlen","pi_BCG_att123","BRGlen2004",20.1342281879195,3,"≥ 45 (40-50)",">=",40,50,TRUE,"percent (0-100) individuals - BCG Attribute I + II + III","Rule0","SMALL2","second worst",NA,NA,NA,"Main_VetGlen","Main_VetGlen",0,"Main_VetGlen_L3_Rule0_pi_BCG_att123"
"LBR_Fish_BCG_v1","Main_VetGlen","pi_BCG_att123","BRGlen2004",20.1342281879195,2,"≥ 55 (50-60)",">=",50,60,TRUE,"percent (0-100) individuals - BCG Attribute I + II + III","Rule0",NA,NA,NA,NA,NA,"Main_VetGlen","Main_VetGlen",0,"Main_VetGlen_L2_Rule0_pi_BCG_att123"
"LBR_Fish_BCG_v1","Main_VetGlen","pi_BCG_att123","BRGlen2005",75.4032258064516,5,"> 7 (5-10)",">",5,10,TRUE,"percent (0-100) individuals - BCG Attribute I + II + III","Rule0",NA,NA,NA,NA,NA,"Main_VetGlen","Main_VetGlen",1,"Main_VetGlen_L5_Rule0_pi_BCG_att123"
"LBR_Fish_BCG_v1","Main_VetGlen","pi_BCG_att123","BRGlen2005",75.4032258064516,4,"≥ 15 (10-20)",">=",10,20,TRUE,"percent (0-100) individuals - BCG Attribute I + II + III","Rule0","SMALL2","second worst",NA,NA,NA,"Main_VetGlen","Main_VetGlen",1,"Main_VetGlen_L4_Rule0_pi_BCG_att123"
"LBR_Fish_BCG_v1","Main_VetGlen","pi_BCG_att123","BRGlen2005",75.4032258064516,3,"≥ 45 (40-50)",">=",40,50,TRUE,"percent (0-100) individuals - BCG Attribute I + II + III","Rule0","SMALL2","second worst",NA,NA,NA,"Main_VetGlen","Main_VetGlen",1,"Main_VetGlen_L3_Rule0_pi_BCG_att123"
"LBR_Fish_BCG_v1","Main_VetGlen","pi_BCG_att123","BRGlen2005",75.4032258064516,2,"≥ 55 (50-60)",">=",50,60,TRUE,"percent (0-100) individuals - BCG Attribute I + II + III","Rule0",NA,NA,NA,NA,NA,"Main_VetGlen","Main_VetGlen",1,"Main_VetGlen_L2_Rule0_pi_BCG_att123"
"LBR_Fish_BCG_v1","Main_VetGlen","pi_BCG_att123","6126b9b7-3511-42ee-acff-1f0f2be4f836",50,5,"> 7 (5-10)",">",5,10,TRUE,"percent (0-100) individuals - BCG Attribute I + II + III","Rule0",NA,NA,NA,NA,NA,"Main_VetGlen","Main_VetGlen",1,"Main_VetGlen_L5_Rule0_pi_BCG_att123"
"LBR_Fish_BCG_v1","Main_VetGlen","pi_BCG_att123","6126b9b7-3511-42ee-acff-1f0f2be4f836",50,4,"≥ 15 (10-20)",">=",10,20,TRUE,"percent (0-100) individuals - BCG Attribute I + II + III","Rule0","SMALL2","second worst",NA,NA,NA,"Main_VetGlen","Main_VetGlen",1,"Main_VetGlen_L4_Rule0_pi_BCG_att123"
"LBR_Fish_BCG_v1","Main_VetGlen","pi_BCG_att123","6126b9b7-3511-42ee-acff-1f0f2be4f836",50,3,"≥ 45 (40-50)",">=",40,50,TRUE,"percent (0-100) individuals - BCG Attribute I + II + III","Rule0","SMALL2","second worst",NA,NA,NA,"Main_VetGlen","Main_VetGlen",1,"Main_VetGlen_L3_Rule0_pi_BCG_att123"
"LBR_Fish_BCG_v1","Main_VetGlen","pi_BCG_att123","6126b9b7-3511-42ee-acff-1f0f2be4f836",50,2,"≥ 55 (50-60)",">=",50,60,TRUE,"percent (0-100) individuals - BCG Attribute I + II + III","Rule0",NA,NA,NA,NA,NA,"Main_VetGlen","Main_VetGlen",0,"Main_VetGlen_L2_Rule0_pi_BCG_att123"
"LBR_Fish_BCG_v1","Main_VetGlen","pi_BCG_att123","BRGlen2014",63.9386189258312,5,"> 7 (5-10)",">",5,10,TRUE,"percent (0-100) individuals - BCG Attribute I + II + III","Rule0",NA,NA,NA,NA,NA,"Main_VetGlen","Main_VetGlen",1,"Main_VetGlen_L5_Rule0_pi_BCG_att123"
"LBR_Fish_BCG_v1","Main_VetGlen","pi_BCG_att123","BRGlen2014",63.9386189258312,4,"≥ 15 (10-20)",">=",10,20,TRUE,"percent (0-100) individuals - BCG Attribute I + II + III","Rule0","SMALL2","second worst",NA,NA,NA,"Main_VetGlen","Main_VetGlen",1,"Main_VetGlen_L4_Rule0_pi_BCG_att123"
"LBR_Fish_BCG_v1","Main_VetGlen","pi_BCG_att123","BRGlen2014",63.9386189258312,3,"≥ 45 (40-50)",">=",40,50,TRUE,"percent (0-100) individuals - BCG Attribute I + II + III","Rule0","SMALL2","second worst",NA,NA,NA,"Main_VetGlen","Main_VetGlen",1,"Main_VetGlen_L3_Rule0_pi_BCG_att123"
"LBR_Fish_BCG_v1","Main_VetGlen","pi_BCG_att123","BRGlen2014",63.9386189258312,2,"≥ 55 (50-60)",">=",50,60,TRUE,"percent (0-100) individuals - BCG Attribute I + II + III","Rule0",NA,NA,NA,NA,NA,"Main_VetGlen","Main_VetGlen",1,"Main_VetGlen_L2_Rule0_pi_BCG_att123"
"LBR_Fish_BCG_v1","Main_VetGlen","pi_BCG_att123","BRVetMem1996",60,5,"> 7 (5-10)",">",5,10,TRUE,"percent (0-100) individuals - BCG Attribute I + II + III","Rule0",NA,NA,NA,NA,NA,"Main_VetGlen","Main_VetGlen",1,"Main_VetGlen_L5_Rule0_pi_BCG_att123"
"LBR_Fish_BCG_v1","Main_VetGlen","pi_BCG_att123","BRVetMem1996",60,4,"≥ 15 (10-20)",">=",10,20,TRUE,"percent (0-100) individuals - BCG Attribute I + II + III","Rule0","SMALL2","second worst",NA,NA,NA,"Main_VetGlen","Main_VetGlen",1,"Main_VetGlen_L4_Rule0_pi_BCG_att123"
"LBR_Fish_BCG_v1","Main_VetGlen","pi_BCG_att123","BRVetMem1996",60,3,"≥ 45 (40-50)",">=",40,50,TRUE,"percent (0-100) individuals - BCG Attribute I + II + III","Rule0","SMALL2","second worst",NA,NA,NA,"Main_VetGlen","Main_VetGlen",1,"Main_VetGlen_L3_Rule0_pi_BCG_att123"
"LBR_Fish_BCG_v1","Main_VetGlen","pi_BCG_att123","BRVetMem1996",60,2,"≥ 55 (50-60)",">=",50,60,TRUE,"percent (0-100) individuals - BCG Attribute I + II + III","Rule0",NA,NA,NA,NA,NA,"Main_VetGlen","Main_VetGlen",1,"Main_VetGlen_L2_Rule0_pi_BCG_att123"
"LBR_Fish_BCG_v1","Main_VetGlen","pi_BCG_att123","BRGlen2017",63.953488372093,5,"> 7 (5-10)",">",5,10,TRUE,"percent (0-100) individuals - BCG Attribute I + II + III","Rule0",NA,NA,NA,NA,NA,"Main_VetGlen","Main_VetGlen",1,"Main_VetGlen_L5_Rule0_pi_BCG_att123"
"LBR_Fish_BCG_v1","Main_VetGlen","pi_BCG_att123","BRGlen2017",63.953488372093,4,"≥ 15 (10-20)",">=",10,20,TRUE,"percent (0-100) individuals - BCG Attribute I + II + III","Rule0","SMALL2","second worst",NA,NA,NA,"Main_VetGlen","Main_VetGlen",1,"Main_VetGlen_L4_Rule0_pi_BCG_att123"
"LBR_Fish_BCG_v1","Main_VetGlen","pi_BCG_att123","BRGlen2017",63.953488372093,3,"≥ 45 (40-50)",">=",40,50,TRUE,"percent (0-100) individuals - BCG Attribute I + II + III","Rule0","SMALL2","second worst",NA,NA,NA,"Main_VetGlen","Main_VetGlen",1,"Main_VetGlen_L3_Rule0_pi_BCG_att123"
"LBR_Fish_BCG_v1","Main_VetGlen","pi_BCG_att123","BRGlen2017",63.953488372093,2,"≥ 55 (50-60)",">=",50,60,TRUE,"percent (0-100) individuals - BCG Attribute I + II + III","Rule0",NA,NA,NA,NA,NA,"Main_VetGlen","Main_VetGlen",1,"Main_VetGlen_L2_Rule0_pi_BCG_att123"
"LBR_Fish_BCG_v1","Main_VetGlen","pi_BCG_att123","BRVetMem2003",73.6625514403292,5,"> 7 (5-10)",">",5,10,TRUE,"percent (0-100) individuals - BCG Attribute I + II + III","Rule0",NA,NA,NA,NA,NA,"Main_VetGlen","Main_VetGlen",1,"Main_VetGlen_L5_Rule0_pi_BCG_att123"
"LBR_Fish_BCG_v1","Main_VetGlen","pi_BCG_att123","BRVetMem2003",73.6625514403292,4,"≥ 15 (10-20)",">=",10,20,TRUE,"percent (0-100) individuals - BCG Attribute I + II + III","Rule0","SMALL2","second worst",NA,NA,NA,"Main_VetGlen","Main_VetGlen",1,"Main_VetGlen_L4_Rule0_pi_BCG_att123"
"LBR_Fish_BCG_v1","Main_VetGlen","pi_BCG_att123","BRVetMem2003",73.6625514403292,3,"≥ 45 (40-50)",">=",40,50,TRUE,"percent (0-100) individuals - BCG Attribute I + II + III","Rule0","SMALL2","second worst",NA,NA,NA,"Main_VetGlen","Main_VetGlen",1,"Main_VetGlen_L3_Rule0_pi_BCG_att123"
"LBR_Fish_BCG_v1","Main_VetGlen","pi_BCG_att123","BRVetMem2003",73.6625514403292,2,"≥ 55 (50-60)",">=",50,60,TRUE,"percent (0-100) individuals - BCG Attribute I + II + III","Rule0",NA,NA,NA,NA,NA,"Main_VetGlen","Main_VetGlen",1,"Main_VetGlen_L2_Rule0_pi_BCG_att123"
"LBR_Fish_BCG_v1","Main_VetGlen","pi_BCG_att123","BRVetMem1995",50.0897666068223,5,"> 7 (5-10)",">",5,10,TRUE,"percent (0-100) individuals - BCG Attribute I + II + III","Rule0",NA,NA,NA,NA,NA,"Main_VetGlen","Main_VetGlen",1,"Main_VetGlen_L5_Rule0_pi_BCG_att123"
"LBR_Fish_BCG_v1","Main_VetGlen","pi_BCG_att123","BRVetMem1995",50.0897666068223,4,"≥ 15 (10-20)",">=",10,20,TRUE,"percent (0-100) individuals - BCG Attribute I + II + III","Rule0","SMALL2","second worst",NA,NA,NA,"Main_VetGlen","Main_VetGlen",1,"Main_VetGlen_L4_Rule0_pi_BCG_att123"
"LBR_Fish_BCG_v1","Main_VetGlen","pi_BCG_att123","BRVetMem1995",50.0897666068223,3,"≥ 45 (40-50)",">=",40,50,TRUE,"percent (0-100) individuals - BCG Attribute I + II + III","Rule0","SMALL2","second worst",NA,NA,NA,"Main_VetGlen","Main_VetGlen",1,"Main_VetGlen_L3_Rule0_pi_BCG_att123"
"LBR_Fish_BCG_v1","Main_VetGlen","pi_BCG_att123","BRVetMem1995",50.0897666068223,2,"≥ 55 (50-60)",">=",50,60,TRUE,"percent (0-100) individuals - BCG Attribute I + II + III","Rule0",NA,NA,NA,NA,NA,"Main_VetGlen","Main_VetGlen",0.00897666068222591,"Main_VetGlen_L2_Rule0_pi_BCG_att123"
"LBR_Fish_BCG_v1","Main_VetGlen","pi_BCG_att123","fe6b180a-ec70-417f-b7a5-4ac38018636a",47.9274611398964,5,"> 7 (5-10)",">",5,10,TRUE,"percent (0-100) individuals - BCG Attribute I + II + III","Rule0",NA,NA,NA,NA,NA,"Main_VetGlen","Main_VetGlen",1,"Main_VetGlen_L5_Rule0_pi_BCG_att123"
"LBR_Fish_BCG_v1","Main_VetGlen","pi_BCG_att123","fe6b180a-ec70-417f-b7a5-4ac38018636a",47.9274611398964,4,"≥ 15 (10-20)",">=",10,20,TRUE,"percent (0-100) individuals - BCG Attribute I + II + III","Rule0","SMALL2","second worst",NA,NA,NA,"Main_VetGlen","Main_VetGlen",1,"Main_VetGlen_L4_Rule0_pi_BCG_att123"
"LBR_Fish_BCG_v1","Main_VetGlen","pi_BCG_att123","fe6b180a-ec70-417f-b7a5-4ac38018636a",47.9274611398964,3,"≥ 45 (40-50)",">=",40,50,TRUE,"percent (0-100) individuals - BCG Attribute I + II + III","Rule0","SMALL2","second worst",NA,NA,NA,"Main_VetGlen","Main_VetGlen",0.792746113989637,"Main_VetGlen_L3_Rule0_pi_BCG_att123"
"LBR_Fish_BCG_v1","Main_VetGlen","pi_BCG_att123","fe6b180a-ec70-417f-b7a5-4ac38018636a",47.9274611398964,2,"≥ 55 (50-60)",">=",50,60,TRUE,"percent (0-100) individuals - BCG Attribute I + II + III","Rule0",NA,NA,NA,NA,NA,"Main_VetGlen","Main_VetGlen",0,"Main_VetGlen_L2_Rule0_pi_BCG_att123"
"LBR_Fish_BCG_v1","Main_VetGlen","pi_BCG_att123","BRGlen2003",52.9411764705882,5,"> 7 (5-10)",">",5,10,TRUE,"percent (0-100) individuals - BCG Attribute I + II + III","Rule0",NA,NA,NA,NA,NA,"Main_VetGlen","Main_VetGlen",1,"Main_VetGlen_L5_Rule0_pi_BCG_att123"
"LBR_Fish_BCG_v1","Main_VetGlen","pi_BCG_att123","BRGlen2003",52.9411764705882,4,"≥ 15 (10-20)",">=",10,20,TRUE,"percent (0-100) individuals - BCG Attribute I + II + III","Rule0","SMALL2","second worst",NA,NA,NA,"Main_VetGlen","Main_VetGlen",1,"Main_VetGlen_L4_Rule0_pi_BCG_att123"
"LBR_Fish_BCG_v1","Main_VetGlen","pi_BCG_att123","BRGlen2003",52.9411764705882,3,"≥ 45 (40-50)",">=",40,50,TRUE,"percent (0-100) individuals - BCG Attribute I + II + III","Rule0","SMALL2","second worst",NA,NA,NA,"Main_VetGlen","Main_VetGlen",1,"Main_VetGlen_L3_Rule0_pi_BCG_att123"
"LBR_Fish_BCG_v1","Main_VetGlen","pi_BCG_att123","BRGlen2003",52.9411764705882,2,"≥ 55 (50-60)",">=",50,60,TRUE,"percent (0-100) individuals - BCG Attribute I + II + III","Rule0",NA,NA,NA,NA,NA,"Main_VetGlen","Main_VetGlen",0.294117647058823,"Main_VetGlen_L2_Rule0_pi_BCG_att123"
"LBR_Fish_BCG_v1","Main_VetGlen","pi_BCG_att123","BRGlen2001",71.6292134831461,5,"> 7 (5-10)",">",5,10,TRUE,"percent (0-100) individuals - BCG Attribute I + II + III","Rule0",NA,NA,NA,NA,NA,"Main_VetGlen","Main_VetGlen",1,"Main_VetGlen_L5_Rule0_pi_BCG_att123"
"LBR_Fish_BCG_v1","Main_VetGlen","pi_BCG_att123","BRGlen2001",71.6292134831461,4,"≥ 15 (10-20)",">=",10,20,TRUE,"percent (0-100) individuals - BCG Attribute I + II + III","Rule0","SMALL2","second worst",NA,NA,NA,"Main_VetGlen","Main_VetGlen",1,"Main_VetGlen_L4_Rule0_pi_BCG_att123"
"LBR_Fish_BCG_v1","Main_VetGlen","pi_BCG_att123","BRGlen2001",71.6292134831461,3,"≥ 45 (40-50)",">=",40,50,TRUE,"percent (0-100) individuals - BCG Attribute I + II + III","Rule0","SMALL2","second worst",NA,NA,NA,"Main_VetGlen","Main_VetGlen",1,"Main_VetGlen_L3_Rule0_pi_BCG_att123"
"LBR_Fish_BCG_v1","Main_VetGlen","pi_BCG_att123","BRGlen2001",71.6292134831461,2,"≥ 55 (50-60)",">=",50,60,TRUE,"percent (0-100) individuals - BCG Attribute I + II + III","Rule0",NA,NA,NA,NA,NA,"Main_VetGlen","Main_VetGlen",1,"Main_VetGlen_L2_Rule0_pi_BCG_att123"
"LBR_Fish_BCG_v1","Main_VetGlen","pi_BCG_att123","BRVetMem2005",76.0705289672544,5,"> 7 (5-10)",">",5,10,TRUE,"percent (0-100) individuals - BCG Attribute I + II + III","Rule0",NA,NA,NA,NA,NA,"Main_VetGlen","Main_VetGlen",1,"Main_VetGlen_L5_Rule0_pi_BCG_att123"
"LBR_Fish_BCG_v1","Main_VetGlen","pi_BCG_att123","BRVetMem2005",76.0705289672544,4,"≥ 15 (10-20)",">=",10,20,TRUE,"percent (0-100) individuals - BCG Attribute I + II + III","Rule0","SMALL2","second worst",NA,NA,NA,"Main_VetGlen","Main_VetGlen",1,"Main_VetGlen_L4_Rule0_pi_BCG_att123"
"LBR_Fish_BCG_v1","Main_VetGlen","pi_BCG_att123","BRVetMem2005",76.0705289672544,3,"≥ 45 (40-50)",">=",40,50,TRUE,"percent (0-100) individuals - BCG Attribute I + II + III","Rule0","SMALL2","second worst",NA,NA,NA,"Main_VetGlen","Main_VetGlen",1,"Main_VetGlen_L3_Rule0_pi_BCG_att123"
"LBR_Fish_BCG_v1","Main_VetGlen","pi_BCG_att123","BRVetMem2005",76.0705289672544,2,"≥ 55 (50-60)",">=",50,60,TRUE,"percent (0-100) individuals - BCG Attribute I + II + III","Rule0",NA,NA,NA,NA,NA,"Main_VetGlen","Main_VetGlen",1,"Main_VetGlen_L2_Rule0_pi_BCG_att123"
"LBR_Fish_BCG_v1","Main_VetGlen","pi_BCG_att123","d431fc87-f222-499f-90cc-d7a26a249ad1",28.448275862069,5,"> 7 (5-10)",">",5,10,TRUE,"percent (0-100) individuals - BCG Attribute I + II + III","Rule0",NA,NA,NA,NA,NA,"Main_VetGlen","Main_VetGlen",1,"Main_VetGlen_L5_Rule0_pi_BCG_att123"
"LBR_Fish_BCG_v1","Main_VetGlen","pi_BCG_att123","d431fc87-f222-499f-90cc-d7a26a249ad1",28.448275862069,4,"≥ 15 (10-20)",">=",10,20,TRUE,"percent (0-100) individuals - BCG Attribute I + II + III","Rule0","SMALL2","second worst",NA,NA,NA,"Main_VetGlen","Main_VetGlen",1,"Main_VetGlen_L4_Rule0_pi_BCG_att123"
"LBR_Fish_BCG_v1","Main_VetGlen","pi_BCG_att123","d431fc87-f222-499f-90cc-d7a26a249ad1",28.448275862069,3,"≥ 45 (40-50)",">=",40,50,TRUE,"percent (0-100) individuals - BCG Attribute I + II + III","Rule0","SMALL2","second worst",NA,NA,NA,"Main_VetGlen","Main_VetGlen",0,"Main_VetGlen_L3_Rule0_pi_BCG_att123"
"LBR_Fish_BCG_v1","Main_VetGlen","pi_BCG_att123","d431fc87-f222-499f-90cc-d7a26a249ad1",28.448275862069,2,"≥ 55 (50-60)",">=",50,60,TRUE,"percent (0-100) individuals - BCG Attribute I + II + III","Rule0",NA,NA,NA,NA,NA,"Main_VetGlen","Main_VetGlen",0,"Main_VetGlen_L2_Rule0_pi_BCG_att123"
"LBR_Fish_BCG_v1","Main_VetGlen","pi_BCG_att123","BRGlen1995",17.2131147540984,5,"> 7 (5-10)",">",5,10,TRUE,"percent (0-100) individuals - BCG Attribute I + II + III","Rule0",NA,NA,NA,NA,NA,"Main_VetGlen","Main_VetGlen",1,"Main_VetGlen_L5_Rule0_pi_BCG_att123"
"LBR_Fish_BCG_v1","Main_VetGlen","pi_BCG_att123","BRGlen1995",17.2131147540984,4,"≥ 15 (10-20)",">=",10,20,TRUE,"percent (0-100) individuals - BCG Attribute I + II + III","Rule0","SMALL2","second worst",NA,NA,NA,"Main_VetGlen","Main_VetGlen",0.721311475409836,"Main_VetGlen_L4_Rule0_pi_BCG_att123"
"LBR_Fish_BCG_v1","Main_VetGlen","pi_BCG_att123","BRGlen1995",17.2131147540984,3,"≥ 45 (40-50)",">=",40,50,TRUE,"percent (0-100) individuals - BCG Attribute I + II + III","Rule0","SMALL2","second worst",NA,NA,NA,"Main_VetGlen","Main_VetGlen",0,"Main_VetGlen_L3_Rule0_pi_BCG_att123"
"LBR_Fish_BCG_v1","Main_VetGlen","pi_BCG_att123","BRGlen1995",17.2131147540984,2,"≥ 55 (50-60)",">=",50,60,TRUE,"percent (0-100) individuals - BCG Attribute I + II + III","Rule0",NA,NA,NA,NA,NA,"Main_VetGlen","Main_VetGlen",0,"Main_VetGlen_L2_Rule0_pi_BCG_att123"
"LBR_Fish_BCG_v1","Main_VetGlen","pi_BCG_att123","BRGlen1996",36.9458128078818,5,"> 7 (5-10)",">",5,10,TRUE,"percent (0-100) individuals - BCG Attribute I + II + III","Rule0",NA,NA,NA,NA,NA,"Main_VetGlen","Main_VetGlen",1,"Main_VetGlen_L5_Rule0_pi_BCG_att123"
"LBR_Fish_BCG_v1","Main_VetGlen","pi_BCG_att123","BRGlen1996",36.9458128078818,4,"≥ 15 (10-20)",">=",10,20,TRUE,"percent (0-100) individuals - BCG Attribute I + II + III","Rule0","SMALL2","second worst",NA,NA,NA,"Main_VetGlen","Main_VetGlen",1,"Main_VetGlen_L4_Rule0_pi_BCG_att123"
"LBR_Fish_BCG_v1","Main_VetGlen","pi_BCG_att123","BRGlen1996",36.9458128078818,3,"≥ 45 (40-50)",">=",40,50,TRUE,"percent (0-100) individuals - BCG Attribute I + II + III","Rule0","SMALL2","second worst",NA,NA,NA,"Main_VetGlen","Main_VetGlen",0,"Main_VetGlen_L3_Rule0_pi_BCG_att123"
"LBR_Fish_BCG_v1","Main_VetGlen","pi_BCG_att123","BRGlen1996",36.9458128078818,2,"≥ 55 (50-60)",">=",50,60,TRUE,"percent (0-100) individuals - BCG Attribute I + II + III","Rule0",NA,NA,NA,NA,NA,"Main_VetGlen","Main_VetGlen",0,"Main_VetGlen_L2_Rule0_pi_BCG_att123"
"LBR_Fish_BCG_v1","Main_VetGlen","pi_BCG_att6t","BRGlen2004",0.671140939597315,3,"< 0.1 (0-0.1)","<",0,0.1,FALSE,"percent (0-100) individuals - BCG Attribute VI t (very tolerant non-native)","Rule0",NA,NA,NA,NA,NA,"Main_VetGlen","Main_VetGlen",0,"Main_VetGlen_L3_Rule0_pi_BCG_att6t"
"LBR_Fish_BCG_v1","Main_VetGlen","pi_BCG_att6t","BRVetMem2005",0,3,"< 0.1 (0-0.1)","<",0,0.1,FALSE,"percent (0-100) individuals - BCG Attribute VI t (very tolerant non-native)","Rule0",NA,NA,NA,NA,NA,"Main_VetGlen","Main_VetGlen",1,"Main_VetGlen_L3_Rule0_pi_BCG_att6t"
"LBR_Fish_BCG_v1","Main_VetGlen","pi_BCG_att6t","BRGlen2014",0,3,"< 0.1 (0-0.1)","<",0,0.1,FALSE,"percent (0-100) individuals - BCG Attribute VI t (very tolerant non-native)","Rule0",NA,NA,NA,NA,NA,"Main_VetGlen","Main_VetGlen",1,"Main_VetGlen_L3_Rule0_pi_BCG_att6t"
"LBR_Fish_BCG_v1","Main_VetGlen","pi_BCG_att6t","BRVetMem1996",0.317460317460317,3,"< 0.1 (0-0.1)","<",0,0.1,FALSE,"percent (0-100) individuals - BCG Attribute VI t (very tolerant non-native)","Rule0",NA,NA,NA,NA,NA,"Main_VetGlen","Main_VetGlen",0,"Main_VetGlen_L3_Rule0_pi_BCG_att6t"
"LBR_Fish_BCG_v1","Main_VetGlen","pi_BCG_att6t","BRGlen2005",0,3,"< 0.1 (0-0.1)","<",0,0.1,FALSE,"percent (0-100) individuals - BCG Attribute VI t (very tolerant non-native)","Rule0",NA,NA,NA,NA,NA,"Main_VetGlen","Main_VetGlen",1,"Main_VetGlen_L3_Rule0_pi_BCG_att6t"
"LBR_Fish_BCG_v1","Main_VetGlen","pi_BCG_att6t","BRGlen2001",0,3,"< 0.1 (0-0.1)","<",0,0.1,FALSE,"percent (0-100) individuals - BCG Attribute VI t (very tolerant non-native)","Rule0",NA,NA,NA,NA,NA,"Main_VetGlen","Main_VetGlen",1,"Main_VetGlen_L3_Rule0_pi_BCG_att6t"
"LBR_Fish_BCG_v1","Main_VetGlen","pi_BCG_att6t","c114e631-92cb-4abf-b6ea-033087bf9976",0,3,"< 0.1 (0-0.1)","<",0,0.1,FALSE,"percent (0-100) individuals - BCG Attribute VI t (very tolerant non-native)","Rule0",NA,NA,NA,NA,NA,"Main_VetGlen","Main_VetGlen",1,"Main_VetGlen_L3_Rule0_pi_BCG_att6t"
"LBR_Fish_BCG_v1","Main_VetGlen","pi_BCG_att6t","BRGlen2003",0,3,"< 0.1 (0-0.1)","<",0,0.1,FALSE,"percent (0-100) individuals - BCG Attribute VI t (very tolerant non-native)","Rule0",NA,NA,NA,NA,NA,"Main_VetGlen","Main_VetGlen",1,"Main_VetGlen_L3_Rule0_pi_BCG_att6t"
"LBR_Fish_BCG_v1","Main_VetGlen","pi_BCG_att6t","6126b9b7-3511-42ee-acff-1f0f2be4f836",0,3,"< 0.1 (0-0.1)","<",0,0.1,FALSE,"percent (0-100) individuals - BCG Attribute VI t (very tolerant non-native)","Rule0",NA,NA,NA,NA,NA,"Main_VetGlen","Main_VetGlen",1,"Main_VetGlen_L3_Rule0_pi_BCG_att6t"
"LBR_Fish_BCG_v1","Main_VetGlen","pi_BCG_att6t","BRGlen1996",0,3,"< 0.1 (0-0.1)","<",0,0.1,FALSE,"percent (0-100) individuals - BCG Attribute VI t (very tolerant non-native)","Rule0",NA,NA,NA,NA,NA,"Main_VetGlen","Main_VetGlen",1,"Main_VetGlen_L3_Rule0_pi_BCG_att6t"
"LBR_Fish_BCG_v1","Main_VetGlen","pi_BCG_att6t","BRGlen1995",0,3,"< 0.1 (0-0.1)","<",0,0.1,FALSE,"percent (0-100) individuals - BCG Attribute VI t (very tolerant non-native)","Rule0",NA,NA,NA,NA,NA,"Main_VetGlen","Main_VetGlen",1,"Main_VetGlen_L3_Rule0_pi_BCG_att6t"
"LBR_Fish_BCG_v1","Main_VetGlen","pi_BCG_att6t","BRVetMem1995",0,3,"< 0.1 (0-0.1)","<",0,0.1,FALSE,"percent (0-100) individuals - BCG Attribute VI t (very tolerant non-native)","Rule0",NA,NA,NA,NA,NA,"Main_VetGlen","Main_VetGlen",1,"Main_VetGlen_L3_Rule0_pi_BCG_att6t"
"LBR_Fish_BCG_v1","Main_VetGlen","pi_BCG_att6t","BRVetMem2003",0,3,"< 0.1 (0-0.1)","<",0,0.1,FALSE,"percent (0-100) individuals - BCG Attribute VI t (very tolerant non-native)","Rule0",NA,NA,NA,NA,NA,"Main_VetGlen","Main_VetGlen",1,"Main_VetGlen_L3_Rule0_pi_BCG_att6t"
"LBR_Fish_BCG_v1","Main_VetGlen","pi_BCG_att6t","BRGlen2017",0,3,"< 0.1 (0-0.1)","<",0,0.1,FALSE,"percent (0-100) individuals - BCG Attribute VI t (very tolerant non-native)","Rule0",NA,NA,NA,NA,NA,"Main_VetGlen","Main_VetGlen",1,"Main_VetGlen_L3_Rule0_pi_BCG_att6t"
"LBR_Fish_BCG_v1","Main_VetGlen","pi_BCG_att6t","BRVetMem2017",0,3,"< 0.1 (0-0.1)","<",0,0.1,FALSE,"percent (0-100) individuals - BCG Attribute VI t (very tolerant non-native)","Rule0",NA,NA,NA,NA,NA,"Main_VetGlen","Main_VetGlen",1,"Main_VetGlen_L3_Rule0_pi_BCG_att6t"
"LBR_Fish_BCG_v1","Main_VetGlen","pi_BCG_att6t","d431fc87-f222-499f-90cc-d7a26a249ad1",0.862068965517241,3,"< 0.1 (0-0.1)","<",0,0.1,FALSE,"percent (0-100) individuals - BCG Attribute VI t (very tolerant non-native)","Rule0",NA,NA,NA,NA,NA,"Main_VetGlen","Main_VetGlen",0,"Main_VetGlen_L3_Rule0_pi_BCG_att6t"
"LBR_Fish_BCG_v1","Main_VetGlen","pi_BCG_att6t","cf1764a0-4741-4b76-ba53-afd859933eac",0,3,"< 0.1 (0-0.1)","<",0,0.1,FALSE,"percent (0-100) individuals - BCG Attribute VI t (very tolerant non-native)","Rule0",NA,NA,NA,NA,NA,"Main_VetGlen","Main_VetGlen",1,"Main_VetGlen_L3_Rule0_pi_BCG_att6t"
"LBR_Fish_BCG_v1","Main_VetGlen","pi_BCG_att6t","fe6b180a-ec70-417f-b7a5-4ac38018636a",0,3,"< 0.1 (0-0.1)","<",0,0.1,FALSE,"percent (0-100) individuals - BCG Attribute VI t (very tolerant non-native)","Rule0",NA,NA,NA,NA,NA,"Main_VetGlen","Main_VetGlen",1,"Main_VetGlen_L3_Rule0_pi_BCG_att6t"
"LBR_Fish_BCG_v1","Main_VetGlen","pi_Cott","BRVetMem2003",44.0329218106996,4,"> 0 (0-1)",">",0,1,TRUE,"percent (0-100) individuals - Family COTTIDAE","Rule0","SMALL2","second worst",NA,NA,NA,"Main_VetGlen","Main_VetGlen",1,"Main_VetGlen_L4_Rule0_pi_Cott"
"LBR_Fish_BCG_v1","Main_VetGlen","pi_Cott","BRVetMem2003",44.0329218106996,2,"≥ 15 (10-20)",">=",10,20,TRUE,"percent (0-100) individuals - Family COTTIDAE","Rule0",NA,NA,NA,NA,NA,"Main_VetGlen","Main_VetGlen",1,"Main_VetGlen_L2_Rule0_pi_Cott"
"LBR_Fish_BCG_v1","Main_VetGlen","pi_Cott","BRVetMem2003",44.0329218106996,3,"> 5 (1-10)",">",1,10,TRUE,"percent (0-100) individuals - Family COTTIDAE","Rule0","SMALL2","second worst",NA,NA,NA,"Main_VetGlen","Main_VetGlen",1,"Main_VetGlen_L3_Rule0_pi_Cott"
"LBR_Fish_BCG_v1","Main_VetGlen","pi_Cott","BRVetMem1996",0.634920634920635,4,"> 0 (0-1)",">",0,1,TRUE,"percent (0-100) individuals - Family COTTIDAE","Rule0","SMALL2","second worst",NA,NA,NA,"Main_VetGlen","Main_VetGlen",0.634920634920635,"Main_VetGlen_L4_Rule0_pi_Cott"
"LBR_Fish_BCG_v1","Main_VetGlen","pi_Cott","BRVetMem1996",0.634920634920635,2,"≥ 15 (10-20)",">=",10,20,TRUE,"percent (0-100) individuals - Family COTTIDAE","Rule0",NA,NA,NA,NA,NA,"Main_VetGlen","Main_VetGlen",0,"Main_VetGlen_L2_Rule0_pi_Cott"
"LBR_Fish_BCG_v1","Main_VetGlen","pi_Cott","BRVetMem1996",0.634920634920635,3,"> 5 (1-10)",">",1,10,TRUE,"percent (0-100) individuals - Family COTTIDAE","Rule0","SMALL2","second worst",NA,NA,NA,"Main_VetGlen","Main_VetGlen",0,"Main_VetGlen_L3_Rule0_pi_Cott"
"LBR_Fish_BCG_v1","Main_VetGlen","pi_Cott","fe6b180a-ec70-417f-b7a5-4ac38018636a",38.6010362694301,4,"> 0 (0-1)",">",0,1,TRUE,"percent (0-100) individuals - Family COTTIDAE","Rule0","SMALL2","second worst",NA,NA,NA,"Main_VetGlen","Main_VetGlen",1,"Main_VetGlen_L4_Rule0_pi_Cott"
"LBR_Fish_BCG_v1","Main_VetGlen","pi_Cott","fe6b180a-ec70-417f-b7a5-4ac38018636a",38.6010362694301,2,"≥ 15 (10-20)",">=",10,20,TRUE,"percent (0-100) individuals - Family COTTIDAE","Rule0",NA,NA,NA,NA,NA,"Main_VetGlen","Main_VetGlen",1,"Main_VetGlen_L2_Rule0_pi_Cott"
"LBR_Fish_BCG_v1","Main_VetGlen","pi_Cott","fe6b180a-ec70-417f-b7a5-4ac38018636a",38.6010362694301,3,"> 5 (1-10)",">",1,10,TRUE,"percent (0-100) individuals - Family COTTIDAE","Rule0","SMALL2","second worst",NA,NA,NA,"Main_VetGlen","Main_VetGlen",1,"Main_VetGlen_L3_Rule0_pi_Cott"
"LBR_Fish_BCG_v1","Main_VetGlen","pi_Cott","BRGlen2017",30.2325581395349,4,"> 0 (0-1)",">",0,1,TRUE,"percent (0-100) individuals - Family COTTIDAE","Rule0","SMALL2","second worst",NA,NA,NA,"Main_VetGlen","Main_VetGlen",1,"Main_VetGlen_L4_Rule0_pi_Cott"
"LBR_Fish_BCG_v1","Main_VetGlen","pi_Cott","BRGlen2017",30.2325581395349,2,"≥ 15 (10-20)",">=",10,20,TRUE,"percent (0-100) individuals - Family COTTIDAE","Rule0",NA,NA,NA,NA,NA,"Main_VetGlen","Main_VetGlen",1,"Main_VetGlen_L2_Rule0_pi_Cott"
"LBR_Fish_BCG_v1","Main_VetGlen","pi_Cott","BRGlen2017",30.2325581395349,3,"> 5 (1-10)",">",1,10,TRUE,"percent (0-100) individuals - Family COTTIDAE","Rule0","SMALL2","second worst",NA,NA,NA,"Main_VetGlen","Main_VetGlen",1,"Main_VetGlen_L3_Rule0_pi_Cott"
"LBR_Fish_BCG_v1","Main_VetGlen","pi_Cott","6126b9b7-3511-42ee-acff-1f0f2be4f836",21.9178082191781,4,"> 0 (0-1)",">",0,1,TRUE,"percent (0-100) individuals - Family COTTIDAE","Rule0","SMALL2","second worst",NA,NA,NA,"Main_VetGlen","Main_VetGlen",1,"Main_VetGlen_L4_Rule0_pi_Cott"
"LBR_Fish_BCG_v1","Main_VetGlen","pi_Cott","6126b9b7-3511-42ee-acff-1f0f2be4f836",21.9178082191781,2,"≥ 15 (10-20)",">=",10,20,TRUE,"percent (0-100) individuals - Family COTTIDAE","Rule0",NA,NA,NA,NA,NA,"Main_VetGlen","Main_VetGlen",1,"Main_VetGlen_L2_Rule0_pi_Cott"
"LBR_Fish_BCG_v1","Main_VetGlen","pi_Cott","6126b9b7-3511-42ee-acff-1f0f2be4f836",21.9178082191781,3,"> 5 (1-10)",">",1,10,TRUE,"percent (0-100) individuals - Family COTTIDAE","Rule0","SMALL2","second worst",NA,NA,NA,"Main_VetGlen","Main_VetGlen",1,"Main_VetGlen_L3_Rule0_pi_Cott"
"LBR_Fish_BCG_v1","Main_VetGlen","pi_Cott","BRGlen1996",2.46305418719212,4,"> 0 (0-1)",">",0,1,TRUE,"percent (0-100) individuals - Family COTTIDAE","Rule0","SMALL2","second worst",NA,NA,NA,"Main_VetGlen","Main_VetGlen",1,"Main_VetGlen_L4_Rule0_pi_Cott"
"LBR_Fish_BCG_v1","Main_VetGlen","pi_Cott","BRGlen1996",2.46305418719212,2,"≥ 15 (10-20)",">=",10,20,TRUE,"percent (0-100) individuals - Family COTTIDAE","Rule0",NA,NA,NA,NA,NA,"Main_VetGlen","Main_VetGlen",0,"Main_VetGlen_L2_Rule0_pi_Cott"
"LBR_Fish_BCG_v1","Main_VetGlen","pi_Cott","BRGlen1996",2.46305418719212,3,"> 5 (1-10)",">",1,10,TRUE,"percent (0-100) individuals - Family COTTIDAE","Rule0","SMALL2","second worst",NA,NA,NA,"Main_VetGlen","Main_VetGlen",0.16256157635468,"Main_VetGlen_L3_Rule0_pi_Cott"
"LBR_Fish_BCG_v1","Main_VetGlen","pi_Cott","c114e631-92cb-4abf-b6ea-033087bf9976",49.6598639455782,4,"> 0 (0-1)",">",0,1,TRUE,"percent (0-100) individuals - Family COTTIDAE","Rule0","SMALL2","second worst",NA,NA,NA,"Main_VetGlen","Main_VetGlen",1,"Main_VetGlen_L4_Rule0_pi_Cott"
"LBR_Fish_BCG_v1","Main_VetGlen","pi_Cott","c114e631-92cb-4abf-b6ea-033087bf9976",49.6598639455782,2,"≥ 15 (10-20)",">=",10,20,TRUE,"percent (0-100) individuals - Family COTTIDAE","Rule0",NA,NA,NA,NA,NA,"Main_VetGlen","Main_VetGlen",1,"Main_VetGlen_L2_Rule0_pi_Cott"
"LBR_Fish_BCG_v1","Main_VetGlen","pi_Cott","c114e631-92cb-4abf-b6ea-033087bf9976",49.6598639455782,3,"> 5 (1-10)",">",1,10,TRUE,"percent (0-100) individuals - Family COTTIDAE","Rule0","SMALL2","second worst",NA,NA,NA,"Main_VetGlen","Main_VetGlen",1,"Main_VetGlen_L3_Rule0_pi_Cott"
"LBR_Fish_BCG_v1","Main_VetGlen","pi_Cott","cf1764a0-4741-4b76-ba53-afd859933eac",36.4238410596027,4,"> 0 (0-1)",">",0,1,TRUE,"percent (0-100) individuals - Family COTTIDAE","Rule0","SMALL2","second worst",NA,NA,NA,"Main_VetGlen","Main_VetGlen",1,"Main_VetGlen_L4_Rule0_pi_Cott"
"LBR_Fish_BCG_v1","Main_VetGlen","pi_Cott","cf1764a0-4741-4b76-ba53-afd859933eac",36.4238410596027,2,"≥ 15 (10-20)",">=",10,20,TRUE,"percent (0-100) individuals - Family COTTIDAE","Rule0",NA,NA,NA,NA,NA,"Main_VetGlen","Main_VetGlen",1,"Main_VetGlen_L2_Rule0_pi_Cott"
"LBR_Fish_BCG_v1","Main_VetGlen","pi_Cott","cf1764a0-4741-4b76-ba53-afd859933eac",36.4238410596027,3,"> 5 (1-10)",">",1,10,TRUE,"percent (0-100) individuals - Family COTTIDAE","Rule0","SMALL2","second worst",NA,NA,NA,"Main_VetGlen","Main_VetGlen",1,"Main_VetGlen_L3_Rule0_pi_Cott"
"LBR_Fish_BCG_v1","Main_VetGlen","pi_Cott","BRVetMem2017",17.0068027210884,4,"> 0 (0-1)",">",0,1,TRUE,"percent (0-100) individuals - Family COTTIDAE","Rule0","SMALL2","second worst",NA,NA,NA,"Main_VetGlen","Main_VetGlen",1,"Main_VetGlen_L4_Rule0_pi_Cott"
"LBR_Fish_BCG_v1","Main_VetGlen","pi_Cott","BRVetMem2017",17.0068027210884,2,"≥ 15 (10-20)",">=",10,20,TRUE,"percent (0-100) individuals - Family COTTIDAE","Rule0",NA,NA,NA,NA,NA,"Main_VetGlen","Main_VetGlen",0.700680272108843,"Main_VetGlen_L2_Rule0_pi_Cott"
"LBR_Fish_BCG_v1","Main_VetGlen","pi_Cott","BRVetMem2017",17.0068027210884,3,"> 5 (1-10)",">",1,10,TRUE,"percent (0-100) individuals - Family COTTIDAE","Rule0","SMALL2","second worst",NA,NA,NA,"Main_VetGlen","Main_VetGlen",1,"Main_VetGlen_L3_Rule0_pi_Cott"
"LBR_Fish_BCG_v1","Main_VetGlen","pi_Cott","BRGlen1995",0,4,"> 0 (0-1)",">",0,1,TRUE,"percent (0-100) individuals - Family COTTIDAE","Rule0","SMALL2","second worst",NA,NA,NA,"Main_VetGlen","Main_VetGlen",0,"Main_VetGlen_L4_Rule0_pi_Cott"
"LBR_Fish_BCG_v1","Main_VetGlen","pi_Cott","BRGlen1995",0,2,"≥ 15 (10-20)",">=",10,20,TRUE,"percent (0-100) individuals - Family COTTIDAE","Rule0",NA,NA,NA,NA,NA,"Main_VetGlen","Main_VetGlen",0,"Main_VetGlen_L2_Rule0_pi_Cott"
"LBR_Fish_BCG_v1","Main_VetGlen","pi_Cott","BRGlen1995",0,3,"> 5 (1-10)",">",1,10,TRUE,"percent (0-100) individuals - Family COTTIDAE","Rule0","SMALL2","second worst",NA,NA,NA,"Main_VetGlen","Main_VetGlen",0,"Main_VetGlen_L3_Rule0_pi_Cott"
"LBR_Fish_BCG_v1","Main_VetGlen","pi_Cott","BRVetMem2005",30.2267002518892,4,"> 0 (0-1)",">",0,1,TRUE,"percent (0-100) individuals - Family COTTIDAE","Rule0","SMALL2","second worst",NA,NA,NA,"Main_VetGlen","Main_VetGlen",1,"Main_VetGlen_L4_Rule0_pi_Cott"
"LBR_Fish_BCG_v1","Main_VetGlen","pi_Cott","BRVetMem2005",30.2267002518892,2,"≥ 15 (10-20)",">=",10,20,TRUE,"percent (0-100) individuals - Family COTTIDAE","Rule0",NA,NA,NA,NA,NA,"Main_VetGlen","Main_VetGlen",1,"Main_VetGlen_L2_Rule0_pi_Cott"
"LBR_Fish_BCG_v1","Main_VetGlen","pi_Cott","BRVetMem2005",30.2267002518892,3,"> 5 (1-10)",">",1,10,TRUE,"percent (0-100) individuals - Family COTTIDAE","Rule0","SMALL2","second worst",NA,NA,NA,"Main_VetGlen","Main_VetGlen",1,"Main_VetGlen_L3_Rule0_pi_Cott"
"LBR_Fish_BCG_v1","Main_VetGlen","pi_Cott","BRGlen2014",34.5268542199489,4,"> 0 (0-1)",">",0,1,TRUE,"percent (0-100) individuals - Family COTTIDAE","Rule0","SMALL2","second worst",NA,NA,NA,"Main_VetGlen","Main_VetGlen",1,"Main_VetGlen_L4_Rule0_pi_Cott"
"LBR_Fish_BCG_v1","Main_VetGlen","pi_Cott","BRGlen2014",34.5268542199489,2,"≥ 15 (10-20)",">=",10,20,TRUE,"percent (0-100) individuals - Family COTTIDAE","Rule0",NA,NA,NA,NA,NA,"Main_VetGlen","Main_VetGlen",1,"Main_VetGlen_L2_Rule0_pi_Cott"
"LBR_Fish_BCG_v1","Main_VetGlen","pi_Cott","BRGlen2014",34.5268542199489,3,"> 5 (1-10)",">",1,10,TRUE,"percent (0-100) individuals - Family COTTIDAE","Rule0","SMALL2","second worst",NA,NA,NA,"Main_VetGlen","Main_VetGlen",1,"Main_VetGlen_L3_Rule0_pi_Cott"
"LBR_Fish_BCG_v1","Main_VetGlen","pi_Cott","BRGlen2001",7.30337078651685,4,"> 0 (0-1)",">",0,1,TRUE,"percent (0-100) individuals - Family COTTIDAE","Rule0","SMALL2","second worst",NA,NA,NA,"Main_VetGlen","Main_VetGlen",1,"Main_VetGlen_L4_Rule0_pi_Cott"
"LBR_Fish_BCG_v1","Main_VetGlen","pi_Cott","BRGlen2001",7.30337078651685,2,"≥ 15 (10-20)",">=",10,20,TRUE,"percent (0-100) individuals - Family COTTIDAE","Rule0",NA,NA,NA,NA,NA,"Main_VetGlen","Main_VetGlen",0,"Main_VetGlen_L2_Rule0_pi_Cott"
"LBR_Fish_BCG_v1","Main_VetGlen","pi_Cott","BRGlen2001",7.30337078651685,3,"> 5 (1-10)",">",1,10,TRUE,"percent (0-100) individuals - Family COTTIDAE","Rule0","SMALL2","second worst",NA,NA,NA,"Main_VetGlen","Main_VetGlen",0.700374531835206,"Main_VetGlen_L3_Rule0_pi_Cott"
"LBR_Fish_BCG_v1","Main_VetGlen","pi_Cott","d431fc87-f222-499f-90cc-d7a26a249ad1",16.3793103448276,4,"> 0 (0-1)",">",0,1,TRUE,"percent (0-100) individuals - Family COTTIDAE","Rule0","SMALL2","second worst",NA,NA,NA,"Main_VetGlen","Main_VetGlen",1,"Main_VetGlen_L4_Rule0_pi_Cott"
"LBR_Fish_BCG_v1","Main_VetGlen","pi_Cott","d431fc87-f222-499f-90cc-d7a26a249ad1",16.3793103448276,2,"≥ 15 (10-20)",">=",10,20,TRUE,"percent (0-100) individuals - Family COTTIDAE","Rule0",NA,NA,NA,NA,NA,"Main_VetGlen","Main_VetGlen",0.637931034482759,"Main_VetGlen_L2_Rule0_pi_Cott"
"LBR_Fish_BCG_v1","Main_VetGlen","pi_Cott","d431fc87-f222-499f-90cc-d7a26a249ad1",16.3793103448276,3,"> 5 (1-10)",">",1,10,TRUE,"percent (0-100) individuals - Family COTTIDAE","Rule0","SMALL2","second worst",NA,NA,NA,"Main_VetGlen","Main_VetGlen",1,"Main_VetGlen_L3_Rule0_pi_Cott"
"LBR_Fish_BCG_v1","Main_VetGlen","pi_Cott","BRGlen2004",0,4,"> 0 (0-1)",">",0,1,TRUE,"percent (0-100) individuals - Family COTTIDAE","Rule0","SMALL2","second worst",NA,NA,NA,"Main_VetGlen","Main_VetGlen",0,"Main_VetGlen_L4_Rule0_pi_Cott"
"LBR_Fish_BCG_v1","Main_VetGlen","pi_Cott","BRGlen2004",0,2,"≥ 15 (10-20)",">=",10,20,TRUE,"percent (0-100) individuals - Family COTTIDAE","Rule0",NA,NA,NA,NA,NA,"Main_VetGlen","Main_VetGlen",0,"Main_VetGlen_L2_Rule0_pi_Cott"
"LBR_Fish_BCG_v1","Main_VetGlen","pi_Cott","BRGlen2004",0,3,"> 5 (1-10)",">",1,10,TRUE,"percent (0-100) individuals - Family COTTIDAE","Rule0","SMALL2","second worst",NA,NA,NA,"Main_VetGlen","Main_VetGlen",0,"Main_VetGlen_L3_Rule0_pi_Cott"
"LBR_Fish_BCG_v1","Main_VetGlen","pi_Cott","BRGlen2003",9.55882352941176,4,"> 0 (0-1)",">",0,1,TRUE,"percent (0-100) individuals - Family COTTIDAE","Rule0","SMALL2","second worst",NA,NA,NA,"Main_VetGlen","Main_VetGlen",1,"Main_VetGlen_L4_Rule0_pi_Cott"
"LBR_Fish_BCG_v1","Main_VetGlen","pi_Cott","BRGlen2003",9.55882352941176,2,"≥ 15 (10-20)",">=",10,20,TRUE,"percent (0-100) individuals - Family COTTIDAE","Rule0",NA,NA,NA,NA,NA,"Main_VetGlen","Main_VetGlen",0,"Main_VetGlen_L2_Rule0_pi_Cott"
"LBR_Fish_BCG_v1","Main_VetGlen","pi_Cott","BRGlen2003",9.55882352941176,3,"> 5 (1-10)",">",1,10,TRUE,"percent (0-100) individuals - Family COTTIDAE","Rule0","SMALL2","second worst",NA,NA,NA,"Main_VetGlen","Main_VetGlen",0.950980392156863,"Main_VetGlen_L3_Rule0_pi_Cott"
"LBR_Fish_BCG_v1","Main_VetGlen","pi_Cott","BRVetMem1995",28.0071813285458,4,"> 0 (0-1)",">",0,1,TRUE,"percent (0-100) individuals - Family COTTIDAE","Rule0","SMALL2","second worst",NA,NA,NA,"Main_VetGlen","Main_VetGlen",1,"Main_VetGlen_L4_Rule0_pi_Cott"
"LBR_Fish_BCG_v1","Main_VetGlen","pi_Cott","BRVetMem1995",28.0071813285458,2,"≥ 15 (10-20)",">=",10,20,TRUE,"percent (0-100) individuals - Family COTTIDAE","Rule0",NA,NA,NA,NA,NA,"Main_VetGlen","Main_VetGlen",1,"Main_VetGlen_L2_Rule0_pi_Cott"
"LBR_Fish_BCG_v1","Main_VetGlen","pi_Cott","BRVetMem1995",28.0071813285458,3,"> 5 (1-10)",">",1,10,TRUE,"percent (0-100) individuals - Family COTTIDAE","Rule0","SMALL2","second worst",NA,NA,NA,"Main_VetGlen","Main_VetGlen",1,"Main_VetGlen_L3_Rule0_pi_Cott"
"LBR_Fish_BCG_v1","Main_VetGlen","pi_Cott","BRGlen2005",0.403225806451613,4,"> 0 (0-1)",">",0,1,TRUE,"percent (0-100) individuals - Family COTTIDAE","Rule0","SMALL2","second worst",NA,NA,NA,"Main_VetGlen","Main_VetGlen",0.403225806451613,"Main_VetGlen_L4_Rule0_pi_Cott"
"LBR_Fish_BCG_v1","Main_VetGlen","pi_Cott","BRGlen2005",0.403225806451613,2,"≥ 15 (10-20)",">=",10,20,TRUE,"percent (0-100) individuals - Family COTTIDAE","Rule0",NA,NA,NA,NA,NA,"Main_VetGlen","Main_VetGlen",0,"Main_VetGlen_L2_Rule0_pi_Cott"
"LBR_Fish_BCG_v1","Main_VetGlen","pi_Cott","BRGlen2005",0.403225806451613,3,"> 5 (1-10)",">",1,10,TRUE,"percent (0-100) individuals - Family COTTIDAE","Rule0","SMALL2","second worst",NA,NA,NA,"Main_VetGlen","Main_VetGlen",0,"Main_VetGlen_L3_Rule0_pi_Cott"
"LBR_Fish_BCG_v1","Main_VetGlen","pi_nonnative","6126b9b7-3511-42ee-acff-1f0f2be4f836",2.05479452054795,3,"< 3 (.1-5)","<",0.1,5,FALSE,"percent (0-100) individuals - non-native","Rule0","SMALL2","second worst",NA,NA,NA,"Main_VetGlen","Main_VetGlen",0.601062342745317,"Main_VetGlen_L3_Rule0_pi_nonnative"
"LBR_Fish_BCG_v1","Main_VetGlen","pi_nonnative","6126b9b7-3511-42ee-acff-1f0f2be4f836",2.05479452054795,4,"< 9 (7-10)","<",7,10,FALSE,"percent (0-100) individuals - non-native","Rule0","SMALL2","second worst",NA,NA,NA,"Main_VetGlen","Main_VetGlen",1,"Main_VetGlen_L4_Rule0_pi_nonnative"
"LBR_Fish_BCG_v1","Main_VetGlen","pi_nonnative","6126b9b7-3511-42ee-acff-1f0f2be4f836",2.05479452054795,5,"≤ 20 (15-25)","<=",15,25,FALSE,"percent (0-100) individuals - non-native","Rule0",NA,NA,NA,NA,NA,"Main_VetGlen","Main_VetGlen",1,"Main_VetGlen_L5_Rule0_pi_nonnative"
"LBR_Fish_BCG_v1","Main_VetGlen","pi_nonnative","6126b9b7-3511-42ee-acff-1f0f2be4f836",2.05479452054795,2,"< 0.1 (0-0.1)","<",0,0.1,FALSE,"percent (0-100) individuals - non-native","Rule0",NA,NA,NA,NA,NA,"Main_VetGlen","Main_VetGlen",0,"Main_VetGlen_L2_Rule0_pi_nonnative"
"LBR_Fish_BCG_v1","Main_VetGlen","pi_nonnative","d431fc87-f222-499f-90cc-d7a26a249ad1",1.72413793103448,3,"< 3 (.1-5)","<",0.1,5,FALSE,"percent (0-100) individuals - non-native","Rule0","SMALL2","second worst",NA,NA,NA,"Main_VetGlen","Main_VetGlen",0.668543279380718,"Main_VetGlen_L3_Rule0_pi_nonnative"
"LBR_Fish_BCG_v1","Main_VetGlen","pi_nonnative","d431fc87-f222-499f-90cc-d7a26a249ad1",1.72413793103448,4,"< 9 (7-10)","<",7,10,FALSE,"percent (0-100) individuals - non-native","Rule0","SMALL2","second worst",NA,NA,NA,"Main_VetGlen","Main_VetGlen",1,"Main_VetGlen_L4_Rule0_pi_nonnative"
"LBR_Fish_BCG_v1","Main_VetGlen","pi_nonnative","d431fc87-f222-499f-90cc-d7a26a249ad1",1.72413793103448,5,"≤ 20 (15-25)","<=",15,25,FALSE,"percent (0-100) individuals - non-native","Rule0",NA,NA,NA,NA,NA,"Main_VetGlen","Main_VetGlen",1,"Main_VetGlen_L5_Rule0_pi_nonnative"
"LBR_Fish_BCG_v1","Main_VetGlen","pi_nonnative","d431fc87-f222-499f-90cc-d7a26a249ad1",1.72413793103448,2,"< 0.1 (0-0.1)","<",0,0.1,FALSE,"percent (0-100) individuals - non-native","Rule0",NA,NA,NA,NA,NA,"Main_VetGlen","Main_VetGlen",0,"Main_VetGlen_L2_Rule0_pi_nonnative"
"LBR_Fish_BCG_v1","Main_VetGlen","pi_nonnative","BRVetMem1995",0,3,"< 3 (.1-5)","<",0.1,5,FALSE,"percent (0-100) individuals - non-native","Rule0","SMALL2","second worst",NA,NA,NA,"Main_VetGlen","Main_VetGlen",1,"Main_VetGlen_L3_Rule0_pi_nonnative"
"LBR_Fish_BCG_v1","Main_VetGlen","pi_nonnative","BRVetMem1995",0,4,"< 9 (7-10)","<",7,10,FALSE,"percent (0-100) individuals - non-native","Rule0","SMALL2","second worst",NA,NA,NA,"Main_VetGlen","Main_VetGlen",1,"Main_VetGlen_L4_Rule0_pi_nonnative"
"LBR_Fish_BCG_v1","Main_VetGlen","pi_nonnative","BRVetMem1995",0,5,"≤ 20 (15-25)","<=",15,25,FALSE,"percent (0-100) individuals - non-native","Rule0",NA,NA,NA,NA,NA,"Main_VetGlen","Main_VetGlen",1,"Main_VetGlen_L5_Rule0_pi_nonnative"
"LBR_Fish_BCG_v1","Main_VetGlen","pi_nonnative","BRVetMem1995",0,2,"< 0.1 (0-0.1)","<",0,0.1,FALSE,"percent (0-100) individuals - non-native","Rule0",NA,NA,NA,NA,NA,"Main_VetGlen","Main_VetGlen",1,"Main_VetGlen_L2_Rule0_pi_nonnative"
"LBR_Fish_BCG_v1","Main_VetGlen","pi_nonnative","BRGlen2014",0.255754475703325,3,"< 3 (.1-5)","<",0.1,5,FALSE,"percent (0-100) individuals - non-native","Rule0","SMALL2","second worst",NA,NA,NA,"Main_VetGlen","Main_VetGlen",0.968213372305444,"Main_VetGlen_L3_Rule0_pi_nonnative"
"LBR_Fish_BCG_v1","Main_VetGlen","pi_nonnative","BRGlen2014",0.255754475703325,4,"< 9 (7-10)","<",7,10,FALSE,"percent (0-100) individuals - non-native","Rule0","SMALL2","second worst",NA,NA,NA,"Main_VetGlen","Main_VetGlen",1,"Main_VetGlen_L4_Rule0_pi_nonnative"
"LBR_Fish_BCG_v1","Main_VetGlen","pi_nonnative","BRGlen2014",0.255754475703325,5,"≤ 20 (15-25)","<=",15,25,FALSE,"percent (0-100) individuals - non-native","Rule0",NA,NA,NA,NA,NA,"Main_VetGlen","Main_VetGlen",1,"Main_VetGlen_L5_Rule0_pi_nonnative"
"LBR_Fish_BCG_v1","Main_VetGlen","pi_nonnative","BRGlen2014",0.255754475703325,2,"< 0.1 (0-0.1)","<",0,0.1,FALSE,"percent (0-100) individuals - non-native","Rule0",NA,NA,NA,NA,NA,"Main_VetGlen","Main_VetGlen",0,"Main_VetGlen_L2_Rule0_pi_nonnative"
"LBR_Fish_BCG_v1","Main_VetGlen","pi_nonnative","BRVetMem2003",2.67489711934156,3,"< 3 (.1-5)","<",0.1,5,FALSE,"percent (0-100) individuals - non-native","Rule0","SMALL2","second worst",NA,NA,NA,"Main_VetGlen","Main_VetGlen",0.474510791971109,"Main_VetGlen_L3_Rule0_pi_nonnative"
"LBR_Fish_BCG_v1","Main_VetGlen","pi_nonnative","BRVetMem2003",2.67489711934156,4,"< 9 (7-10)","<",7,10,FALSE,"percent (0-100) individuals - non-native","Rule0","SMALL2","second worst",NA,NA,NA,"Main_VetGlen","Main_VetGlen",1,"Main_VetGlen_L4_Rule0_pi_nonnative"
"LBR_Fish_BCG_v1","Main_VetGlen","pi_nonnative","BRVetMem2003",2.67489711934156,5,"≤ 20 (15-25)","<=",15,25,FALSE,"percent (0-100) individuals - non-native","Rule0",NA,NA,NA,NA,NA,"Main_VetGlen","Main_VetGlen",1,"Main_VetGlen_L5_Rule0_pi_nonnative"
"LBR_Fish_BCG_v1","Main_VetGlen","pi_nonnative","BRVetMem2003",2.67489711934156,2,"< 0.1 (0-0.1)","<",0,0.1,FALSE,"percent (0-100) individuals - non-native","Rule0",NA,NA,NA,NA,NA,"Main_VetGlen","Main_VetGlen",0,"Main_VetGlen_L2_Rule0_pi_nonnative"
"LBR_Fish_BCG_v1","Main_VetGlen","pi_nonnative","BRGlen1995",0.163934426229508,3,"< 3 (.1-5)","<",0.1,5,FALSE,"percent (0-100) individuals - non-native","Rule0","SMALL2","second worst",NA,NA,NA,"Main_VetGlen","Main_VetGlen",0.986952157912345,"Main_VetGlen_L3_Rule0_pi_nonnative"
"LBR_Fish_BCG_v1","Main_VetGlen","pi_nonnative","BRGlen1995",0.163934426229508,4,"< 9 (7-10)","<",7,10,FALSE,"percent (0-100) individuals - non-native","Rule0","SMALL2","second worst",NA,NA,NA,"Main_VetGlen","Main_VetGlen",1,"Main_VetGlen_L4_Rule0_pi_nonnative"
"LBR_Fish_BCG_v1","Main_VetGlen","pi_nonnative","BRGlen1995",0.163934426229508,5,"≤ 20 (15-25)","<=",15,25,FALSE,"percent (0-100) individuals - non-native","Rule0",NA,NA,NA,NA,NA,"Main_VetGlen","Main_VetGlen",1,"Main_VetGlen_L5_Rule0_pi_nonnative"
"LBR_Fish_BCG_v1","Main_VetGlen","pi_nonnative","BRGlen1995",0.163934426229508,2,"< 0.1 (0-0.1)","<",0,0.1,FALSE,"percent (0-100) individuals - non-native","Rule0",NA,NA,NA,NA,NA,"Main_VetGlen","Main_VetGlen",0,"Main_VetGlen_L2_Rule0_pi_nonnative"
"LBR_Fish_BCG_v1","Main_VetGlen","pi_nonnative","BRVetMem2017",3.40136054421769,3,"< 3 (.1-5)","<",0.1,5,FALSE,"percent (0-100) individuals - non-native","Rule0","SMALL2","second worst",NA,NA,NA,"Main_VetGlen","Main_VetGlen",0.326252950159656,"Main_VetGlen_L3_Rule0_pi_nonnative"
"LBR_Fish_BCG_v1","Main_VetGlen","pi_nonnative","BRVetMem2017",3.40136054421769,4,"< 9 (7-10)","<",7,10,FALSE,"percent (0-100) individuals - non-native","Rule0","SMALL2","second worst",NA,NA,NA,"Main_VetGlen","Main_VetGlen",1,"Main_VetGlen_L4_Rule0_pi_nonnative"
"LBR_Fish_BCG_v1","Main_VetGlen","pi_nonnative","BRVetMem2017",3.40136054421769,5,"≤ 20 (15-25)","<=",15,25,FALSE,"percent (0-100) individuals - non-native","Rule0",NA,NA,NA,NA,NA,"Main_VetGlen","Main_VetGlen",1,"Main_VetGlen_L5_Rule0_pi_nonnative"
"LBR_Fish_BCG_v1","Main_VetGlen","pi_nonnative","BRVetMem2017",3.40136054421769,2,"< 0.1 (0-0.1)","<",0,0.1,FALSE,"percent (0-100) individuals - non-native","Rule0",NA,NA,NA,NA,NA,"Main_VetGlen","Main_VetGlen",0,"Main_VetGlen_L2_Rule0_pi_nonnative"
"LBR_Fish_BCG_v1","Main_VetGlen","pi_nonnative","cf1764a0-4741-4b76-ba53-afd859933eac",0.662251655629139,3,"< 3 (.1-5)","<",0.1,5,FALSE,"percent (0-100) individuals - non-native","Rule0","SMALL2","second worst",NA,NA,NA,"Main_VetGlen","Main_VetGlen",0.885254764157319,"Main_VetGlen_L3_Rule0_pi_nonnative"
"LBR_Fish_BCG_v1","Main_VetGlen","pi_nonnative","cf1764a0-4741-4b76-ba53-afd859933eac",0.662251655629139,4,"< 9 (7-10)","<",7,10,FALSE,"percent (0-100) individuals - non-native","Rule0","SMALL2","second worst",NA,NA,NA,"Main_VetGlen","Main_VetGlen",1,"Main_VetGlen_L4_Rule0_pi_nonnative"
"LBR_Fish_BCG_v1","Main_VetGlen","pi_nonnative","cf1764a0-4741-4b76-ba53-afd859933eac",0.662251655629139,5,"≤ 20 (15-25)","<=",15,25,FALSE,"percent (0-100) individuals - non-native","Rule0",NA,NA,NA,NA,NA,"Main_VetGlen","Main_VetGlen",1,"Main_VetGlen_L5_Rule0_pi_nonnative"
"LBR_Fish_BCG_v1","Main_VetGlen","pi_nonnative","cf1764a0-4741-4b76-ba53-afd859933eac",0.662251655629139,2,"< 0.1 (0-0.1)","<",0,0.1,FALSE,"percent (0-100) individuals - non-native","Rule0",NA,NA,NA,NA,NA,"Main_VetGlen","Main_VetGlen",0,"Main_VetGlen_L2_Rule0_pi_nonnative"
"LBR_Fish_BCG_v1","Main_VetGlen","pi_nonnative","BRVetMem1996",1.26984126984127,3,"< 3 (.1-5)","<",0.1,5,FALSE,"percent (0-100) individuals - non-native","Rule0","SMALL2","second worst",NA,NA,NA,"Main_VetGlen","Main_VetGlen",0.761256883705863,"Main_VetGlen_L3_Rule0_pi_nonnative"
"LBR_Fish_BCG_v1","Main_VetGlen","pi_nonnative","BRVetMem1996",1.26984126984127,4,"< 9 (7-10)","<",7,10,FALSE,"percent (0-100) individuals - non-native","Rule0","SMALL2","second worst",NA,NA,NA,"Main_VetGlen","Main_VetGlen",1,"Main_VetGlen_L4_Rule0_pi_nonnative"
"LBR_Fish_BCG_v1","Main_VetGlen","pi_nonnative","BRVetMem1996",1.26984126984127,5,"≤ 20 (15-25)","<=",15,25,FALSE,"percent (0-100) individuals - non-native","Rule0",NA,NA,NA,NA,NA,"Main_VetGlen","Main_VetGlen",1,"Main_VetGlen_L5_Rule0_pi_nonnative"
"LBR_Fish_BCG_v1","Main_VetGlen","pi_nonnative","BRVetMem1996",1.26984126984127,2,"< 0.1 (0-0.1)","<",0,0.1,FALSE,"percent (0-100) individuals - non-native","Rule0",NA,NA,NA,NA,NA,"Main_VetGlen","Main_VetGlen",0,"Main_VetGlen_L2_Rule0_pi_nonnative"
"LBR_Fish_BCG_v1","Main_VetGlen","pi_nonnative","BRGlen2001",1.96629213483146,3,"< 3 (.1-5)","<",0.1,5,FALSE,"percent (0-100) individuals - non-native","Rule0","SMALL2","second worst",NA,NA,NA,"Main_VetGlen","Main_VetGlen",0.619124054116029,"Main_VetGlen_L3_Rule0_pi_nonnative"
"LBR_Fish_BCG_v1","Main_VetGlen","pi_nonnative","BRGlen2001",1.96629213483146,4,"< 9 (7-10)","<",7,10,FALSE,"percent (0-100) individuals - non-native","Rule0","SMALL2","second worst",NA,NA,NA,"Main_VetGlen","Main_VetGlen",1,"Main_VetGlen_L4_Rule0_pi_nonnative"
"LBR_Fish_BCG_v1","Main_VetGlen","pi_nonnative","BRGlen2001",1.96629213483146,5,"≤ 20 (15-25)","<=",15,25,FALSE,"percent (0-100) individuals - non-native","Rule0",NA,NA,NA,NA,NA,"Main_VetGlen","Main_VetGlen",1,"Main_VetGlen_L5_Rule0_pi_nonnative"
"LBR_Fish_BCG_v1","Main_VetGlen","pi_nonnative","BRGlen2001",1.96629213483146,2,"< 0.1 (0-0.1)","<",0,0.1,FALSE,"percent (0-100) individuals - non-native","Rule0",NA,NA,NA,NA,NA,"Main_VetGlen","Main_VetGlen",0,"Main_VetGlen_L2_Rule0_pi_nonnative"
"LBR_Fish_BCG_v1","Main_VetGlen","pi_nonnative","c114e631-92cb-4abf-b6ea-033087bf9976",0.680272108843537,3,"< 3 (.1-5)","<",0.1,5,FALSE,"percent (0-100) individuals - non-native","Rule0","SMALL2","second worst",NA,NA,NA,"Main_VetGlen","Main_VetGlen",0.881577120644176,"Main_VetGlen_L3_Rule0_pi_nonnative"
"LBR_Fish_BCG_v1","Main_VetGlen","pi_nonnative","c114e631-92cb-4abf-b6ea-033087bf9976",0.680272108843537,4,"< 9 (7-10)","<",7,10,FALSE,"percent (0-100) individuals - non-native","Rule0","SMALL2","second worst",NA,NA,NA,"Main_VetGlen","Main_VetGlen",1,"Main_VetGlen_L4_Rule0_pi_nonnative"
"LBR_Fish_BCG_v1","Main_VetGlen","pi_nonnative","c114e631-92cb-4abf-b6ea-033087bf9976",0.680272108843537,5,"≤ 20 (15-25)","<=",15,25,FALSE,"percent (0-100) individuals - non-native","Rule0",NA,NA,NA,NA,NA,"Main_VetGlen","Main_VetGlen",1,"Main_VetGlen_L5_Rule0_pi_nonnative"
"LBR_Fish_BCG_v1","Main_VetGlen","pi_nonnative","c114e631-92cb-4abf-b6ea-033087bf9976",0.680272108843537,2,"< 0.1 (0-0.1)","<",0,0.1,FALSE,"percent (0-100) individuals - non-native","Rule0",NA,NA,NA,NA,NA,"Main_VetGlen","Main_VetGlen",0,"Main_VetGlen_L2_Rule0_pi_nonnative"
"LBR_Fish_BCG_v1","Main_VetGlen","pi_nonnative","fe6b180a-ec70-417f-b7a5-4ac38018636a",0.259067357512953,3,"< 3 (.1-5)","<",0.1,5,FALSE,"percent (0-100) individuals - non-native","Rule0","SMALL2","second worst",NA,NA,NA,"Main_VetGlen","Main_VetGlen",0.967537273976948,"Main_VetGlen_L3_Rule0_pi_nonnative"
"LBR_Fish_BCG_v1","Main_VetGlen","pi_nonnative","fe6b180a-ec70-417f-b7a5-4ac38018636a",0.259067357512953,4,"< 9 (7-10)","<",7,10,FALSE,"percent (0-100) individuals - non-native","Rule0","SMALL2","second worst",NA,NA,NA,"Main_VetGlen","Main_VetGlen",1,"Main_VetGlen_L4_Rule0_pi_nonnative"
"LBR_Fish_BCG_v1","Main_VetGlen","pi_nonnative","fe6b180a-ec70-417f-b7a5-4ac38018636a",0.259067357512953,5,"≤ 20 (15-25)","<=",15,25,FALSE,"percent (0-100) individuals - non-native","Rule0",NA,NA,NA,NA,NA,"Main_VetGlen","Main_VetGlen",1,"Main_VetGlen_L5_Rule0_pi_nonnative"
"LBR_Fish_BCG_v1","Main_VetGlen","pi_nonnative","fe6b180a-ec70-417f-b7a5-4ac38018636a",0.259067357512953,2,"< 0.1 (0-0.1)","<",0,0.1,FALSE,"percent (0-100) individuals - non-native","Rule0",NA,NA,NA,NA,NA,"Main_VetGlen","Main_VetGlen",0,"Main_VetGlen_L2_Rule0_pi_nonnative"
"LBR_Fish_BCG_v1","Main_VetGlen","pi_nonnative","BRGlen1996",2.46305418719212,3,"< 3 (.1-5)","<",0.1,5,FALSE,"percent (0-100) individuals - non-native","Rule0","SMALL2","second worst",NA,NA,NA,"Main_VetGlen","Main_VetGlen",0.51774404343018,"Main_VetGlen_L3_Rule0_pi_nonnative"
"LBR_Fish_BCG_v1","Main_VetGlen","pi_nonnative","BRGlen1996",2.46305418719212,4,"< 9 (7-10)","<",7,10,FALSE,"percent (0-100) individuals - non-native","Rule0","SMALL2","second worst",NA,NA,NA,"Main_VetGlen","Main_VetGlen",1,"Main_VetGlen_L4_Rule0_pi_nonnative"
"LBR_Fish_BCG_v1","Main_VetGlen","pi_nonnative","BRGlen1996",2.46305418719212,5,"≤ 20 (15-25)","<=",15,25,FALSE,"percent (0-100) individuals - non-native","Rule0",NA,NA,NA,NA,NA,"Main_VetGlen","Main_VetGlen",1,"Main_VetGlen_L5_Rule0_pi_nonnative"
"LBR_Fish_BCG_v1","Main_VetGlen","pi_nonnative","BRGlen1996",2.46305418719212,2,"< 0.1 (0-0.1)","<",0,0.1,FALSE,"percent (0-100) individuals - non-native","Rule0",NA,NA,NA,NA,NA,"Main_VetGlen","Main_VetGlen",0,"Main_VetGlen_L2_Rule0_pi_nonnative"
"LBR_Fish_BCG_v1","Main_VetGlen","pi_nonnative","BRGlen2005",2.41935483870968,3,"< 3 (.1-5)","<",0.1,5,FALSE,"percent (0-100) individuals - non-native","Rule0","SMALL2","second worst",NA,NA,NA,"Main_VetGlen","Main_VetGlen",0.526662277814352,"Main_VetGlen_L3_Rule0_pi_nonnative"
"LBR_Fish_BCG_v1","Main_VetGlen","pi_nonnative","BRGlen2005",2.41935483870968,4,"< 9 (7-10)","<",7,10,FALSE,"percent (0-100) individuals - non-native","Rule0","SMALL2","second worst",NA,NA,NA,"Main_VetGlen","Main_VetGlen",1,"Main_VetGlen_L4_Rule0_pi_nonnative"
"LBR_Fish_BCG_v1","Main_VetGlen","pi_nonnative","BRGlen2005",2.41935483870968,5,"≤ 20 (15-25)","<=",15,25,FALSE,"percent (0-100) individuals - non-native","Rule0",NA,NA,NA,NA,NA,"Main_VetGlen","Main_VetGlen",1,"Main_VetGlen_L5_Rule0_pi_nonnative"
"LBR_Fish_BCG_v1","Main_VetGlen","pi_nonnative","BRGlen2005",2.41935483870968,2,"< 0.1 (0-0.1)","<",0,0.1,FALSE,"percent (0-100) individuals - non-native","Rule0",NA,NA,NA,NA,NA,"Main_VetGlen","Main_VetGlen",0,"Main_VetGlen_L2_Rule0_pi_nonnative"
"LBR_Fish_BCG_v1","Main_VetGlen","pi_nonnative","BRGlen2017",1.74418604651163,3,"< 3 (.1-5)","<",0.1,5,FALSE,"percent (0-100) individuals - non-native","Rule0","SMALL2","second worst",NA,NA,NA,"Main_VetGlen","Main_VetGlen",0.664451827242525,"Main_VetGlen_L3_Rule0_pi_nonnative"
"LBR_Fish_BCG_v1","Main_VetGlen","pi_nonnative","BRGlen2017",1.74418604651163,4,"< 9 (7-10)","<",7,10,FALSE,"percent (0-100) individuals - non-native","Rule0","SMALL2","second worst",NA,NA,NA,"Main_VetGlen","Main_VetGlen",1,"Main_VetGlen_L4_Rule0_pi_nonnative"
"LBR_Fish_BCG_v1","Main_VetGlen","pi_nonnative","BRGlen2017",1.74418604651163,5,"≤ 20 (15-25)","<=",15,25,FALSE,"percent (0-100) individuals - non-native","Rule0",NA,NA,NA,NA,NA,"Main_VetGlen","Main_VetGlen",1,"Main_VetGlen_L5_Rule0_pi_nonnative"
"LBR_Fish_BCG_v1","Main_VetGlen","pi_nonnative","BRGlen2017",1.74418604651163,2,"< 0.1 (0-0.1)","<",0,0.1,FALSE,"percent (0-100) individuals - non-native","Rule0",NA,NA,NA,NA,NA,"Main_VetGlen","Main_VetGlen",0,"Main_VetGlen_L2_Rule0_pi_nonnative"
"LBR_Fish_BCG_v1","Main_VetGlen","pi_nonnative","BRGlen2003",2.20588235294118,3,"< 3 (.1-5)","<",0.1,5,FALSE,"percent (0-100) individuals - non-native","Rule0","SMALL2","second worst",NA,NA,NA,"Main_VetGlen","Main_VetGlen",0.570228091236495,"Main_VetGlen_L3_Rule0_pi_nonnative"
"LBR_Fish_BCG_v1","Main_VetGlen","pi_nonnative","BRGlen2003",2.20588235294118,4,"< 9 (7-10)","<",7,10,FALSE,"percent (0-100) individuals - non-native","Rule0","SMALL2","second worst",NA,NA,NA,"Main_VetGlen","Main_VetGlen",1,"Main_VetGlen_L4_Rule0_pi_nonnative"
"LBR_Fish_BCG_v1","Main_VetGlen","pi_nonnative","BRGlen2003",2.20588235294118,5,"≤ 20 (15-25)","<=",15,25,FALSE,"percent (0-100) individuals - non-native","Rule0",NA,NA,NA,NA,NA,"Main_VetGlen","Main_VetGlen",1,"Main_VetGlen_L5_Rule0_pi_nonnative"
"LBR_Fish_BCG_v1","Main_VetGlen","pi_nonnative","BRGlen2003",2.20588235294118,2,"< 0.1 (0-0.1)","<",0,0.1,FALSE,"percent (0-100) individuals - non-native","Rule0",NA,NA,NA,NA,NA,"Main_VetGlen","Main_VetGlen",0,"Main_VetGlen_L2_Rule0_pi_nonnative"
"LBR_Fish_BCG_v1","Main_VetGlen","pi_nonnative","BRGlen2004",7.38255033557047,3,"< 3 (.1-5)","<",0.1,5,FALSE,"percent (0-100) individuals - non-native","Rule0","SMALL2","second worst",NA,NA,NA,"Main_VetGlen","Main_VetGlen",0,"Main_VetGlen_L3_Rule0_pi_nonnative"
"LBR_Fish_BCG_v1","Main_VetGlen","pi_nonnative","BRGlen2004",7.38255033557047,4,"< 9 (7-10)","<",7,10,FALSE,"percent (0-100) individuals - non-native","Rule0","SMALL2","second worst",NA,NA,NA,"Main_VetGlen","Main_VetGlen",0.87248322147651,"Main_VetGlen_L4_Rule0_pi_nonnative"
"LBR_Fish_BCG_v1","Main_VetGlen","pi_nonnative","BRGlen2004",7.38255033557047,5,"≤ 20 (15-25)","<=",15,25,FALSE,"percent (0-100) individuals - non-native","Rule0",NA,NA,NA,NA,NA,"Main_VetGlen","Main_VetGlen",1,"Main_VetGlen_L5_Rule0_pi_nonnative"
"LBR_Fish_BCG_v1","Main_VetGlen","pi_nonnative","BRGlen2004",7.38255033557047,2,"< 0.1 (0-0.1)","<",0,0.1,FALSE,"percent (0-100) individuals - non-native","Rule0",NA,NA,NA,NA,NA,"Main_VetGlen","Main_VetGlen",0,"Main_VetGlen_L2_Rule0_pi_nonnative"
"LBR_Fish_BCG_v1","Main_VetGlen","pi_nonnative","BRVetMem2005",1.25944584382872,3,"< 3 (.1-5)","<",0.1,5,FALSE,"percent (0-100) individuals - non-native","Rule0","SMALL2","second worst",NA,NA,NA,"Main_VetGlen","Main_VetGlen",0.76337839921863,"Main_VetGlen_L3_Rule0_pi_nonnative"
"LBR_Fish_BCG_v1","Main_VetGlen","pi_nonnative","BRVetMem2005",1.25944584382872,4,"< 9 (7-10)","<",7,10,FALSE,"percent (0-100) individuals - non-native","Rule0","SMALL2","second worst",NA,NA,NA,"Main_VetGlen","Main_VetGlen",1,"Main_VetGlen_L4_Rule0_pi_nonnative"
"LBR_Fish_BCG_v1","Main_VetGlen","pi_nonnative","BRVetMem2005",1.25944584382872,5,"≤ 20 (15-25)","<=",15,25,FALSE,"percent (0-100) individuals - non-native","Rule0",NA,NA,NA,NA,NA,"Main_VetGlen","Main_VetGlen",1,"Main_VetGlen_L5_Rule0_pi_nonnative"
"LBR_Fish_BCG_v1","Main_VetGlen","pi_nonnative","BRVetMem2005",1.25944584382872,2,"< 0.1 (0-0.1)","<",0,0.1,FALSE,"percent (0-100) individuals - non-native","Rule0",NA,NA,NA,NA,NA,"Main_VetGlen","Main_VetGlen",0,"Main_VetGlen_L2_Rule0_pi_nonnative"
"LBR_Fish_BCG_v1","Main_VetGlen","pi_ti_cold","BRGlen1996",39.4088669950739,4,"≥ 15 (10-20)",">=",10,20,TRUE,"percent (0-100) individuals - cold","Rule0","SMALL2","second worst",NA,NA,NA,"Main_VetGlen","Main_VetGlen",1,"Main_VetGlen_L4_Rule0_pi_ti_cold"
"LBR_Fish_BCG_v1","Main_VetGlen","pi_ti_cold","BRGlen1996",39.4088669950739,2,"≥ 45 (40-50)",">=",40,50,TRUE,"percent (0-100) individuals - cold","Rule0",NA,NA,NA,NA,NA,"Main_VetGlen","Main_VetGlen",0,"Main_VetGlen_L2_Rule0_pi_ti_cold"
"LBR_Fish_BCG_v1","Main_VetGlen","pi_ti_cold","BRGlen1996",39.4088669950739,3,"≥ 35 (30-40)",">=",30,40,TRUE,"percent (0-100) individuals - cold","Rule0","SMALL2","second worst",NA,NA,NA,"Main_VetGlen","Main_VetGlen",0.940886699507389,"Main_VetGlen_L3_Rule0_pi_ti_cold"
"LBR_Fish_BCG_v1","Main_VetGlen","pi_ti_cold","c114e631-92cb-4abf-b6ea-033087bf9976",68.0272108843537,4,"≥ 15 (10-20)",">=",10,20,TRUE,"percent (0-100) individuals - cold","Rule0","SMALL2","second worst",NA,NA,NA,"Main_VetGlen","Main_VetGlen",1,"Main_VetGlen_L4_Rule0_pi_ti_cold"
"LBR_Fish_BCG_v1","Main_VetGlen","pi_ti_cold","c114e631-92cb-4abf-b6ea-033087bf9976",68.0272108843537,2,"≥ 45 (40-50)",">=",40,50,TRUE,"percent (0-100) individuals - cold","Rule0",NA,NA,NA,NA,NA,"Main_VetGlen","Main_VetGlen",1,"Main_VetGlen_L2_Rule0_pi_ti_cold"
"LBR_Fish_BCG_v1","Main_VetGlen","pi_ti_cold","c114e631-92cb-4abf-b6ea-033087bf9976",68.0272108843537,3,"≥ 35 (30-40)",">=",30,40,TRUE,"percent (0-100) individuals - cold","Rule0","SMALL2","second worst",NA,NA,NA,"Main_VetGlen","Main_VetGlen",1,"Main_VetGlen_L3_Rule0_pi_ti_cold"
"LBR_Fish_BCG_v1","Main_VetGlen","pi_ti_cold","BRGlen2017",65.6976744186046,4,"≥ 15 (10-20)",">=",10,20,TRUE,"percent (0-100) individuals - cold","Rule0","SMALL2","second worst",NA,NA,NA,"Main_VetGlen","Main_VetGlen",1,"Main_VetGlen_L4_Rule0_pi_ti_cold"
"LBR_Fish_BCG_v1","Main_VetGlen","pi_ti_cold","BRGlen2017",65.6976744186046,2,"≥ 45 (40-50)",">=",40,50,TRUE,"percent (0-100) individuals - cold","Rule0",NA,NA,NA,NA,NA,"Main_VetGlen","Main_VetGlen",1,"Main_VetGlen_L2_Rule0_pi_ti_cold"
"LBR_Fish_BCG_v1","Main_VetGlen","pi_ti_cold","BRGlen2017",65.6976744186046,3,"≥ 35 (30-40)",">=",30,40,TRUE,"percent (0-100) individuals - cold","Rule0","SMALL2","second worst",NA,NA,NA,"Main_VetGlen","Main_VetGlen",1,"Main_VetGlen_L3_Rule0_pi_ti_cold"
"LBR_Fish_BCG_v1","Main_VetGlen","pi_ti_cold","BRVetMem2003",76.3374485596708,4,"≥ 15 (10-20)",">=",10,20,TRUE,"percent (0-100) individuals - cold","Rule0","SMALL2","second worst",NA,NA,NA,"Main_VetGlen","Main_VetGlen",1,"Main_VetGlen_L4_Rule0_pi_ti_cold"
"LBR_Fish_BCG_v1","Main_VetGlen","pi_ti_cold","BRVetMem2003",76.3374485596708,2,"≥ 45 (40-50)",">=",40,50,TRUE,"percent (0-100) individuals - cold","Rule0",NA,NA,NA,NA,NA,"Main_VetGlen","Main_VetGlen",1,"Main_VetGlen_L2_Rule0_pi_ti_cold"
"LBR_Fish_BCG_v1","Main_VetGlen","pi_ti_cold","BRVetMem2003",76.3374485596708,3,"≥ 35 (30-40)",">=",30,40,TRUE,"percent (0-100) individuals - cold","Rule0","SMALL2","second worst",NA,NA,NA,"Main_VetGlen","Main_VetGlen",1,"Main_VetGlen_L3_Rule0_pi_ti_cold"
"LBR_Fish_BCG_v1","Main_VetGlen","pi_ti_cold","BRGlen1995",17.3770491803279,4,"≥ 15 (10-20)",">=",10,20,TRUE,"percent (0-100) individuals - cold","Rule0","SMALL2","second worst",NA,NA,NA,"Main_VetGlen","Main_VetGlen",0.737704918032787,"Main_VetGlen_L4_Rule0_pi_ti_cold"
"LBR_Fish_BCG_v1","Main_VetGlen","pi_ti_cold","BRGlen1995",17.3770491803279,2,"≥ 45 (40-50)",">=",40,50,TRUE,"percent (0-100) individuals - cold","Rule0",NA,NA,NA,NA,NA,"Main_VetGlen","Main_VetGlen",0,"Main_VetGlen_L2_Rule0_pi_ti_cold"
"LBR_Fish_BCG_v1","Main_VetGlen","pi_ti_cold","BRGlen1995",17.3770491803279,3,"≥ 35 (30-40)",">=",30,40,TRUE,"percent (0-100) individuals - cold","Rule0","SMALL2","second worst",NA,NA,NA,"Main_VetGlen","Main_VetGlen",0,"Main_VetGlen_L3_Rule0_pi_ti_cold"
"LBR_Fish_BCG_v1","Main_VetGlen","pi_ti_cold","cf1764a0-4741-4b76-ba53-afd859933eac",60.9271523178808,4,"≥ 15 (10-20)",">=",10,20,TRUE,"percent (0-100) individuals - cold","Rule0","SMALL2","second worst",NA,NA,NA,"Main_VetGlen","Main_VetGlen",1,"Main_VetGlen_L4_Rule0_pi_ti_cold"
"LBR_Fish_BCG_v1","Main_VetGlen","pi_ti_cold","cf1764a0-4741-4b76-ba53-afd859933eac",60.9271523178808,2,"≥ 45 (40-50)",">=",40,50,TRUE,"percent (0-100) individuals - cold","Rule0",NA,NA,NA,NA,NA,"Main_VetGlen","Main_VetGlen",1,"Main_VetGlen_L2_Rule0_pi_ti_cold"
"LBR_Fish_BCG_v1","Main_VetGlen","pi_ti_cold","cf1764a0-4741-4b76-ba53-afd859933eac",60.9271523178808,3,"≥ 35 (30-40)",">=",30,40,TRUE,"percent (0-100) individuals - cold","Rule0","SMALL2","second worst",NA,NA,NA,"Main_VetGlen","Main_VetGlen",1,"Main_VetGlen_L3_Rule0_pi_ti_cold"
"LBR_Fish_BCG_v1","Main_VetGlen","pi_ti_cold","6126b9b7-3511-42ee-acff-1f0f2be4f836",51.3698630136986,4,"≥ 15 (10-20)",">=",10,20,TRUE,"percent (0-100) individuals - cold","Rule0","SMALL2","second worst",NA,NA,NA,"Main_VetGlen","Main_VetGlen",1,"Main_VetGlen_L4_Rule0_pi_ti_cold"
"LBR_Fish_BCG_v1","Main_VetGlen","pi_ti_cold","6126b9b7-3511-42ee-acff-1f0f2be4f836",51.3698630136986,2,"≥ 45 (40-50)",">=",40,50,TRUE,"percent (0-100) individuals - cold","Rule0",NA,NA,NA,NA,NA,"Main_VetGlen","Main_VetGlen",1,"Main_VetGlen_L2_Rule0_pi_ti_cold"
"LBR_Fish_BCG_v1","Main_VetGlen","pi_ti_cold","6126b9b7-3511-42ee-acff-1f0f2be4f836",51.3698630136986,3,"≥ 35 (30-40)",">=",30,40,TRUE,"percent (0-100) individuals - cold","Rule0","SMALL2","second worst",NA,NA,NA,"Main_VetGlen","Main_VetGlen",1,"Main_VetGlen_L3_Rule0_pi_ti_cold"
"LBR_Fish_BCG_v1","Main_VetGlen","pi_ti_cold","BRVetMem2005",77.3299748110831,4,"≥ 15 (10-20)",">=",10,20,TRUE,"percent (0-100) individuals - cold","Rule0","SMALL2","second worst",NA,NA,NA,"Main_VetGlen","Main_VetGlen",1,"Main_VetGlen_L4_Rule0_pi_ti_cold"
"LBR_Fish_BCG_v1","Main_VetGlen","pi_ti_cold","BRVetMem2005",77.3299748110831,2,"≥ 45 (40-50)",">=",40,50,TRUE,"percent (0-100) individuals - cold","Rule0",NA,NA,NA,NA,NA,"Main_VetGlen","Main_VetGlen",1,"Main_VetGlen_L2_Rule0_pi_ti_cold"
"LBR_Fish_BCG_v1","Main_VetGlen","pi_ti_cold","BRVetMem2005",77.3299748110831,3,"≥ 35 (30-40)",">=",30,40,TRUE,"percent (0-100) individuals - cold","Rule0","SMALL2","second worst",NA,NA,NA,"Main_VetGlen","Main_VetGlen",1,"Main_VetGlen_L3_Rule0_pi_ti_cold"
"LBR_Fish_BCG_v1","Main_VetGlen","pi_ti_cold","BRGlen2014",64.1943734015345,4,"≥ 15 (10-20)",">=",10,20,TRUE,"percent (0-100) individuals - cold","Rule0","SMALL2","second worst",NA,NA,NA,"Main_VetGlen","Main_VetGlen",1,"Main_VetGlen_L4_Rule0_pi_ti_cold"
"LBR_Fish_BCG_v1","Main_VetGlen","pi_ti_cold","BRGlen2014",64.1943734015345,2,"≥ 45 (40-50)",">=",40,50,TRUE,"percent (0-100) individuals - cold","Rule0",NA,NA,NA,NA,NA,"Main_VetGlen","Main_VetGlen",1,"Main_VetGlen_L2_Rule0_pi_ti_cold"
"LBR_Fish_BCG_v1","Main_VetGlen","pi_ti_cold","BRGlen2014",64.1943734015345,3,"≥ 35 (30-40)",">=",30,40,TRUE,"percent (0-100) individuals - cold","Rule0","SMALL2","second worst",NA,NA,NA,"Main_VetGlen","Main_VetGlen",1,"Main_VetGlen_L3_Rule0_pi_ti_cold"
"LBR_Fish_BCG_v1","Main_VetGlen","pi_ti_cold","BRVetMem1996",60.9523809523809,4,"≥ 15 (10-20)",">=",10,20,TRUE,"percent (0-100) individuals - cold","Rule0","SMALL2","second worst",NA,NA,NA,"Main_VetGlen","Main_VetGlen",1,"Main_VetGlen_L4_Rule0_pi_ti_cold"
"LBR_Fish_BCG_v1","Main_VetGlen","pi_ti_cold","BRVetMem1996",60.9523809523809,2,"≥ 45 (40-50)",">=",40,50,TRUE,"percent (0-100) individuals - cold","Rule0",NA,NA,NA,NA,NA,"Main_VetGlen","Main_VetGlen",1,"Main_VetGlen_L2_Rule0_pi_ti_cold"
"LBR_Fish_BCG_v1","Main_VetGlen","pi_ti_cold","BRVetMem1996",60.9523809523809,3,"≥ 35 (30-40)",">=",30,40,TRUE,"percent (0-100) individuals - cold","Rule0","SMALL2","second worst",NA,NA,NA,"Main_VetGlen","Main_VetGlen",1,"Main_VetGlen_L3_Rule0_pi_ti_cold"
"LBR_Fish_BCG_v1","Main_VetGlen","pi_ti_cold","BRGlen2001",72.752808988764,4,"≥ 15 (10-20)",">=",10,20,TRUE,"percent (0-100) individuals - cold","Rule0","SMALL2","second worst",NA,NA,NA,"Main_VetGlen","Main_VetGlen",1,"Main_VetGlen_L4_Rule0_pi_ti_cold"
"LBR_Fish_BCG_v1","Main_VetGlen","pi_ti_cold","BRGlen2001",72.752808988764,2,"≥ 45 (40-50)",">=",40,50,TRUE,"percent (0-100) individuals - cold","Rule0",NA,NA,NA,NA,NA,"Main_VetGlen","Main_VetGlen",1,"Main_VetGlen_L2_Rule0_pi_ti_cold"
"LBR_Fish_BCG_v1","Main_VetGlen","pi_ti_cold","BRGlen2001",72.752808988764,3,"≥ 35 (30-40)",">=",30,40,TRUE,"percent (0-100) individuals - cold","Rule0","SMALL2","second worst",NA,NA,NA,"Main_VetGlen","Main_VetGlen",1,"Main_VetGlen_L3_Rule0_pi_ti_cold"
"LBR_Fish_BCG_v1","Main_VetGlen","pi_ti_cold","d431fc87-f222-499f-90cc-d7a26a249ad1",29.3103448275862,4,"≥ 15 (10-20)",">=",10,20,TRUE,"percent (0-100) individuals - cold","Rule0","SMALL2","second worst",NA,NA,NA,"Main_VetGlen","Main_VetGlen",1,"Main_VetGlen_L4_Rule0_pi_ti_cold"
"LBR_Fish_BCG_v1","Main_VetGlen","pi_ti_cold","d431fc87-f222-499f-90cc-d7a26a249ad1",29.3103448275862,2,"≥ 45 (40-50)",">=",40,50,TRUE,"percent (0-100) individuals - cold","Rule0",NA,NA,NA,NA,NA,"Main_VetGlen","Main_VetGlen",0,"Main_VetGlen_L2_Rule0_pi_ti_cold"
"LBR_Fish_BCG_v1","Main_VetGlen","pi_ti_cold","d431fc87-f222-499f-90cc-d7a26a249ad1",29.3103448275862,3,"≥ 35 (30-40)",">=",30,40,TRUE,"percent (0-100) individuals - cold","Rule0","SMALL2","second worst",NA,NA,NA,"Main_VetGlen","Main_VetGlen",0,"Main_VetGlen_L3_Rule0_pi_ti_cold"
"LBR_Fish_BCG_v1","Main_VetGlen","pi_ti_cold","BRGlen2003",54.7794117647059,4,"≥ 15 (10-20)",">=",10,20,TRUE,"percent (0-100) individuals - cold","Rule0","SMALL2","second worst",NA,NA,NA,"Main_VetGlen","Main_VetGlen",1,"Main_VetGlen_L4_Rule0_pi_ti_cold"
"LBR_Fish_BCG_v1","Main_VetGlen","pi_ti_cold","BRGlen2003",54.7794117647059,2,"≥ 45 (40-50)",">=",40,50,TRUE,"percent (0-100) individuals - cold","Rule0",NA,NA,NA,NA,NA,"Main_VetGlen","Main_VetGlen",1,"Main_VetGlen_L2_Rule0_pi_ti_cold"
"LBR_Fish_BCG_v1","Main_VetGlen","pi_ti_cold","BRGlen2003",54.7794117647059,3,"≥ 35 (30-40)",">=",30,40,TRUE,"percent (0-100) individuals - cold","Rule0","SMALL2","second worst",NA,NA,NA,"Main_VetGlen","Main_VetGlen",1,"Main_VetGlen_L3_Rule0_pi_ti_cold"
"LBR_Fish_BCG_v1","Main_VetGlen","pi_ti_cold","BRVetMem2017",42.8571428571429,4,"≥ 15 (10-20)",">=",10,20,TRUE,"percent (0-100) individuals - cold","Rule0","SMALL2","second worst",NA,NA,NA,"Main_VetGlen","Main_VetGlen",1,"Main_VetGlen_L4_Rule0_pi_ti_cold"
"LBR_Fish_BCG_v1","Main_VetGlen","pi_ti_cold","BRVetMem2017",42.8571428571429,2,"≥ 45 (40-50)",">=",40,50,TRUE,"percent (0-100) individuals - cold","Rule0",NA,NA,NA,NA,NA,"Main_VetGlen","Main_VetGlen",0.285714285714286,"Main_VetGlen_L2_Rule0_pi_ti_cold"
"LBR_Fish_BCG_v1","Main_VetGlen","pi_ti_cold","BRVetMem2017",42.8571428571429,3,"≥ 35 (30-40)",">=",30,40,TRUE,"percent (0-100) individuals - cold","Rule0","SMALL2","second worst",NA,NA,NA,"Main_VetGlen","Main_VetGlen",1,"Main_VetGlen_L3_Rule0_pi_ti_cold"
"LBR_Fish_BCG_v1","Main_VetGlen","pi_ti_cold","BRVetMem1995",50.0897666068223,4,"≥ 15 (10-20)",">=",10,20,TRUE,"percent (0-100) individuals - cold","Rule0","SMALL2","second worst",NA,NA,NA,"Main_VetGlen","Main_VetGlen",1,"Main_VetGlen_L4_Rule0_pi_ti_cold"
"LBR_Fish_BCG_v1","Main_VetGlen","pi_ti_cold","BRVetMem1995",50.0897666068223,2,"≥ 45 (40-50)",">=",40,50,TRUE,"percent (0-100) individuals - cold","Rule0",NA,NA,NA,NA,NA,"Main_VetGlen","Main_VetGlen",1,"Main_VetGlen_L2_Rule0_pi_ti_cold"
"LBR_Fish_BCG_v1","Main_VetGlen","pi_ti_cold","BRVetMem1995",50.0897666068223,3,"≥ 35 (30-40)",">=",30,40,TRUE,"percent (0-100) individuals - cold","Rule0","SMALL2","second worst",NA,NA,NA,"Main_VetGlen","Main_VetGlen",1,"Main_VetGlen_L3_Rule0_pi_ti_cold"
"LBR_Fish_BCG_v1","Main_VetGlen","pi_ti_cold","BRGlen2005",77.8225806451613,4,"≥ 15 (10-20)",">=",10,20,TRUE,"percent (0-100) individuals - cold","Rule0","SMALL2","second worst",NA,NA,NA,"Main_VetGlen","Main_VetGlen",1,"Main_VetGlen_L4_Rule0_pi_ti_cold"
"LBR_Fish_BCG_v1","Main_VetGlen","pi_ti_cold","BRGlen2005",77.8225806451613,2,"≥ 45 (40-50)",">=",40,50,TRUE,"percent (0-100) individuals - cold","Rule0",NA,NA,NA,NA,NA,"Main_VetGlen","Main_VetGlen",1,"Main_VetGlen_L2_Rule0_pi_ti_cold"
"LBR_Fish_BCG_v1","Main_VetGlen","pi_ti_cold","BRGlen2005",77.8225806451613,3,"≥ 35 (30-40)",">=",30,40,TRUE,"percent (0-100) individuals - cold","Rule0","SMALL2","second worst",NA,NA,NA,"Main_VetGlen","Main_VetGlen",1,"Main_VetGlen_L3_Rule0_pi_ti_cold"
"LBR_Fish_BCG_v1","Main_VetGlen","pi_ti_cold","fe6b180a-ec70-417f-b7a5-4ac38018636a",48.1865284974093,4,"≥ 15 (10-20)",">=",10,20,TRUE,"percent (0-100) individuals - cold","Rule0","SMALL2","second worst",NA,NA,NA,"Main_VetGlen","Main_VetGlen",1,"Main_VetGlen_L4_Rule0_pi_ti_cold"
"LBR_Fish_BCG_v1","Main_VetGlen","pi_ti_cold","fe6b180a-ec70-417f-b7a5-4ac38018636a",48.1865284974093,2,"≥ 45 (40-50)",">=",40,50,TRUE,"percent (0-100) individuals - cold","Rule0",NA,NA,NA,NA,NA,"Main_VetGlen","Main_VetGlen",0.818652849740933,"Main_VetGlen_L2_Rule0_pi_ti_cold"
"LBR_Fish_BCG_v1","Main_VetGlen","pi_ti_cold","fe6b180a-ec70-417f-b7a5-4ac38018636a",48.1865284974093,3,"≥ 35 (30-40)",">=",30,40,TRUE,"percent (0-100) individuals - cold","Rule0","SMALL2","second worst",NA,NA,NA,"Main_VetGlen","Main_VetGlen",1,"Main_VetGlen_L3_Rule0_pi_ti_cold"
"LBR_Fish_BCG_v1","Main_VetGlen","pi_ti_cold","BRGlen2004",26.1744966442953,4,"≥ 15 (10-20)",">=",10,20,TRUE,"percent (0-100) individuals - cold","Rule0","SMALL2","second worst",NA,NA,NA,"Main_VetGlen","Main_VetGlen",1,"Main_VetGlen_L4_Rule0_pi_ti_cold"
"LBR_Fish_BCG_v1","Main_VetGlen","pi_ti_cold","BRGlen2004",26.1744966442953,2,"≥ 45 (40-50)",">=",40,50,TRUE,"percent (0-100) individuals - cold","Rule0",NA,NA,NA,NA,NA,"Main_VetGlen","Main_VetGlen",0,"Main_VetGlen_L2_Rule0_pi_ti_cold"
"LBR_Fish_BCG_v1","Main_VetGlen","pi_ti_cold","BRGlen2004",26.1744966442953,3,"≥ 35 (30-40)",">=",30,40,TRUE,"percent (0-100) individuals - cold","Rule0","SMALL2","second worst",NA,NA,NA,"Main_VetGlen","Main_VetGlen",0,"Main_VetGlen_L3_Rule0_pi_ti_cold"
"LBR_Fish_BCG_v1","Main_VetGlen","x_Obs_CatoRhin","BRGlen2014",2,3,"> 1 (0.5-2)",">",0.5,2,TRUE,"presence of suckers and/or dace (2=both present)","Rule0",NA,NA,NA,NA,NA,"Main_VetGlen","Main_VetGlen",1,"Main_VetGlen_L3_Rule0_x_Obs_CatoRhin"
"LBR_Fish_BCG_v1","Main_VetGlen","x_Obs_CatoRhin","BRGlen2014",2,2,"> 1 (1-2)",">",1,2,TRUE,"presence of suckers and/or dace (2=both present)","Rule0",NA,NA,NA,NA,NA,"Main_VetGlen","Main_VetGlen",1,"Main_VetGlen_L2_Rule0_x_Obs_CatoRhin"
"LBR_Fish_BCG_v1","Main_VetGlen","x_Obs_CatoRhin","BRGlen2014",2,4,"> 0 (0-1)",">",0,1,TRUE,"presence of suckers and/or dace (2=both present)","Rule0","SMALL2","second worst",NA,NA,NA,"Main_VetGlen","Main_VetGlen",1,"Main_VetGlen_L4_Rule0_x_Obs_CatoRhin"
"LBR_Fish_BCG_v1","Main_VetGlen","x_Obs_CatoRhin","BRGlen2003",2,3,"> 1 (0.5-2)",">",0.5,2,TRUE,"presence of suckers and/or dace (2=both present)","Rule0",NA,NA,NA,NA,NA,"Main_VetGlen","Main_VetGlen",1,"Main_VetGlen_L3_Rule0_x_Obs_CatoRhin"
"LBR_Fish_BCG_v1","Main_VetGlen","x_Obs_CatoRhin","BRGlen2003",2,2,"> 1 (1-2)",">",1,2,TRUE,"presence of suckers and/or dace (2=both present)","Rule0",NA,NA,NA,NA,NA,"Main_VetGlen","Main_VetGlen",1,"Main_VetGlen_L2_Rule0_x_Obs_CatoRhin"
"LBR_Fish_BCG_v1","Main_VetGlen","x_Obs_CatoRhin","BRGlen2003",2,4,"> 0 (0-1)",">",0,1,TRUE,"presence of suckers and/or dace (2=both present)","Rule0","SMALL2","second worst",NA,NA,NA,"Main_VetGlen","Main_VetGlen",1,"Main_VetGlen_L4_Rule0_x_Obs_CatoRhin"
"LBR_Fish_BCG_v1","Main_VetGlen","x_Obs_CatoRhin","BRGlen1995",2,3,"> 1 (0.5-2)",">",0.5,2,TRUE,"presence of suckers and/or dace (2=both present)","Rule0",NA,NA,NA,NA,NA,"Main_VetGlen","Main_VetGlen",1,"Main_VetGlen_L3_Rule0_x_Obs_CatoRhin"
"LBR_Fish_BCG_v1","Main_VetGlen","x_Obs_CatoRhin","BRGlen1995",2,2,"> 1 (1-2)",">",1,2,TRUE,"presence of suckers and/or dace (2=both present)","Rule0",NA,NA,NA,NA,NA,"Main_VetGlen","Main_VetGlen",1,"Main_VetGlen_L2_Rule0_x_Obs_CatoRhin"
"LBR_Fish_BCG_v1","Main_VetGlen","x_Obs_CatoRhin","BRGlen1995",2,4,"> 0 (0-1)",">",0,1,TRUE,"presence of suckers and/or dace (2=both present)","Rule0","SMALL2","second worst",NA,NA,NA,"Main_VetGlen","Main_VetGlen",1,"Main_VetGlen_L4_Rule0_x_Obs_CatoRhin"
"LBR_Fish_BCG_v1","Main_VetGlen","x_Obs_CatoRhin","BRVetMem2003",2,3,"> 1 (0.5-2)",">",0.5,2,TRUE,"presence of suckers and/or dace (2=both present)","Rule0",NA,NA,NA,NA,NA,"Main_VetGlen","Main_VetGlen",1,"Main_VetGlen_L3_Rule0_x_Obs_CatoRhin"
"LBR_Fish_BCG_v1","Main_VetGlen","x_Obs_CatoRhin","BRVetMem2003",2,2,"> 1 (1-2)",">",1,2,TRUE,"presence of suckers and/or dace (2=both present)","Rule0",NA,NA,NA,NA,NA,"Main_VetGlen","Main_VetGlen",1,"Main_VetGlen_L2_Rule0_x_Obs_CatoRhin"
"LBR_Fish_BCG_v1","Main_VetGlen","x_Obs_CatoRhin","BRVetMem2003",2,4,"> 0 (0-1)",">",0,1,TRUE,"presence of suckers and/or dace (2=both present)","Rule0","SMALL2","second worst",NA,NA,NA,"Main_VetGlen","Main_VetGlen",1,"Main_VetGlen_L4_Rule0_x_Obs_CatoRhin"
"LBR_Fish_BCG_v1","Main_VetGlen","x_Obs_CatoRhin","BRVetMem2005",2,3,"> 1 (0.5-2)",">",0.5,2,TRUE,"presence of suckers and/or dace (2=both present)","Rule0",NA,NA,NA,NA,NA,"Main_VetGlen","Main_VetGlen",1,"Main_VetGlen_L3_Rule0_x_Obs_CatoRhin"
"LBR_Fish_BCG_v1","Main_VetGlen","x_Obs_CatoRhin","BRVetMem2005",2,2,"> 1 (1-2)",">",1,2,TRUE,"presence of suckers and/or dace (2=both present)","Rule0",NA,NA,NA,NA,NA,"Main_VetGlen","Main_VetGlen",1,"Main_VetGlen_L2_Rule0_x_Obs_CatoRhin"
"LBR_Fish_BCG_v1","Main_VetGlen","x_Obs_CatoRhin","BRVetMem2005",2,4,"> 0 (0-1)",">",0,1,TRUE,"presence of suckers and/or dace (2=both present)","Rule0","SMALL2","second worst",NA,NA,NA,"Main_VetGlen","Main_VetGlen",1,"Main_VetGlen_L4_Rule0_x_Obs_CatoRhin"
"LBR_Fish_BCG_v1","Main_VetGlen","x_Obs_CatoRhin","6126b9b7-3511-42ee-acff-1f0f2be4f836",2,3,"> 1 (0.5-2)",">",0.5,2,TRUE,"presence of suckers and/or dace (2=both present)","Rule0",NA,NA,NA,NA,NA,"Main_VetGlen","Main_VetGlen",1,"Main_VetGlen_L3_Rule0_x_Obs_CatoRhin"
"LBR_Fish_BCG_v1","Main_VetGlen","x_Obs_CatoRhin","6126b9b7-3511-42ee-acff-1f0f2be4f836",2,2,"> 1 (1-2)",">",1,2,TRUE,"presence of suckers and/or dace (2=both present)","Rule0",NA,NA,NA,NA,NA,"Main_VetGlen","Main_VetGlen",1,"Main_VetGlen_L2_Rule0_x_Obs_CatoRhin"
"LBR_Fish_BCG_v1","Main_VetGlen","x_Obs_CatoRhin","6126b9b7-3511-42ee-acff-1f0f2be4f836",2,4,"> 0 (0-1)",">",0,1,TRUE,"presence of suckers and/or dace (2=both present)","Rule0","SMALL2","second worst",NA,NA,NA,"Main_VetGlen","Main_VetGlen",1,"Main_VetGlen_L4_Rule0_x_Obs_CatoRhin"
"LBR_Fish_BCG_v1","Main_VetGlen","x_Obs_CatoRhin","BRGlen2005",2,3,"> 1 (0.5-2)",">",0.5,2,TRUE,"presence of suckers and/or dace (2=both present)","Rule0",NA,NA,NA,NA,NA,"Main_VetGlen","Main_VetGlen",1,"Main_VetGlen_L3_Rule0_x_Obs_CatoRhin"
"LBR_Fish_BCG_v1","Main_VetGlen","x_Obs_CatoRhin","BRGlen2005",2,2,"> 1 (1-2)",">",1,2,TRUE,"presence of suckers and/or dace (2=both present)","Rule0",NA,NA,NA,NA,NA,"Main_VetGlen","Main_VetGlen",1,"Main_VetGlen_L2_Rule0_x_Obs_CatoRhin"
"LBR_Fish_BCG_v1","Main_VetGlen","x_Obs_CatoRhin","BRGlen2005",2,4,"> 0 (0-1)",">",0,1,TRUE,"presence of suckers and/or dace (2=both present)","Rule0","SMALL2","second worst",NA,NA,NA,"Main_VetGlen","Main_VetGlen",1,"Main_VetGlen_L4_Rule0_x_Obs_CatoRhin"
"LBR_Fish_BCG_v1","Main_VetGlen","x_Obs_CatoRhin","d431fc87-f222-499f-90cc-d7a26a249ad1",2,3,"> 1 (0.5-2)",">",0.5,2,TRUE,"presence of suckers and/or dace (2=both present)","Rule0",NA,NA,NA,NA,NA,"Main_VetGlen","Main_VetGlen",1,"Main_VetGlen_L3_Rule0_x_Obs_CatoRhin"
"LBR_Fish_BCG_v1","Main_VetGlen","x_Obs_CatoRhin","d431fc87-f222-499f-90cc-d7a26a249ad1",2,2,"> 1 (1-2)",">",1,2,TRUE,"presence of suckers and/or dace (2=both present)","Rule0",NA,NA,NA,NA,NA,"Main_VetGlen","Main_VetGlen",1,"Main_VetGlen_L2_Rule0_x_Obs_CatoRhin"
"LBR_Fish_BCG_v1","Main_VetGlen","x_Obs_CatoRhin","d431fc87-f222-499f-90cc-d7a26a249ad1",2,4,"> 0 (0-1)",">",0,1,TRUE,"presence of suckers and/or dace (2=both present)","Rule0","SMALL2","second worst",NA,NA,NA,"Main_VetGlen","Main_VetGlen",1,"Main_VetGlen_L4_Rule0_x_Obs_CatoRhin"
"LBR_Fish_BCG_v1","Main_VetGlen","x_Obs_CatoRhin","BRVetMem2017",2,3,"> 1 (0.5-2)",">",0.5,2,TRUE,"presence of suckers and/or dace (2=both present)","Rule0",NA,NA,NA,NA,NA,"Main_VetGlen","Main_VetGlen",1,"Main_VetGlen_L3_Rule0_x_Obs_CatoRhin"
"LBR_Fish_BCG_v1","Main_VetGlen","x_Obs_CatoRhin","BRVetMem2017",2,2,"> 1 (1-2)",">",1,2,TRUE,"presence of suckers and/or dace (2=both present)","Rule0",NA,NA,NA,NA,NA,"Main_VetGlen","Main_VetGlen",1,"Main_VetGlen_L2_Rule0_x_Obs_CatoRhin"
"LBR_Fish_BCG_v1","Main_VetGlen","x_Obs_CatoRhin","BRVetMem2017",2,4,"> 0 (0-1)",">",0,1,TRUE,"presence of suckers and/or dace (2=both present)","Rule0","SMALL2","second worst",NA,NA,NA,"Main_VetGlen","Main_VetGlen",1,"Main_VetGlen_L4_Rule0_x_Obs_CatoRhin"
"LBR_Fish_BCG_v1","Main_VetGlen","x_Obs_CatoRhin","c114e631-92cb-4abf-b6ea-033087bf9976",2,3,"> 1 (0.5-2)",">",0.5,2,TRUE,"presence of suckers and/or dace (2=both present)","Rule0",NA,NA,NA,NA,NA,"Main_VetGlen","Main_VetGlen",1,"Main_VetGlen_L3_Rule0_x_Obs_CatoRhin"
"LBR_Fish_BCG_v1","Main_VetGlen","x_Obs_CatoRhin","c114e631-92cb-4abf-b6ea-033087bf9976",2,2,"> 1 (1-2)",">",1,2,TRUE,"presence of suckers and/or dace (2=both present)","Rule0",NA,NA,NA,NA,NA,"Main_VetGlen","Main_VetGlen",1,"Main_VetGlen_L2_Rule0_x_Obs_CatoRhin"
"LBR_Fish_BCG_v1","Main_VetGlen","x_Obs_CatoRhin","c114e631-92cb-4abf-b6ea-033087bf9976",2,4,"> 0 (0-1)",">",0,1,TRUE,"presence of suckers and/or dace (2=both present)","Rule0","SMALL2","second worst",NA,NA,NA,"Main_VetGlen","Main_VetGlen",1,"Main_VetGlen_L4_Rule0_x_Obs_CatoRhin"
"LBR_Fish_BCG_v1","Main_VetGlen","x_Obs_CatoRhin","cf1764a0-4741-4b76-ba53-afd859933eac",2,3,"> 1 (0.5-2)",">",0.5,2,TRUE,"presence of suckers and/or dace (2=both present)","Rule0",NA,NA,NA,NA,NA,"Main_VetGlen","Main_VetGlen",1,"Main_VetGlen_L3_Rule0_x_Obs_CatoRhin"
"LBR_Fish_BCG_v1","Main_VetGlen","x_Obs_CatoRhin","cf1764a0-4741-4b76-ba53-afd859933eac",2,2,"> 1 (1-2)",">",1,2,TRUE,"presence of suckers and/or dace (2=both present)","Rule0",NA,NA,NA,NA,NA,"Main_VetGlen","Main_VetGlen",1,"Main_VetGlen_L2_Rule0_x_Obs_CatoRhin"
"LBR_Fish_BCG_v1","Main_VetGlen","x_Obs_CatoRhin","cf1764a0-4741-4b76-ba53-afd859933eac",2,4,"> 0 (0-1)",">",0,1,TRUE,"presence of suckers and/or dace (2=both present)","Rule0","SMALL2","second worst",NA,NA,NA,"Main_VetGlen","Main_VetGlen",1,"Main_VetGlen_L4_Rule0_x_Obs_CatoRhin"
"LBR_Fish_BCG_v1","Main_VetGlen","x_Obs_CatoRhin","BRGlen2004",2,3,"> 1 (0.5-2)",">",0.5,2,TRUE,"presence of suckers and/or dace (2=both present)","Rule0",NA,NA,NA,NA,NA,"Main_VetGlen","Main_VetGlen",1,"Main_VetGlen_L3_Rule0_x_Obs_CatoRhin"
"LBR_Fish_BCG_v1","Main_VetGlen","x_Obs_CatoRhin","BRGlen2004",2,2,"> 1 (1-2)",">",1,2,TRUE,"presence of suckers and/or dace (2=both present)","Rule0",NA,NA,NA,NA,NA,"Main_VetGlen","Main_VetGlen",1,"Main_VetGlen_L2_Rule0_x_Obs_CatoRhin"
"LBR_Fish_BCG_v1","Main_VetGlen","x_Obs_CatoRhin","BRGlen2004",2,4,"> 0 (0-1)",">",0,1,TRUE,"presence of suckers and/or dace (2=both present)","Rule0","SMALL2","second worst",NA,NA,NA,"Main_VetGlen","Main_VetGlen",1,"Main_VetGlen_L4_Rule0_x_Obs_CatoRhin"
"LBR_Fish_BCG_v1","Main_VetGlen","x_Obs_CatoRhin","BRGlen2017",2,3,"> 1 (0.5-2)",">",0.5,2,TRUE,"presence of suckers and/or dace (2=both present)","Rule0",NA,NA,NA,NA,NA,"Main_VetGlen","Main_VetGlen",1,"Main_VetGlen_L3_Rule0_x_Obs_CatoRhin"
"LBR_Fish_BCG_v1","Main_VetGlen","x_Obs_CatoRhin","BRGlen2017",2,2,"> 1 (1-2)",">",1,2,TRUE,"presence of suckers and/or dace (2=both present)","Rule0",NA,NA,NA,NA,NA,"Main_VetGlen","Main_VetGlen",1,"Main_VetGlen_L2_Rule0_x_Obs_CatoRhin"
"LBR_Fish_BCG_v1","Main_VetGlen","x_Obs_CatoRhin","BRGlen2017",2,4,"> 0 (0-1)",">",0,1,TRUE,"presence of suckers and/or dace (2=both present)","Rule0","SMALL2","second worst",NA,NA,NA,"Main_VetGlen","Main_VetGlen",1,"Main_VetGlen_L4_Rule0_x_Obs_CatoRhin"
"LBR_Fish_BCG_v1","Main_VetGlen","x_Obs_CatoRhin","BRVetMem1995",2,3,"> 1 (0.5-2)",">",0.5,2,TRUE,"presence of suckers and/or dace (2=both present)","Rule0",NA,NA,NA,NA,NA,"Main_VetGlen","Main_VetGlen",1,"Main_VetGlen_L3_Rule0_x_Obs_CatoRhin"
"LBR_Fish_BCG_v1","Main_VetGlen","x_Obs_CatoRhin","BRVetMem1995",2,2,"> 1 (1-2)",">",1,2,TRUE,"presence of suckers and/or dace (2=both present)","Rule0",NA,NA,NA,NA,NA,"Main_VetGlen","Main_VetGlen",1,"Main_VetGlen_L2_Rule0_x_Obs_CatoRhin"
"LBR_Fish_BCG_v1","Main_VetGlen","x_Obs_CatoRhin","BRVetMem1995",2,4,"> 0 (0-1)",">",0,1,TRUE,"presence of suckers and/or dace (2=both present)","Rule0","SMALL2","second worst",NA,NA,NA,"Main_VetGlen","Main_VetGlen",1,"Main_VetGlen_L4_Rule0_x_Obs_CatoRhin"
"LBR_Fish_BCG_v1","Main_VetGlen","x_Obs_CatoRhin","BRVetMem1996",1,3,"> 1 (0.5-2)",">",0.5,2,TRUE,"presence of suckers and/or dace (2=both present)","Rule0",NA,NA,NA,NA,NA,"Main_VetGlen","Main_VetGlen",0.333333333333333,"Main_VetGlen_L3_Rule0_x_Obs_CatoRhin"
"LBR_Fish_BCG_v1","Main_VetGlen","x_Obs_CatoRhin","BRVetMem1996",1,2,"> 1 (1-2)",">",1,2,TRUE,"presence of suckers and/or dace (2=both present)","Rule0",NA,NA,NA,NA,NA,"Main_VetGlen","Main_VetGlen",0,"Main_VetGlen_L2_Rule0_x_Obs_CatoRhin"
"LBR_Fish_BCG_v1","Main_VetGlen","x_Obs_CatoRhin","BRVetMem1996",1,4,"> 0 (0-1)",">",0,1,TRUE,"presence of suckers and/or dace (2=both present)","Rule0","SMALL2","second worst",NA,NA,NA,"Main_VetGlen","Main_VetGlen",1,"Main_VetGlen_L4_Rule0_x_Obs_CatoRhin"
"LBR_Fish_BCG_v1","Main_VetGlen","x_Obs_CatoRhin","BRGlen1996",2,3,"> 1 (0.5-2)",">",0.5,2,TRUE,"presence of suckers and/or dace (2=both present)","Rule0",NA,NA,NA,NA,NA,"Main_VetGlen","Main_VetGlen",1,"Main_VetGlen_L3_Rule0_x_Obs_CatoRhin"
"LBR_Fish_BCG_v1","Main_VetGlen","x_Obs_CatoRhin","BRGlen1996",2,2,"> 1 (1-2)",">",1,2,TRUE,"presence of suckers and/or dace (2=both present)","Rule0",NA,NA,NA,NA,NA,"Main_VetGlen","Main_VetGlen",1,"Main_VetGlen_L2_Rule0_x_Obs_CatoRhin"
"LBR_Fish_BCG_v1","Main_VetGlen","x_Obs_CatoRhin","BRGlen1996",2,4,"> 0 (0-1)",">",0,1,TRUE,"presence of suckers and/or dace (2=both present)","Rule0","SMALL2","second worst",NA,NA,NA,"Main_VetGlen","Main_VetGlen",1,"Main_VetGlen_L4_Rule0_x_Obs_CatoRhin"
"LBR_Fish_BCG_v1","Main_VetGlen","x_Obs_CatoRhin","BRGlen2001",2,3,"> 1 (0.5-2)",">",0.5,2,TRUE,"presence of suckers and/or dace (2=both present)","Rule0",NA,NA,NA,NA,NA,"Main_VetGlen","Main_VetGlen",1,"Main_VetGlen_L3_Rule0_x_Obs_CatoRhin"
"LBR_Fish_BCG_v1","Main_VetGlen","x_Obs_CatoRhin","BRGlen2001",2,2,"> 1 (1-2)",">",1,2,TRUE,"presence of suckers and/or dace (2=both present)","Rule0",NA,NA,NA,NA,NA,"Main_VetGlen","Main_VetGlen",1,"Main_VetGlen_L2_Rule0_x_Obs_CatoRhin"
"LBR_Fish_BCG_v1","Main_VetGlen","x_Obs_CatoRhin","BRGlen2001",2,4,"> 0 (0-1)",">",0,1,TRUE,"presence of suckers and/or dace (2=both present)","Rule0","SMALL2","second worst",NA,NA,NA,"Main_VetGlen","Main_VetGlen",1,"Main_VetGlen_L4_Rule0_x_Obs_CatoRhin"
"LBR_Fish_BCG_v1","Main_VetGlen","x_Obs_CatoRhin","fe6b180a-ec70-417f-b7a5-4ac38018636a",2,3,"> 1 (0.5-2)",">",0.5,2,TRUE,"presence of suckers and/or dace (2=both present)","Rule0",NA,NA,NA,NA,NA,"Main_VetGlen","Main_VetGlen",1,"Main_VetGlen_L3_Rule0_x_Obs_CatoRhin"
"LBR_Fish_BCG_v1","Main_VetGlen","x_Obs_CatoRhin","fe6b180a-ec70-417f-b7a5-4ac38018636a",2,2,"> 1 (1-2)",">",1,2,TRUE,"presence of suckers and/or dace (2=both present)","Rule0",NA,NA,NA,NA,NA,"Main_VetGlen","Main_VetGlen",1,"Main_VetGlen_L2_Rule0_x_Obs_CatoRhin"
"LBR_Fish_BCG_v1","Main_VetGlen","x_Obs_CatoRhin","fe6b180a-ec70-417f-b7a5-4ac38018636a",2,4,"> 0 (0-1)",">",0,1,TRUE,"presence of suckers and/or dace (2=both present)","Rule0","SMALL2","second worst",NA,NA,NA,"Main_VetGlen","Main_VetGlen",1,"Main_VetGlen_L4_Rule0_x_Obs_CatoRhin"
