"SampleID","TaxaID","N_Taxa","file_taxatrans","file_attributes","Match_Official","locationId","activityYear","length_mm","Index_Class","AgeClass","AgeClass_text","COMMONNAME","RIS","NumAgeClass_Possible","LBR_Mainstem","FAMILY","oldFAMILY","GENUS","HYBRID","NONTARGET","NATIVE","BCG_ATTR","BCG_ATTR2","BCG_ATTR_ROMAN","HABITAT","TROPHIC","THERMAL_INDICATOR","REPRODUCTION","CONNECTIVITY","LBRmain_BCG","INDEX_NAME"
"BRCald2005","CATOSTOMUS MACROCHEILUS",1,"LowerBoise_Fish_Taxa_Translator_20260508.csv","LowerBoise_Fish_Attributes_20260514.csv",TRUE,13211000,2005,395,"Main_Middleton",6,"6","LARGESCALE SUCKER",TRUE,8,TRUE,"CATOSTOMIDAE","","CATOSTOMUS",FALSE,FALSE,"NATIVE","4","4_middle","IV_middle","B","OM","cool","",FALSE,"yes","LBR_Fish_BCG_v1"
"BRCald2005","CATOSTOMUS MACROCHEILUS",2,"LowerBoise_Fish_Taxa_Translator_20260508.csv","LowerBoise_Fish_Attributes_20260514.csv",TRUE,13211000,2005,455,"Main_Middleton",8,">7","LARGESCALE SUCKER",TRUE,8,TRUE,"CATOSTOMIDAE","","CATOSTOMUS",FALSE,FALSE,"NATIVE","4","4_middle","IV_middle","B","OM","cool","",FALSE,"yes","LBR_Fish_BCG_v1"
"BRCald2005","CATOSTOMUS MACROCHEILUS",1,"LowerBoise_Fish_Taxa_Translator_20260508.csv","LowerBoise_Fish_Attributes_20260514.csv",TRUE,13211000,2005,465,"Main_Middleton",8,">7","LARGESCALE SUCKER",TRUE,8,TRUE,"CATOSTOMIDAE","","CATOSTOMUS",FALSE,FALSE,"NATIVE","4","4_middle","IV_middle","B","OM","cool","",FALSE,"yes","LBR_Fish_BCG_v1"
"BRCald2005","CATOSTOMUS MACROCHEILUS",1,"LowerBoise_Fish_Taxa_Translator_20260508.csv","LowerBoise_Fish_Attributes_20260514.csv",TRUE,13211000,2005,475,"Main_Middleton",8,">7","LARGESCALE SUCKER",TRUE,8,TRUE,"CATOSTOMIDAE","","CATOSTOMUS",FALSE,FALSE,"NATIVE","4","4_middle","IV_middle","B","OM","cool","",FALSE,"yes","LBR_Fish_BCG_v1"
"BRCald2005","CATOSTOMUS MACROCHEILUS",6,"LowerBoise_Fish_Taxa_Translator_20260508.csv","LowerBoise_Fish_Attributes_20260514.csv",TRUE,13211000,2005,480,"Main_Middleton",8,">7","LARGESCALE SUCKER",TRUE,8,TRUE,"CATOSTOMIDAE","","CATOSTOMUS",FALSE,FALSE,"NATIVE","4","4_middle","IV_middle","B","OM","cool","",FALSE,"yes","LBR_Fish_BCG_v1"
"BRCald2005","CATOSTOMUS MACROCHEILUS",2,"LowerBoise_Fish_Taxa_Translator_20260508.csv","LowerBoise_Fish_Attributes_20260514.csv",TRUE,13211000,2005,485,"Main_Middleton",8,">7","LARGESCALE SUCKER",TRUE,8,TRUE,"CATOSTOMIDAE","","CATOSTOMUS",FALSE,FALSE,"NATIVE","4","4_middle","IV_middle","B","OM","cool","",FALSE,"yes","LBR_Fish_BCG_v1"
"BRCald2005","CATOSTOMUS MACROCHEILUS",1,"LowerBoise_Fish_Taxa_Translator_20260508.csv","LowerBoise_Fish_Attributes_20260514.csv",TRUE,13211000,2005,490,"Main_Middleton",8,">7","LARGESCALE SUCKER",TRUE,8,TRUE,"CATOSTOMIDAE","","CATOSTOMUS",FALSE,FALSE,"NATIVE","4","4_middle","IV_middle","B","OM","cool","",FALSE,"yes","LBR_Fish_BCG_v1"
"BRCald2005","CATOSTOMUS MACROCHEILUS",2,"LowerBoise_Fish_Taxa_Translator_20260508.csv","LowerBoise_Fish_Attributes_20260514.csv",TRUE,13211000,2005,495,"Main_Middleton",8,">7","LARGESCALE SUCKER",TRUE,8,TRUE,"CATOSTOMIDAE","","CATOSTOMUS",FALSE,FALSE,"NATIVE","4","4_middle","IV_middle","B","OM","cool","",FALSE,"yes","LBR_Fish_BCG_v1"
"BRCald2005","CATOSTOMUS MACROCHEILUS",3,"LowerBoise_Fish_Taxa_Translator_20260508.csv","LowerBoise_Fish_Attributes_20260514.csv",TRUE,13211000,2005,500,"Main_Middleton",8,">7","LARGESCALE SUCKER",TRUE,8,TRUE,"CATOSTOMIDAE","","CATOSTOMUS",FALSE,FALSE,"NATIVE","4","4_middle","IV_middle","B","OM","cool","",FALSE,"yes","LBR_Fish_BCG_v1"
"BRCald2005","CATOSTOMUS MACROCHEILUS",1,"LowerBoise_Fish_Taxa_Translator_20260508.csv","LowerBoise_Fish_Attributes_20260514.csv",TRUE,13211000,2005,505,"Main_Middleton",8,">7","LARGESCALE SUCKER",TRUE,8,TRUE,"CATOSTOMIDAE","","CATOSTOMUS",FALSE,FALSE,"NATIVE","4","4_middle","IV_middle","B","OM","cool","",FALSE,"yes","LBR_Fish_BCG_v1"
"BRCald2005","CATOSTOMUS MACROCHEILUS",2,"LowerBoise_Fish_Taxa_Translator_20260508.csv","LowerBoise_Fish_Attributes_20260514.csv",TRUE,13211000,2005,510,"Main_Middleton",8,">7","LARGESCALE SUCKER",TRUE,8,TRUE,"CATOSTOMIDAE","","CATOSTOMUS",FALSE,FALSE,"NATIVE","4","4_middle","IV_middle","B","OM","cool","",FALSE,"yes","LBR_Fish_BCG_v1"
"BRCald2005","CATOSTOMUS MACROCHEILUS",3,"LowerBoise_Fish_Taxa_Translator_20260508.csv","LowerBoise_Fish_Attributes_20260514.csv",TRUE,13211000,2005,515,"Main_Middleton",8,">7","LARGESCALE SUCKER",TRUE,8,TRUE,"CATOSTOMIDAE","","CATOSTOMUS",FALSE,FALSE,"NATIVE","4","4_middle","IV_middle","B","OM","cool","",FALSE,"yes","LBR_Fish_BCG_v1"
"BRCald2005","CATOSTOMUS MACROCHEILUS",1,"LowerBoise_Fish_Taxa_Translator_20260508.csv","LowerBoise_Fish_Attributes_20260514.csv",TRUE,13211000,2005,520,"Main_Middleton",8,">7","LARGESCALE SUCKER",TRUE,8,TRUE,"CATOSTOMIDAE","","CATOSTOMUS",FALSE,FALSE,"NATIVE","4","4_middle","IV_middle","B","OM","cool","",FALSE,"yes","LBR_Fish_BCG_v1"
"BRCald2005","CATOSTOMUS MACROCHEILUS",2,"LowerBoise_Fish_Taxa_Translator_20260508.csv","LowerBoise_Fish_Attributes_20260514.csv",TRUE,13211000,2005,525,"Main_Middleton",8,">7","LARGESCALE SUCKER",TRUE,8,TRUE,"CATOSTOMIDAE","","CATOSTOMUS",FALSE,FALSE,"NATIVE","4","4_middle","IV_middle","B","OM","cool","",FALSE,"yes","LBR_Fish_BCG_v1"
"BRCald2005","CATOSTOMUS MACROCHEILUS",1,"LowerBoise_Fish_Taxa_Translator_20260508.csv","LowerBoise_Fish_Attributes_20260514.csv",TRUE,13211000,2005,535,"Main_Middleton",8,">7","LARGESCALE SUCKER",TRUE,8,TRUE,"CATOSTOMIDAE","","CATOSTOMUS",FALSE,FALSE,"NATIVE","4","4_middle","IV_middle","B","OM","cool","",FALSE,"yes","LBR_Fish_BCG_v1"
"BRCald2005","CATOSTOMUS MACROCHEILUS",2,"LowerBoise_Fish_Taxa_Translator_20260508.csv","LowerBoise_Fish_Attributes_20260514.csv",TRUE,13211000,2005,540,"Main_Middleton",8,">7","LARGESCALE SUCKER",TRUE,8,TRUE,"CATOSTOMIDAE","","CATOSTOMUS",FALSE,FALSE,"NATIVE","4","4_middle","IV_middle","B","OM","cool","",FALSE,"yes","LBR_Fish_BCG_v1"
"BRCald2005","CATOSTOMUS MACROCHEILUS",4,"LowerBoise_Fish_Taxa_Translator_20260508.csv","LowerBoise_Fish_Attributes_20260514.csv",TRUE,13211000,2005,545,"Main_Middleton",8,">7","LARGESCALE SUCKER",TRUE,8,TRUE,"CATOSTOMIDAE","","CATOSTOMUS",FALSE,FALSE,"NATIVE","4","4_middle","IV_middle","B","OM","cool","",FALSE,"yes","LBR_Fish_BCG_v1"
"BRCald2005","CATOSTOMUS MACROCHEILUS",6,"LowerBoise_Fish_Taxa_Translator_20260508.csv","LowerBoise_Fish_Attributes_20260514.csv",TRUE,13211000,2005,550,"Main_Middleton",8,">7","LARGESCALE SUCKER",TRUE,8,TRUE,"CATOSTOMIDAE","","CATOSTOMUS",FALSE,FALSE,"NATIVE","4","4_middle","IV_middle","B","OM","cool","",FALSE,"yes","LBR_Fish_BCG_v1"
"BRCald2005","CATOSTOMUS MACROCHEILUS",1,"LowerBoise_Fish_Taxa_Translator_20260508.csv","LowerBoise_Fish_Attributes_20260514.csv",TRUE,13211000,2005,460,"Main_Middleton",8,">7","LARGESCALE SUCKER",TRUE,8,TRUE,"CATOSTOMIDAE","","CATOSTOMUS",FALSE,FALSE,"NATIVE","4","4_middle","IV_middle","B","OM","cool","",FALSE,"yes","LBR_Fish_BCG_v1"
"BRCald2005","CATOSTOMUS MACROCHEILUS",1,"LowerBoise_Fish_Taxa_Translator_20260508.csv","LowerBoise_Fish_Attributes_20260514.csv",TRUE,13211000,2005,440,"Main_Middleton",8,">7","LARGESCALE SUCKER",TRUE,8,TRUE,"CATOSTOMIDAE","","CATOSTOMUS",FALSE,FALSE,"NATIVE","4","4_middle","IV_middle","B","OM","cool","",FALSE,"yes","LBR_Fish_BCG_v1"
"BRCald2005","CATOSTOMUS MACROCHEILUS",1,"LowerBoise_Fish_Taxa_Translator_20260508.csv","LowerBoise_Fish_Attributes_20260514.csv",TRUE,13211000,2005,450,"Main_Middleton",8,">7","LARGESCALE SUCKER",TRUE,8,TRUE,"CATOSTOMIDAE","","CATOSTOMUS",FALSE,FALSE,"NATIVE","4","4_middle","IV_middle","B","OM","cool","",FALSE,"yes","LBR_Fish_BCG_v1"
"BRCald2005","CATOSTOMUS MACROCHEILUS",1,"LowerBoise_Fish_Taxa_Translator_20260508.csv","LowerBoise_Fish_Attributes_20260514.csv",TRUE,13211000,2005,435,"Main_Middleton",8,">7","LARGESCALE SUCKER",TRUE,8,TRUE,"CATOSTOMIDAE","","CATOSTOMUS",FALSE,FALSE,"NATIVE","4","4_middle","IV_middle","B","OM","cool","",FALSE,"yes","LBR_Fish_BCG_v1"
"BRCald2005","CATOSTOMUS MACROCHEILUS",1,"LowerBoise_Fish_Taxa_Translator_20260508.csv","LowerBoise_Fish_Attributes_20260514.csv",TRUE,13211000,2005,335,"Main_Middleton",6,"6","LARGESCALE SUCKER",TRUE,8,TRUE,"CATOSTOMIDAE","","CATOSTOMUS",FALSE,FALSE,"NATIVE","4","4_middle","IV_middle","B","OM","cool","",FALSE,"yes","LBR_Fish_BCG_v1"
"BRCald2005","CYPRINUS CARPIO",1,"LowerBoise_Fish_Taxa_Translator_20260508.csv","LowerBoise_Fish_Attributes_20260514.csv",TRUE,13211000,2005,675,"Main_Middleton",NA,NA,"COMMON CARP",FALSE,NA,TRUE,"CYPRINIDAE","CYPRINIDAE","CYPRINUS",FALSE,FALSE,"NON_NATIVE","6t","","VI t","B","OM","warm","",FALSE,"yes","LBR_Fish_BCG_v1"
"BRCald2005","CYPRINUS CARPIO",1,"LowerBoise_Fish_Taxa_Translator_20260508.csv","LowerBoise_Fish_Attributes_20260514.csv",TRUE,13211000,2005,640,"Main_Middleton",NA,NA,"COMMON CARP",FALSE,NA,TRUE,"CYPRINIDAE","CYPRINIDAE","CYPRINUS",FALSE,FALSE,"NON_NATIVE","6t","","VI t","B","OM","warm","",FALSE,"yes","LBR_Fish_BCG_v1"
"BRCald2005","CYPRINUS CARPIO",1,"LowerBoise_Fish_Taxa_Translator_20260508.csv","LowerBoise_Fish_Attributes_20260514.csv",TRUE,13211000,2005,670,"Main_Middleton",NA,NA,"COMMON CARP",FALSE,NA,TRUE,"CYPRINIDAE","CYPRINIDAE","CYPRINUS",FALSE,FALSE,"NON_NATIVE","6t","","VI t","B","OM","warm","",FALSE,"yes","LBR_Fish_BCG_v1"
"BRCald2005","CYPRINUS CARPIO",1,"LowerBoise_Fish_Taxa_Translator_20260508.csv","LowerBoise_Fish_Attributes_20260514.csv",TRUE,13211000,2005,630,"Main_Middleton",NA,NA,"COMMON CARP",FALSE,NA,TRUE,"CYPRINIDAE","CYPRINIDAE","CYPRINUS",FALSE,FALSE,"NON_NATIVE","6t","","VI t","B","OM","warm","",FALSE,"yes","LBR_Fish_BCG_v1"
"BRCald2005","CYPRINUS CARPIO",1,"LowerBoise_Fish_Taxa_Translator_20260508.csv","LowerBoise_Fish_Attributes_20260514.csv",TRUE,13211000,2005,680,"Main_Middleton",NA,NA,"COMMON CARP",FALSE,NA,TRUE,"CYPRINIDAE","CYPRINIDAE","CYPRINUS",FALSE,FALSE,"NON_NATIVE","6t","","VI t","B","OM","warm","",FALSE,"yes","LBR_Fish_BCG_v1"
"BRCald2005","CYPRINUS CARPIO",1,"LowerBoise_Fish_Taxa_Translator_20260508.csv","LowerBoise_Fish_Attributes_20260514.csv",TRUE,13211000,2005,710,"Main_Middleton",NA,NA,"COMMON CARP",FALSE,NA,TRUE,"CYPRINIDAE","CYPRINIDAE","CYPRINUS",FALSE,FALSE,"NON_NATIVE","6t","","VI t","B","OM","warm","",FALSE,"yes","LBR_Fish_BCG_v1"
"BRCald2005","CYPRINUS CARPIO",1,"LowerBoise_Fish_Taxa_Translator_20260508.csv","LowerBoise_Fish_Attributes_20260514.csv",TRUE,13211000,2005,610,"Main_Middleton",NA,NA,"COMMON CARP",FALSE,NA,TRUE,"CYPRINIDAE","CYPRINIDAE","CYPRINUS",FALSE,FALSE,"NON_NATIVE","6t","","VI t","B","OM","warm","",FALSE,"yes","LBR_Fish_BCG_v1"
"BRCald2005","CYPRINUS CARPIO",1,"LowerBoise_Fish_Taxa_Translator_20260508.csv","LowerBoise_Fish_Attributes_20260514.csv",TRUE,13211000,2005,500,"Main_Middleton",NA,NA,"COMMON CARP",FALSE,NA,TRUE,"CYPRINIDAE","CYPRINIDAE","CYPRINUS",FALSE,FALSE,"NON_NATIVE","6t","","VI t","B","OM","warm","",FALSE,"yes","LBR_Fish_BCG_v1"
"BRCald2005","CYPRINUS CARPIO",1,"LowerBoise_Fish_Taxa_Translator_20260508.csv","LowerBoise_Fish_Attributes_20260514.csv",TRUE,13211000,2005,625,"Main_Middleton",NA,NA,"COMMON CARP",FALSE,NA,TRUE,"CYPRINIDAE","CYPRINIDAE","CYPRINUS",FALSE,FALSE,"NON_NATIVE","6t","","VI t","B","OM","warm","",FALSE,"yes","LBR_Fish_BCG_v1"
"BRCald2005","CYPRINUS CARPIO",1,"LowerBoise_Fish_Taxa_Translator_20260508.csv","LowerBoise_Fish_Attributes_20260514.csv",TRUE,13211000,2005,695,"Main_Middleton",NA,NA,"COMMON CARP",FALSE,NA,TRUE,"CYPRINIDAE","CYPRINIDAE","CYPRINUS",FALSE,FALSE,"NON_NATIVE","6t","","VI t","B","OM","warm","",FALSE,"yes","LBR_Fish_BCG_v1"
"BRCald2005","CYPRINUS CARPIO",2,"LowerBoise_Fish_Taxa_Translator_20260508.csv","LowerBoise_Fish_Attributes_20260514.csv",TRUE,13211000,2005,620,"Main_Middleton",NA,NA,"COMMON CARP",FALSE,NA,TRUE,"CYPRINIDAE","CYPRINIDAE","CYPRINUS",FALSE,FALSE,"NON_NATIVE","6t","","VI t","B","OM","warm","",FALSE,"yes","LBR_Fish_BCG_v1"
"BRCald2005","CYPRINUS CARPIO",1,"LowerBoise_Fish_Taxa_Translator_20260508.csv","LowerBoise_Fish_Attributes_20260514.csv",TRUE,13211000,2005,590,"Main_Middleton",NA,NA,"COMMON CARP",FALSE,NA,TRUE,"CYPRINIDAE","CYPRINIDAE","CYPRINUS",FALSE,FALSE,"NON_NATIVE","6t","","VI t","B","OM","warm","",FALSE,"yes","LBR_Fish_BCG_v1"
"BRCald2005","MISGURNUS ANGUILLICAUDATUS",1,"LowerBoise_Fish_Taxa_Translator_20260508.csv","LowerBoise_Fish_Attributes_20260514.csv",TRUE,13211000,2005,165,"Main_Middleton",NA,NA,"ORIENTAL WEATHERFISH",FALSE,NA,TRUE,"COBITIDAE","","MISGURNUS",FALSE,FALSE,"NON_NATIVE","6t","","VI t","B","OM","warm","",FALSE,"yes","LBR_Fish_BCG_v1"
"BRCald2005","MISGURNUS ANGUILLICAUDATUS",1,"LowerBoise_Fish_Taxa_Translator_20260508.csv","LowerBoise_Fish_Attributes_20260514.csv",TRUE,13211000,2005,150,"Main_Middleton",NA,NA,"ORIENTAL WEATHERFISH",FALSE,NA,TRUE,"COBITIDAE","","MISGURNUS",FALSE,FALSE,"NON_NATIVE","6t","","VI t","B","OM","warm","",FALSE,"yes","LBR_Fish_BCG_v1"
"BRCald2005","PROSOPIUM WILLIAMSONI",3,"LowerBoise_Fish_Taxa_Translator_20260508.csv","LowerBoise_Fish_Attributes_20260514.csv",TRUE,13211000,2005,200,"Main_Middleton",3,"3","MOUNTAIN WHITEFISH",TRUE,9,TRUE,"SALMONIDAE","","PROSOPIUM",FALSE,FALSE,"NATIVE","3","","III","B","IV","cold","",FALSE,"yes","LBR_Fish_BCG_v1"
"BRCald2005","PROSOPIUM WILLIAMSONI",2,"LowerBoise_Fish_Taxa_Translator_20260508.csv","LowerBoise_Fish_Attributes_20260514.csv",TRUE,13211000,2005,205,"Main_Middleton",3,"3","MOUNTAIN WHITEFISH",TRUE,9,TRUE,"SALMONIDAE","","PROSOPIUM",FALSE,FALSE,"NATIVE","3","","III","B","IV","cold","",FALSE,"yes","LBR_Fish_BCG_v1"
"BRCald2005","PROSOPIUM WILLIAMSONI",1,"LowerBoise_Fish_Taxa_Translator_20260508.csv","LowerBoise_Fish_Attributes_20260514.csv",TRUE,13211000,2005,160,"Main_Middleton",2,"2","MOUNTAIN WHITEFISH",TRUE,9,TRUE,"SALMONIDAE","","PROSOPIUM",FALSE,FALSE,"NATIVE","3","","III","B","IV","cold","",FALSE,"yes","LBR_Fish_BCG_v1"
"BRCald2005","PROSOPIUM WILLIAMSONI",1,"LowerBoise_Fish_Taxa_Translator_20260508.csv","LowerBoise_Fish_Attributes_20260514.csv",TRUE,13211000,2005,170,"Main_Middleton",2,"2","MOUNTAIN WHITEFISH",TRUE,9,TRUE,"SALMONIDAE","","PROSOPIUM",FALSE,FALSE,"NATIVE","3","","III","B","IV","cold","",FALSE,"yes","LBR_Fish_BCG_v1"
"BRCald2005","PROSOPIUM WILLIAMSONI",1,"LowerBoise_Fish_Taxa_Translator_20260508.csv","LowerBoise_Fish_Attributes_20260514.csv",TRUE,13211000,2005,190,"Main_Middleton",3,"3","MOUNTAIN WHITEFISH",TRUE,9,TRUE,"SALMONIDAE","","PROSOPIUM",FALSE,FALSE,"NATIVE","3","","III","B","IV","cold","",FALSE,"yes","LBR_Fish_BCG_v1"
"BRCald2005","PROSOPIUM WILLIAMSONI",31,"LowerBoise_Fish_Taxa_Translator_20260508.csv","LowerBoise_Fish_Attributes_20260514.csv",TRUE,13211000,2005,0,"Main_Middleton",1,"1","MOUNTAIN WHITEFISH",TRUE,9,TRUE,"SALMONIDAE","","PROSOPIUM",FALSE,FALSE,"NATIVE","3","","III","B","IV","cold","",FALSE,"yes","LBR_Fish_BCG_v1"
"BRCald2005","PROSOPIUM WILLIAMSONI",3,"LowerBoise_Fish_Taxa_Translator_20260508.csv","LowerBoise_Fish_Attributes_20260514.csv",TRUE,13211000,2005,210,"Main_Middleton",3,"3","MOUNTAIN WHITEFISH",TRUE,9,TRUE,"SALMONIDAE","","PROSOPIUM",FALSE,FALSE,"NATIVE","3","","III","B","IV","cold","",FALSE,"yes","LBR_Fish_BCG_v1"
"BRCald2005","PROSOPIUM WILLIAMSONI",4,"LowerBoise_Fish_Taxa_Translator_20260508.csv","LowerBoise_Fish_Attributes_20260514.csv",TRUE,13211000,2005,220,"Main_Middleton",3,"3","MOUNTAIN WHITEFISH",TRUE,9,TRUE,"SALMONIDAE","","PROSOPIUM",FALSE,FALSE,"NATIVE","3","","III","B","IV","cold","",FALSE,"yes","LBR_Fish_BCG_v1"
"BRCald2005","PROSOPIUM WILLIAMSONI",1,"LowerBoise_Fish_Taxa_Translator_20260508.csv","LowerBoise_Fish_Attributes_20260514.csv",TRUE,13211000,2005,225,"Main_Middleton",4,"4","MOUNTAIN WHITEFISH",TRUE,9,TRUE,"SALMONIDAE","","PROSOPIUM",FALSE,FALSE,"NATIVE","3","","III","B","IV","cold","",FALSE,"yes","LBR_Fish_BCG_v1"
"BRCald2005","PROSOPIUM WILLIAMSONI",1,"LowerBoise_Fish_Taxa_Translator_20260508.csv","LowerBoise_Fish_Attributes_20260514.csv",TRUE,13211000,2005,300,"Main_Middleton",6,"6","MOUNTAIN WHITEFISH",TRUE,9,TRUE,"SALMONIDAE","","PROSOPIUM",FALSE,FALSE,"NATIVE","3","","III","B","IV","cold","",FALSE,"yes","LBR_Fish_BCG_v1"
"BRCald2005","PROSOPIUM WILLIAMSONI",1,"LowerBoise_Fish_Taxa_Translator_20260508.csv","LowerBoise_Fish_Attributes_20260514.csv",TRUE,13211000,2005,235,"Main_Middleton",4,"4","MOUNTAIN WHITEFISH",TRUE,9,TRUE,"SALMONIDAE","","PROSOPIUM",FALSE,FALSE,"NATIVE","3","","III","B","IV","cold","",FALSE,"yes","LBR_Fish_BCG_v1"
"BRCald2005","PROSOPIUM WILLIAMSONI",1,"LowerBoise_Fish_Taxa_Translator_20260508.csv","LowerBoise_Fish_Attributes_20260514.csv",TRUE,13211000,2005,255,"Main_Middleton",5,"5","MOUNTAIN WHITEFISH",TRUE,9,TRUE,"SALMONIDAE","","PROSOPIUM",FALSE,FALSE,"NATIVE","3","","III","B","IV","cold","",FALSE,"yes","LBR_Fish_BCG_v1"
"BRCald2005","PROSOPIUM WILLIAMSONI",2,"LowerBoise_Fish_Taxa_Translator_20260508.csv","LowerBoise_Fish_Attributes_20260514.csv",TRUE,13211000,2005,270,"Main_Middleton",5,"5","MOUNTAIN WHITEFISH",TRUE,9,TRUE,"SALMONIDAE","","PROSOPIUM",FALSE,FALSE,"NATIVE","3","","III","B","IV","cold","",FALSE,"yes","LBR_Fish_BCG_v1"
"BRCald2005","PROSOPIUM WILLIAMSONI",2,"LowerBoise_Fish_Taxa_Translator_20260508.csv","LowerBoise_Fish_Attributes_20260514.csv",TRUE,13211000,2005,275,"Main_Middleton",5,"5","MOUNTAIN WHITEFISH",TRUE,9,TRUE,"SALMONIDAE","","PROSOPIUM",FALSE,FALSE,"NATIVE","3","","III","B","IV","cold","",FALSE,"yes","LBR_Fish_BCG_v1"
"BRCald2005","PROSOPIUM WILLIAMSONI",2,"LowerBoise_Fish_Taxa_Translator_20260508.csv","LowerBoise_Fish_Attributes_20260514.csv",TRUE,13211000,2005,305,"Main_Middleton",6,"6","MOUNTAIN WHITEFISH",TRUE,9,TRUE,"SALMONIDAE","","PROSOPIUM",FALSE,FALSE,"NATIVE","3","","III","B","IV","cold","",FALSE,"yes","LBR_Fish_BCG_v1"
"BRCald2005","PROSOPIUM WILLIAMSONI",1,"LowerBoise_Fish_Taxa_Translator_20260508.csv","LowerBoise_Fish_Attributes_20260514.csv",TRUE,13211000,2005,315,"Main_Middleton",6,"6","MOUNTAIN WHITEFISH",TRUE,9,TRUE,"SALMONIDAE","","PROSOPIUM",FALSE,FALSE,"NATIVE","3","","III","B","IV","cold","",FALSE,"yes","LBR_Fish_BCG_v1"
"BRCald2005","PROSOPIUM WILLIAMSONI",1,"LowerBoise_Fish_Taxa_Translator_20260508.csv","LowerBoise_Fish_Attributes_20260514.csv",TRUE,13211000,2005,320,"Main_Middleton",6,"6","MOUNTAIN WHITEFISH",TRUE,9,TRUE,"SALMONIDAE","","PROSOPIUM",FALSE,FALSE,"NATIVE","3","","III","B","IV","cold","",FALSE,"yes","LBR_Fish_BCG_v1"
"BRCald2005","PROSOPIUM WILLIAMSONI",1,"LowerBoise_Fish_Taxa_Translator_20260508.csv","LowerBoise_Fish_Attributes_20260514.csv",TRUE,13211000,2005,325,"Main_Middleton",7,"7","MOUNTAIN WHITEFISH",TRUE,9,TRUE,"SALMONIDAE","","PROSOPIUM",FALSE,FALSE,"NATIVE","3","","III","B","IV","cold","",FALSE,"yes","LBR_Fish_BCG_v1"
"BRCald2005","PROSOPIUM WILLIAMSONI",1,"LowerBoise_Fish_Taxa_Translator_20260508.csv","LowerBoise_Fish_Attributes_20260514.csv",TRUE,13211000,2005,330,"Main_Middleton",7,"7","MOUNTAIN WHITEFISH",TRUE,9,TRUE,"SALMONIDAE","","PROSOPIUM",FALSE,FALSE,"NATIVE","3","","III","B","IV","cold","",FALSE,"yes","LBR_Fish_BCG_v1"
"BRCald2005","PROSOPIUM WILLIAMSONI",2,"LowerBoise_Fish_Taxa_Translator_20260508.csv","LowerBoise_Fish_Attributes_20260514.csv",TRUE,13211000,2005,335,"Main_Middleton",7,"7","MOUNTAIN WHITEFISH",TRUE,9,TRUE,"SALMONIDAE","","PROSOPIUM",FALSE,FALSE,"NATIVE","3","","III","B","IV","cold","",FALSE,"yes","LBR_Fish_BCG_v1"
"BRCald2005","PROSOPIUM WILLIAMSONI",2,"LowerBoise_Fish_Taxa_Translator_20260508.csv","LowerBoise_Fish_Attributes_20260514.csv",TRUE,13211000,2005,280,"Main_Middleton",5,"5","MOUNTAIN WHITEFISH",TRUE,9,TRUE,"SALMONIDAE","","PROSOPIUM",FALSE,FALSE,"NATIVE","3","","III","B","IV","cold","",FALSE,"yes","LBR_Fish_BCG_v1"
"BRCald2005","PROSOPIUM WILLIAMSONI",4,"LowerBoise_Fish_Taxa_Translator_20260508.csv","LowerBoise_Fish_Attributes_20260514.csv",TRUE,13211000,2005,285,"Main_Middleton",5,"5","MOUNTAIN WHITEFISH",TRUE,9,TRUE,"SALMONIDAE","","PROSOPIUM",FALSE,FALSE,"NATIVE","3","","III","B","IV","cold","",FALSE,"yes","LBR_Fish_BCG_v1"
"BRCald2005","PROSOPIUM WILLIAMSONI",1,"LowerBoise_Fish_Taxa_Translator_20260508.csv","LowerBoise_Fish_Attributes_20260514.csv",TRUE,13211000,2005,295,"Main_Middleton",6,"6","MOUNTAIN WHITEFISH",TRUE,9,TRUE,"SALMONIDAE","","PROSOPIUM",FALSE,FALSE,"NATIVE","3","","III","B","IV","cold","",FALSE,"yes","LBR_Fish_BCG_v1"
"BRCald2005","PTYCHOCHEILUS OREGONENSIS",1,"LowerBoise_Fish_Taxa_Translator_20260508.csv","LowerBoise_Fish_Attributes_20260514.csv",TRUE,13211000,2005,365,"Main_Middleton",5,"5","NORTHERN PIKEMINNOW",TRUE,11,TRUE,"LEUCISCIDAE","CYPRINIDAE","PTYCHOCHEILUS",FALSE,FALSE,"NATIVE","4","4_middle","IV_middle","W","IV,TC","cool","",FALSE,"yes","LBR_Fish_BCG_v1"
"BREck2014","CATOSTOMUS COLUMBIANUS",1,"LowerBoise_Fish_Taxa_Translator_20260508.csv","LowerBoise_Fish_Attributes_20260514.csv",TRUE,13203760,2014,220,"Main_Eckert",3,"3","BRIDGELIP SUCKER",TRUE,10,TRUE,"CATOSTOMIDAE","","CATOSTOMUS",FALSE,FALSE,"NATIVE","4","4_middle","IV_middle","B","HB","cool","",FALSE,"yes","LBR_Fish_BCG_v1"
"BREck2014","CATOSTOMUS COLUMBIANUS",1,"LowerBoise_Fish_Taxa_Translator_20260508.csv","LowerBoise_Fish_Attributes_20260514.csv",TRUE,13203760,2014,280,"Main_Eckert",4,"4","BRIDGELIP SUCKER",TRUE,10,TRUE,"CATOSTOMIDAE","","CATOSTOMUS",FALSE,FALSE,"NATIVE","4","4_middle","IV_middle","B","HB","cool","",FALSE,"yes","LBR_Fish_BCG_v1"
"BREck2014","CATOSTOMUS COLUMBIANUS",1,"LowerBoise_Fish_Taxa_Translator_20260508.csv","LowerBoise_Fish_Attributes_20260514.csv",TRUE,13203760,2014,295,"Main_Eckert",5,"5","BRIDGELIP SUCKER",TRUE,10,TRUE,"CATOSTOMIDAE","","CATOSTOMUS",FALSE,FALSE,"NATIVE","4","4_middle","IV_middle","B","HB","cool","",FALSE,"yes","LBR_Fish_BCG_v1"
"BREck2014","CATOSTOMUS COLUMBIANUS",1,"LowerBoise_Fish_Taxa_Translator_20260508.csv","LowerBoise_Fish_Attributes_20260514.csv",TRUE,13203760,2014,165,"Main_Eckert",3,"3","BRIDGELIP SUCKER",TRUE,10,TRUE,"CATOSTOMIDAE","","CATOSTOMUS",FALSE,FALSE,"NATIVE","4","4_middle","IV_middle","B","HB","cool","",FALSE,"yes","LBR_Fish_BCG_v1"
"BREck2014","CATOSTOMUS MACROCHEILUS",1,"LowerBoise_Fish_Taxa_Translator_20260508.csv","LowerBoise_Fish_Attributes_20260514.csv",TRUE,13203760,2014,215,"Main_Eckert",5,"5","LARGESCALE SUCKER",TRUE,8,TRUE,"CATOSTOMIDAE","","CATOSTOMUS",FALSE,FALSE,"NATIVE","4","4_middle","IV_middle","B","OM","cool","",FALSE,"yes","LBR_Fish_BCG_v1"
"BREck2014","CATOSTOMUS MACROCHEILUS",1,"LowerBoise_Fish_Taxa_Translator_20260508.csv","LowerBoise_Fish_Attributes_20260514.csv",TRUE,13203760,2014,80,"Main_Eckert",2,"2","LARGESCALE SUCKER",TRUE,8,TRUE,"CATOSTOMIDAE","","CATOSTOMUS",FALSE,FALSE,"NATIVE","4","4_middle","IV_middle","B","OM","cool","",FALSE,"yes","LBR_Fish_BCG_v1"
"BREck2014","CATOSTOMUS MACROCHEILUS",1,"LowerBoise_Fish_Taxa_Translator_20260508.csv","LowerBoise_Fish_Attributes_20260514.csv",TRUE,13203760,2014,205,"Main_Eckert",5,"5","LARGESCALE SUCKER",TRUE,8,TRUE,"CATOSTOMIDAE","","CATOSTOMUS",FALSE,FALSE,"NATIVE","4","4_middle","IV_middle","B","OM","cool","",FALSE,"yes","LBR_Fish_BCG_v1"
"BREck2014","CATOSTOMUS MACROCHEILUS",2,"LowerBoise_Fish_Taxa_Translator_20260508.csv","LowerBoise_Fish_Attributes_20260514.csv",TRUE,13203760,2014,560,"Main_Eckert",8,">7","LARGESCALE SUCKER",TRUE,8,TRUE,"CATOSTOMIDAE","","CATOSTOMUS",FALSE,FALSE,"NATIVE","4","4_middle","IV_middle","B","OM","cool","",FALSE,"yes","LBR_Fish_BCG_v1"
"BREck2014","CATOSTOMUS MACROCHEILUS",1,"LowerBoise_Fish_Taxa_Translator_20260508.csv","LowerBoise_Fish_Attributes_20260514.csv",TRUE,13203760,2014,220,"Main_Eckert",5,"5","LARGESCALE SUCKER",TRUE,8,TRUE,"CATOSTOMIDAE","","CATOSTOMUS",FALSE,FALSE,"NATIVE","4","4_middle","IV_middle","B","OM","cool","",FALSE,"yes","LBR_Fish_BCG_v1"
"BREck2014","CATOSTOMUS MACROCHEILUS",1,"LowerBoise_Fish_Taxa_Translator_20260508.csv","LowerBoise_Fish_Attributes_20260514.csv",TRUE,13203760,2014,110,"Main_Eckert",3,"3","LARGESCALE SUCKER",TRUE,8,TRUE,"CATOSTOMIDAE","","CATOSTOMUS",FALSE,FALSE,"NATIVE","4","4_middle","IV_middle","B","OM","cool","",FALSE,"yes","LBR_Fish_BCG_v1"
"BREck2014","CATOSTOMUS MACROCHEILUS",1,"LowerBoise_Fish_Taxa_Translator_20260508.csv","LowerBoise_Fish_Attributes_20260514.csv",TRUE,13203760,2014,400,"Main_Eckert",7,"7","LARGESCALE SUCKER",TRUE,8,TRUE,"CATOSTOMIDAE","","CATOSTOMUS",FALSE,FALSE,"NATIVE","4","4_middle","IV_middle","B","OM","cool","",FALSE,"yes","LBR_Fish_BCG_v1"
"BREck2014","CATOSTOMUS MACROCHEILUS",1,"LowerBoise_Fish_Taxa_Translator_20260508.csv","LowerBoise_Fish_Attributes_20260514.csv",TRUE,13203760,2014,500,"Main_Eckert",8,">7","LARGESCALE SUCKER",TRUE,8,TRUE,"CATOSTOMIDAE","","CATOSTOMUS",FALSE,FALSE,"NATIVE","4","4_middle","IV_middle","B","OM","cool","",FALSE,"yes","LBR_Fish_BCG_v1"
"BREck2014","COTTUS CONFUSUS",1,"LowerBoise_Fish_Taxa_Translator_20260508.csv","LowerBoise_Fish_Attributes_20260514.csv",TRUE,13203760,2014,36,"Main_Eckert",1,"1","SHORTHEAD SCULPIN",TRUE,6,TRUE,"COTTIDAE","","COTTUS",FALSE,FALSE,"NATIVE","2","","II","B","IV","cold","LITHOPHIL",FALSE,"yes","LBR_Fish_BCG_v1"
"BREck2014","COTTUS CONFUSUS",1,"LowerBoise_Fish_Taxa_Translator_20260508.csv","LowerBoise_Fish_Attributes_20260514.csv",TRUE,13203760,2014,43,"Main_Eckert",1,"1","SHORTHEAD SCULPIN",TRUE,6,TRUE,"COTTIDAE","","COTTUS",FALSE,FALSE,"NATIVE","2","","II","B","IV","cold","LITHOPHIL",FALSE,"yes","LBR_Fish_BCG_v1"
"BREck2014","COTTUS CONFUSUS",1,"LowerBoise_Fish_Taxa_Translator_20260508.csv","LowerBoise_Fish_Attributes_20260514.csv",TRUE,13203760,2014,41,"Main_Eckert",1,"1","SHORTHEAD SCULPIN",TRUE,6,TRUE,"COTTIDAE","","COTTUS",FALSE,FALSE,"NATIVE","2","","II","B","IV","cold","LITHOPHIL",FALSE,"yes","LBR_Fish_BCG_v1"
"BREck2014","COTTUS CONFUSUS",1,"LowerBoise_Fish_Taxa_Translator_20260508.csv","LowerBoise_Fish_Attributes_20260514.csv",TRUE,13203760,2014,92,"Main_Eckert",3,"3","SHORTHEAD SCULPIN",TRUE,6,TRUE,"COTTIDAE","","COTTUS",FALSE,FALSE,"NATIVE","2","","II","B","IV","cold","LITHOPHIL",FALSE,"yes","LBR_Fish_BCG_v1"
"BREck2014","COTTUS CONFUSUS",1,"LowerBoise_Fish_Taxa_Translator_20260508.csv","LowerBoise_Fish_Attributes_20260514.csv",TRUE,13203760,2014,37,"Main_Eckert",1,"1","SHORTHEAD SCULPIN",TRUE,6,TRUE,"COTTIDAE","","COTTUS",FALSE,FALSE,"NATIVE","2","","II","B","IV","cold","LITHOPHIL",FALSE,"yes","LBR_Fish_BCG_v1"
"BREck2014","COTTUS CONFUSUS",1,"LowerBoise_Fish_Taxa_Translator_20260508.csv","LowerBoise_Fish_Attributes_20260514.csv",TRUE,13203760,2014,34,"Main_Eckert",1,"1","SHORTHEAD SCULPIN",TRUE,6,TRUE,"COTTIDAE","","COTTUS",FALSE,FALSE,"NATIVE","2","","II","B","IV","cold","LITHOPHIL",FALSE,"yes","LBR_Fish_BCG_v1"
"BREck2014","COTTUS CONFUSUS",1,"LowerBoise_Fish_Taxa_Translator_20260508.csv","LowerBoise_Fish_Attributes_20260514.csv",TRUE,13203760,2014,40,"Main_Eckert",1,"1","SHORTHEAD SCULPIN",TRUE,6,TRUE,"COTTIDAE","","COTTUS",FALSE,FALSE,"NATIVE","2","","II","B","IV","cold","LITHOPHIL",FALSE,"yes","LBR_Fish_BCG_v1"
"BREck2014","COTTUS CONFUSUS",1,"LowerBoise_Fish_Taxa_Translator_20260508.csv","LowerBoise_Fish_Attributes_20260514.csv",TRUE,13203760,2014,96,"Main_Eckert",3,"3","SHORTHEAD SCULPIN",TRUE,6,TRUE,"COTTIDAE","","COTTUS",FALSE,FALSE,"NATIVE","2","","II","B","IV","cold","LITHOPHIL",FALSE,"yes","LBR_Fish_BCG_v1"
"BREck2014","COTTUS CONFUSUS",1,"LowerBoise_Fish_Taxa_Translator_20260508.csv","LowerBoise_Fish_Attributes_20260514.csv",TRUE,13203760,2014,114,"Main_Eckert",4,"4","SHORTHEAD SCULPIN",TRUE,6,TRUE,"COTTIDAE","","COTTUS",FALSE,FALSE,"NATIVE","2","","II","B","IV","cold","LITHOPHIL",FALSE,"yes","LBR_Fish_BCG_v1"
"BREck2014","COTTUS CONFUSUS",131,"LowerBoise_Fish_Taxa_Translator_20260508.csv","LowerBoise_Fish_Attributes_20260514.csv",TRUE,13203760,2014,0,"Main_Eckert",1,"1","SHORTHEAD SCULPIN",TRUE,6,TRUE,"COTTIDAE","","COTTUS",FALSE,FALSE,"NATIVE","2","","II","B","IV","cold","LITHOPHIL",FALSE,"yes","LBR_Fish_BCG_v1"
"BREck2014","COTTUS CONFUSUS",1,"LowerBoise_Fish_Taxa_Translator_20260508.csv","LowerBoise_Fish_Attributes_20260514.csv",TRUE,13203760,2014,77,"Main_Eckert",2,"2","SHORTHEAD SCULPIN",TRUE,6,TRUE,"COTTIDAE","","COTTUS",FALSE,FALSE,"NATIVE","2","","II","B","IV","cold","LITHOPHIL",FALSE,"yes","LBR_Fish_BCG_v1"
"BREck2014","COTTUS CONFUSUS",2,"LowerBoise_Fish_Taxa_Translator_20260508.csv","LowerBoise_Fish_Attributes_20260514.csv",TRUE,13203760,2014,81,"Main_Eckert",2,"2","SHORTHEAD SCULPIN",TRUE,6,TRUE,"COTTIDAE","","COTTUS",FALSE,FALSE,"NATIVE","2","","II","B","IV","cold","LITHOPHIL",FALSE,"yes","LBR_Fish_BCG_v1"
"BREck2014","COTTUS CONFUSUS",1,"LowerBoise_Fish_Taxa_Translator_20260508.csv","LowerBoise_Fish_Attributes_20260514.csv",TRUE,13203760,2014,42,"Main_Eckert",1,"1","SHORTHEAD SCULPIN",TRUE,6,TRUE,"COTTIDAE","","COTTUS",FALSE,FALSE,"NATIVE","2","","II","B","IV","cold","LITHOPHIL",FALSE,"yes","LBR_Fish_BCG_v1"
"BREck2014","COTTUS CONFUSUS",1,"LowerBoise_Fish_Taxa_Translator_20260508.csv","LowerBoise_Fish_Attributes_20260514.csv",TRUE,13203760,2014,76,"Main_Eckert",2,"2","SHORTHEAD SCULPIN",TRUE,6,TRUE,"COTTIDAE","","COTTUS",FALSE,FALSE,"NATIVE","2","","II","B","IV","cold","LITHOPHIL",FALSE,"yes","LBR_Fish_BCG_v1"
"BREck2014","COTTUS CONFUSUS",2,"LowerBoise_Fish_Taxa_Translator_20260508.csv","LowerBoise_Fish_Attributes_20260514.csv",TRUE,13203760,2014,62,"Main_Eckert",2,"2","SHORTHEAD SCULPIN",TRUE,6,TRUE,"COTTIDAE","","COTTUS",FALSE,FALSE,"NATIVE","2","","II","B","IV","cold","LITHOPHIL",FALSE,"yes","LBR_Fish_BCG_v1"
"BREck2014","COTTUS CONFUSUS",1,"LowerBoise_Fish_Taxa_Translator_20260508.csv","LowerBoise_Fish_Attributes_20260514.csv",TRUE,13203760,2014,63,"Main_Eckert",2,"2","SHORTHEAD SCULPIN",TRUE,6,TRUE,"COTTIDAE","","COTTUS",FALSE,FALSE,"NATIVE","2","","II","B","IV","cold","LITHOPHIL",FALSE,"yes","LBR_Fish_BCG_v1"
"BREck2014","COTTUS CONFUSUS",2,"LowerBoise_Fish_Taxa_Translator_20260508.csv","LowerBoise_Fish_Attributes_20260514.csv",TRUE,13203760,2014,67,"Main_Eckert",2,"2","SHORTHEAD SCULPIN",TRUE,6,TRUE,"COTTIDAE","","COTTUS",FALSE,FALSE,"NATIVE","2","","II","B","IV","cold","LITHOPHIL",FALSE,"yes","LBR_Fish_BCG_v1"
"BREck2014","COTTUS CONFUSUS",1,"LowerBoise_Fish_Taxa_Translator_20260508.csv","LowerBoise_Fish_Attributes_20260514.csv",TRUE,13203760,2014,97,"Main_Eckert",3,"3","SHORTHEAD SCULPIN",TRUE,6,TRUE,"COTTIDAE","","COTTUS",FALSE,FALSE,"NATIVE","2","","II","B","IV","cold","LITHOPHIL",FALSE,"yes","LBR_Fish_BCG_v1"
"BREck2014","COTTUS CONFUSUS",1,"LowerBoise_Fish_Taxa_Translator_20260508.csv","LowerBoise_Fish_Attributes_20260514.csv",TRUE,13203760,2014,38,"Main_Eckert",1,"1","SHORTHEAD SCULPIN",TRUE,6,TRUE,"COTTIDAE","","COTTUS",FALSE,FALSE,"NATIVE","2","","II","B","IV","cold","LITHOPHIL",FALSE,"yes","LBR_Fish_BCG_v1"
"BREck2014","COTTUS CONFUSUS",2,"LowerBoise_Fish_Taxa_Translator_20260508.csv","LowerBoise_Fish_Attributes_20260514.csv",TRUE,13203760,2014,102,"Main_Eckert",3,"3","SHORTHEAD SCULPIN",TRUE,6,TRUE,"COTTIDAE","","COTTUS",FALSE,FALSE,"NATIVE","2","","II","B","IV","cold","LITHOPHIL",FALSE,"yes","LBR_Fish_BCG_v1"
"BREck2014","COTTUS CONFUSUS",1,"LowerBoise_Fish_Taxa_Translator_20260508.csv","LowerBoise_Fish_Attributes_20260514.csv",TRUE,13203760,2014,106,"Main_Eckert",3,"3","SHORTHEAD SCULPIN",TRUE,6,TRUE,"COTTIDAE","","COTTUS",FALSE,FALSE,"NATIVE","2","","II","B","IV","cold","LITHOPHIL",FALSE,"yes","LBR_Fish_BCG_v1"
"BREck2014","COTTUS CONFUSUS",1,"LowerBoise_Fish_Taxa_Translator_20260508.csv","LowerBoise_Fish_Attributes_20260514.csv",TRUE,13203760,2014,74,"Main_Eckert",2,"2","SHORTHEAD SCULPIN",TRUE,6,TRUE,"COTTIDAE","","COTTUS",FALSE,FALSE,"NATIVE","2","","II","B","IV","cold","LITHOPHIL",FALSE,"yes","LBR_Fish_BCG_v1"
"BREck2014","COTTUS CONFUSUS",1,"LowerBoise_Fish_Taxa_Translator_20260508.csv","LowerBoise_Fish_Attributes_20260514.csv",TRUE,13203760,2014,75,"Main_Eckert",2,"2","SHORTHEAD SCULPIN",TRUE,6,TRUE,"COTTIDAE","","COTTUS",FALSE,FALSE,"NATIVE","2","","II","B","IV","cold","LITHOPHIL",FALSE,"yes","LBR_Fish_BCG_v1"
"BREck2014","COTTUS CONFUSUS",2,"LowerBoise_Fish_Taxa_Translator_20260508.csv","LowerBoise_Fish_Attributes_20260514.csv",TRUE,13203760,2014,89,"Main_Eckert",3,"3","SHORTHEAD SCULPIN",TRUE,6,TRUE,"COTTIDAE","","COTTUS",FALSE,FALSE,"NATIVE","2","","II","B","IV","cold","LITHOPHIL",FALSE,"yes","LBR_Fish_BCG_v1"
"BREck2014","COTTUS CONFUSUS",1,"LowerBoise_Fish_Taxa_Translator_20260508.csv","LowerBoise_Fish_Attributes_20260514.csv",TRUE,13203760,2014,90,"Main_Eckert",3,"3","SHORTHEAD SCULPIN",TRUE,6,TRUE,"COTTIDAE","","COTTUS",FALSE,FALSE,"NATIVE","2","","II","B","IV","cold","LITHOPHIL",FALSE,"yes","LBR_Fish_BCG_v1"
"BREck2014","COTTUS CONFUSUS",1,"LowerBoise_Fish_Taxa_Translator_20260508.csv","LowerBoise_Fish_Attributes_20260514.csv",TRUE,13203760,2014,82,"Main_Eckert",2,"2","SHORTHEAD SCULPIN",TRUE,6,TRUE,"COTTIDAE","","COTTUS",FALSE,FALSE,"NATIVE","2","","II","B","IV","cold","LITHOPHIL",FALSE,"yes","LBR_Fish_BCG_v1"
"BREck2014","COTTUS CONFUSUS",1,"LowerBoise_Fish_Taxa_Translator_20260508.csv","LowerBoise_Fish_Attributes_20260514.csv",TRUE,13203760,2014,85,"Main_Eckert",3,"3","SHORTHEAD SCULPIN",TRUE,6,TRUE,"COTTIDAE","","COTTUS",FALSE,FALSE,"NATIVE","2","","II","B","IV","cold","LITHOPHIL",FALSE,"yes","LBR_Fish_BCG_v1"
"BREck2014","COTTUS CONFUSUS",1,"LowerBoise_Fish_Taxa_Translator_20260508.csv","LowerBoise_Fish_Attributes_20260514.csv",TRUE,13203760,2014,69,"Main_Eckert",2,"2","SHORTHEAD SCULPIN",TRUE,6,TRUE,"COTTIDAE","","COTTUS",FALSE,FALSE,"NATIVE","2","","II","B","IV","cold","LITHOPHIL",FALSE,"yes","LBR_Fish_BCG_v1"
"BREck2014","COTTUS CONFUSUS",1,"LowerBoise_Fish_Taxa_Translator_20260508.csv","LowerBoise_Fish_Attributes_20260514.csv",TRUE,13203760,2014,99,"Main_Eckert",3,"3","SHORTHEAD SCULPIN",TRUE,6,TRUE,"COTTIDAE","","COTTUS",FALSE,FALSE,"NATIVE","2","","II","B","IV","cold","LITHOPHIL",FALSE,"yes","LBR_Fish_BCG_v1"
"BREck2014","COTTUS CONFUSUS",2,"LowerBoise_Fish_Taxa_Translator_20260508.csv","LowerBoise_Fish_Attributes_20260514.csv",TRUE,13203760,2014,100,"Main_Eckert",3,"3","SHORTHEAD SCULPIN",TRUE,6,TRUE,"COTTIDAE","","COTTUS",FALSE,FALSE,"NATIVE","2","","II","B","IV","cold","LITHOPHIL",FALSE,"yes","LBR_Fish_BCG_v1"
"BREck2014","COTTUS CONFUSUS",2,"LowerBoise_Fish_Taxa_Translator_20260508.csv","LowerBoise_Fish_Attributes_20260514.csv",TRUE,13203760,2014,73,"Main_Eckert",2,"2","SHORTHEAD SCULPIN",TRUE,6,TRUE,"COTTIDAE","","COTTUS",FALSE,FALSE,"NATIVE","2","","II","B","IV","cold","LITHOPHIL",FALSE,"yes","LBR_Fish_BCG_v1"
"BREck2014","COTTUS CONFUSUS",1,"LowerBoise_Fish_Taxa_Translator_20260508.csv","LowerBoise_Fish_Attributes_20260514.csv",TRUE,13203760,2014,60,"Main_Eckert",2,"2","SHORTHEAD SCULPIN",TRUE,6,TRUE,"COTTIDAE","","COTTUS",FALSE,FALSE,"NATIVE","2","","II","B","IV","cold","LITHOPHIL",FALSE,"yes","LBR_Fish_BCG_v1"
"BREck2014","COTTUS CONFUSUS",1,"LowerBoise_Fish_Taxa_Translator_20260508.csv","LowerBoise_Fish_Attributes_20260514.csv",TRUE,13203760,2014,71,"Main_Eckert",2,"2","SHORTHEAD SCULPIN",TRUE,6,TRUE,"COTTIDAE","","COTTUS",FALSE,FALSE,"NATIVE","2","","II","B","IV","cold","LITHOPHIL",FALSE,"yes","LBR_Fish_BCG_v1"
"BREck2014","COTTUS HUBBSI",1,"LowerBoise_Fish_Taxa_Translator_20260508.csv","LowerBoise_Fish_Attributes_20260514.csv",TRUE,13203760,2014,96,"Main_Eckert",3,"3","COLUMBIA SCULPIN",TRUE,6,TRUE,"COTTIDAE","","COTTUS",FALSE,FALSE,"NATIVE","4","4_better","IV_better","B","IV","cool","LITHOPHIL",FALSE,"yes","LBR_Fish_BCG_v1"
"BREck2014","COTTUS HUBBSI",17,"LowerBoise_Fish_Taxa_Translator_20260508.csv","LowerBoise_Fish_Attributes_20260514.csv",TRUE,13203760,2014,0,"Main_Eckert",1,"1","COLUMBIA SCULPIN",TRUE,6,TRUE,"COTTIDAE","","COTTUS",FALSE,FALSE,"NATIVE","4","4_better","IV_better","B","IV","cool","LITHOPHIL",FALSE,"yes","LBR_Fish_BCG_v1"
"BREck2014","COTTUS HUBBSI",1,"LowerBoise_Fish_Taxa_Translator_20260508.csv","LowerBoise_Fish_Attributes_20260514.csv",TRUE,13203760,2014,86,"Main_Eckert",3,"3","COLUMBIA SCULPIN",TRUE,6,TRUE,"COTTIDAE","","COTTUS",FALSE,FALSE,"NATIVE","4","4_better","IV_better","B","IV","cool","LITHOPHIL",FALSE,"yes","LBR_Fish_BCG_v1"
"BREck2014","ONCORHYNCHUS MYKISS",1,"LowerBoise_Fish_Taxa_Translator_20260508.csv","LowerBoise_Fish_Attributes_20260514.csv",TRUE,13203760,2014,150,"Main_Eckert",3,"3","RAINBOW TROUT",TRUE,6,TRUE,"SALMONIDAE","","ONCORHYNCHUS",FALSE,FALSE,"NATIVE","3","","III","W","IV,TC","cold","LITHOPHIL",FALSE,"yes","LBR_Fish_BCG_v1"
"BREck2014","ONCORHYNCHUS MYKISS",1,"LowerBoise_Fish_Taxa_Translator_20260508.csv","LowerBoise_Fish_Attributes_20260514.csv",TRUE,13203760,2014,92,"Main_Eckert",1,"1","RAINBOW TROUT",TRUE,6,TRUE,"SALMONIDAE","","ONCORHYNCHUS",FALSE,FALSE,"NATIVE","3","","III","W","IV,TC","cold","LITHOPHIL",FALSE,"yes","LBR_Fish_BCG_v1"
"BREck2014","ONCORHYNCHUS MYKISS",1,"LowerBoise_Fish_Taxa_Translator_20260508.csv","LowerBoise_Fish_Attributes_20260514.csv",TRUE,13203760,2014,100,"Main_Eckert",2,"2","RAINBOW TROUT",TRUE,6,TRUE,"SALMONIDAE","","ONCORHYNCHUS",FALSE,FALSE,"NATIVE","3","","III","W","IV,TC","cold","LITHOPHIL",FALSE,"yes","LBR_Fish_BCG_v1"
"BREck2014","ONCORHYNCHUS MYKISS",2,"LowerBoise_Fish_Taxa_Translator_20260508.csv","LowerBoise_Fish_Attributes_20260514.csv",TRUE,13203760,2014,105,"Main_Eckert",2,"2","RAINBOW TROUT",TRUE,6,TRUE,"SALMONIDAE","","ONCORHYNCHUS",FALSE,FALSE,"NATIVE","3","","III","W","IV,TC","cold","LITHOPHIL",FALSE,"yes","LBR_Fish_BCG_v1"
"BREck2014","ONCORHYNCHUS MYKISS",1,"LowerBoise_Fish_Taxa_Translator_20260508.csv","LowerBoise_Fish_Attributes_20260514.csv",TRUE,13203760,2014,85,"Main_Eckert",1,"1","RAINBOW TROUT",TRUE,6,TRUE,"SALMONIDAE","","ONCORHYNCHUS",FALSE,FALSE,"NATIVE","3","","III","W","IV,TC","cold","LITHOPHIL",FALSE,"yes","LBR_Fish_BCG_v1"
"BREck2014","ONCORHYNCHUS MYKISS",3,"LowerBoise_Fish_Taxa_Translator_20260508.csv","LowerBoise_Fish_Attributes_20260514.csv",TRUE,13203760,2014,305,"Main_Eckert",5,"5","RAINBOW TROUT",TRUE,6,TRUE,"SALMONIDAE","","ONCORHYNCHUS",FALSE,FALSE,"NATIVE","3","","III","W","IV,TC","cold","LITHOPHIL",FALSE,"yes","LBR_Fish_BCG_v1"
"BREck2014","ONCORHYNCHUS MYKISS",2,"LowerBoise_Fish_Taxa_Translator_20260508.csv","LowerBoise_Fish_Attributes_20260514.csv",TRUE,13203760,2014,95,"Main_Eckert",2,"2","RAINBOW TROUT",TRUE,6,TRUE,"SALMONIDAE","","ONCORHYNCHUS",FALSE,FALSE,"NATIVE","3","","III","W","IV,TC","cold","LITHOPHIL",FALSE,"yes","LBR_Fish_BCG_v1"
"BREck2014","ONCORHYNCHUS MYKISS",1,"LowerBoise_Fish_Taxa_Translator_20260508.csv","LowerBoise_Fish_Attributes_20260514.csv",TRUE,13203760,2014,80,"Main_Eckert",1,"1","RAINBOW TROUT",TRUE,6,TRUE,"SALMONIDAE","","ONCORHYNCHUS",FALSE,FALSE,"NATIVE","3","","III","W","IV,TC","cold","LITHOPHIL",FALSE,"yes","LBR_Fish_BCG_v1"
"BREck2014","ONCORHYNCHUS MYKISS",1,"LowerBoise_Fish_Taxa_Translator_20260508.csv","LowerBoise_Fish_Attributes_20260514.csv",TRUE,13203760,2014,180,"Main_Eckert",4,"4","RAINBOW TROUT",TRUE,6,TRUE,"SALMONIDAE","","ONCORHYNCHUS",FALSE,FALSE,"NATIVE","3","","III","W","IV,TC","cold","LITHOPHIL",FALSE,"yes","LBR_Fish_BCG_v1"
"BREck2014","ONCORHYNCHUS MYKISS",2,"LowerBoise_Fish_Taxa_Translator_20260508.csv","LowerBoise_Fish_Attributes_20260514.csv",TRUE,13203760,2014,185,"Main_Eckert",4,"4","RAINBOW TROUT",TRUE,6,TRUE,"SALMONIDAE","","ONCORHYNCHUS",FALSE,FALSE,"NATIVE","3","","III","W","IV,TC","cold","LITHOPHIL",FALSE,"yes","LBR_Fish_BCG_v1"
"BREck2014","ONCORHYNCHUS MYKISS",1,"LowerBoise_Fish_Taxa_Translator_20260508.csv","LowerBoise_Fish_Attributes_20260514.csv",TRUE,13203760,2014,98,"Main_Eckert",2,"2","RAINBOW TROUT",TRUE,6,TRUE,"SALMONIDAE","","ONCORHYNCHUS",FALSE,FALSE,"NATIVE","3","","III","W","IV,TC","cold","LITHOPHIL",FALSE,"yes","LBR_Fish_BCG_v1"
"BREck2014","ONCORHYNCHUS MYKISS",2,"LowerBoise_Fish_Taxa_Translator_20260508.csv","LowerBoise_Fish_Attributes_20260514.csv",TRUE,13203760,2014,310,"Main_Eckert",6,">5","RAINBOW TROUT",TRUE,6,TRUE,"SALMONIDAE","","ONCORHYNCHUS",FALSE,FALSE,"NATIVE","3","","III","W","IV,TC","cold","LITHOPHIL",FALSE,"yes","LBR_Fish_BCG_v1"
"BREck2014","ONCORHYNCHUS MYKISS",1,"LowerBoise_Fish_Taxa_Translator_20260508.csv","LowerBoise_Fish_Attributes_20260514.csv",TRUE,13203760,2014,320,"Main_Eckert",6,">5","RAINBOW TROUT",TRUE,6,TRUE,"SALMONIDAE","","ONCORHYNCHUS",FALSE,FALSE,"NATIVE","3","","III","W","IV,TC","cold","LITHOPHIL",FALSE,"yes","LBR_Fish_BCG_v1"
"BREck2014","ONCORHYNCHUS MYKISS",1,"LowerBoise_Fish_Taxa_Translator_20260508.csv","LowerBoise_Fish_Attributes_20260514.csv",TRUE,13203760,2014,330,"Main_Eckert",6,">5","RAINBOW TROUT",TRUE,6,TRUE,"SALMONIDAE","","ONCORHYNCHUS",FALSE,FALSE,"NATIVE","3","","III","W","IV,TC","cold","LITHOPHIL",FALSE,"yes","LBR_Fish_BCG_v1"
"BREck2014","ONCORHYNCHUS MYKISS",1,"LowerBoise_Fish_Taxa_Translator_20260508.csv","LowerBoise_Fish_Attributes_20260514.csv",TRUE,13203760,2014,110,"Main_Eckert",2,"2","RAINBOW TROUT",TRUE,6,TRUE,"SALMONIDAE","","ONCORHYNCHUS",FALSE,FALSE,"NATIVE","3","","III","W","IV,TC","cold","LITHOPHIL",FALSE,"yes","LBR_Fish_BCG_v1"
"BREck2014","ONCORHYNCHUS MYKISS",2,"LowerBoise_Fish_Taxa_Translator_20260508.csv","LowerBoise_Fish_Attributes_20260514.csv",TRUE,13203760,2014,195,"Main_Eckert",4,"4","RAINBOW TROUT",TRUE,6,TRUE,"SALMONIDAE","","ONCORHYNCHUS",FALSE,FALSE,"NATIVE","3","","III","W","IV,TC","cold","LITHOPHIL",FALSE,"yes","LBR_Fish_BCG_v1"
"BREck2014","ONCORHYNCHUS MYKISS",2,"LowerBoise_Fish_Taxa_Translator_20260508.csv","LowerBoise_Fish_Attributes_20260514.csv",TRUE,13203760,2014,200,"Main_Eckert",4,"4","RAINBOW TROUT",TRUE,6,TRUE,"SALMONIDAE","","ONCORHYNCHUS",FALSE,FALSE,"NATIVE","3","","III","W","IV,TC","cold","LITHOPHIL",FALSE,"yes","LBR_Fish_BCG_v1"
"BREck2014","ONCORHYNCHUS MYKISS",9,"LowerBoise_Fish_Taxa_Translator_20260508.csv","LowerBoise_Fish_Attributes_20260514.csv",TRUE,13203760,2014,225,"Main_Eckert",5,"5","RAINBOW TROUT",TRUE,6,TRUE,"SALMONIDAE","","ONCORHYNCHUS",FALSE,FALSE,"NATIVE","3","","III","W","IV,TC","cold","LITHOPHIL",FALSE,"yes","LBR_Fish_BCG_v1"
"BREck2014","ONCORHYNCHUS MYKISS",1,"LowerBoise_Fish_Taxa_Translator_20260508.csv","LowerBoise_Fish_Attributes_20260514.csv",TRUE,13203760,2014,230,"Main_Eckert",5,"5","RAINBOW TROUT",TRUE,6,TRUE,"SALMONIDAE","","ONCORHYNCHUS",FALSE,FALSE,"NATIVE","3","","III","W","IV,TC","cold","LITHOPHIL",FALSE,"yes","LBR_Fish_BCG_v1"
"BREck2014","ONCORHYNCHUS MYKISS",1,"LowerBoise_Fish_Taxa_Translator_20260508.csv","LowerBoise_Fish_Attributes_20260514.csv",TRUE,13203760,2014,275,"Main_Eckert",5,"5","RAINBOW TROUT",TRUE,6,TRUE,"SALMONIDAE","","ONCORHYNCHUS",FALSE,FALSE,"NATIVE","3","","III","W","IV,TC","cold","LITHOPHIL",FALSE,"yes","LBR_Fish_BCG_v1"
"BREck2014","ONCORHYNCHUS MYKISS",2,"LowerBoise_Fish_Taxa_Translator_20260508.csv","LowerBoise_Fish_Attributes_20260514.csv",TRUE,13203760,2014,280,"Main_Eckert",5,"5","RAINBOW TROUT",TRUE,6,TRUE,"SALMONIDAE","","ONCORHYNCHUS",FALSE,FALSE,"NATIVE","3","","III","W","IV,TC","cold","LITHOPHIL",FALSE,"yes","LBR_Fish_BCG_v1"
"BREck2014","ONCORHYNCHUS MYKISS",3,"LowerBoise_Fish_Taxa_Translator_20260508.csv","LowerBoise_Fish_Attributes_20260514.csv",TRUE,13203760,2014,245,"Main_Eckert",5,"5","RAINBOW TROUT",TRUE,6,TRUE,"SALMONIDAE","","ONCORHYNCHUS",FALSE,FALSE,"NATIVE","3","","III","W","IV,TC","cold","LITHOPHIL",FALSE,"yes","LBR_Fish_BCG_v1"
"BREck2014","ONCORHYNCHUS MYKISS",1,"LowerBoise_Fish_Taxa_Translator_20260508.csv","LowerBoise_Fish_Attributes_20260514.csv",TRUE,13203760,2014,370,"Main_Eckert",6,">5","RAINBOW TROUT",TRUE,6,TRUE,"SALMONIDAE","","ONCORHYNCHUS",FALSE,FALSE,"NATIVE","3","","III","W","IV,TC","cold","LITHOPHIL",FALSE,"yes","LBR_Fish_BCG_v1"
"BREck2014","ONCORHYNCHUS MYKISS",1,"LowerBoise_Fish_Taxa_Translator_20260508.csv","LowerBoise_Fish_Attributes_20260514.csv",TRUE,13203760,2014,415,"Main_Eckert",6,">5","RAINBOW TROUT",TRUE,6,TRUE,"SALMONIDAE","","ONCORHYNCHUS",FALSE,FALSE,"NATIVE","3","","III","W","IV,TC","cold","LITHOPHIL",FALSE,"yes","LBR_Fish_BCG_v1"
"BREck2014","ONCORHYNCHUS MYKISS",1,"LowerBoise_Fish_Taxa_Translator_20260508.csv","LowerBoise_Fish_Attributes_20260514.csv",TRUE,13203760,2014,420,"Main_Eckert",6,">5","RAINBOW TROUT",TRUE,6,TRUE,"SALMONIDAE","","ONCORHYNCHUS",FALSE,FALSE,"NATIVE","3","","III","W","IV,TC","cold","LITHOPHIL",FALSE,"yes","LBR_Fish_BCG_v1"
"BREck2014","ONCORHYNCHUS MYKISS",1,"LowerBoise_Fish_Taxa_Translator_20260508.csv","LowerBoise_Fish_Attributes_20260514.csv",TRUE,13203760,2014,465,"Main_Eckert",6,">5","RAINBOW TROUT",TRUE,6,TRUE,"SALMONIDAE","","ONCORHYNCHUS",FALSE,FALSE,"NATIVE","3","","III","W","IV,TC","cold","LITHOPHIL",FALSE,"yes","LBR_Fish_BCG_v1"
"BREck2014","ONCORHYNCHUS MYKISS",2,"LowerBoise_Fish_Taxa_Translator_20260508.csv","LowerBoise_Fish_Attributes_20260514.csv",TRUE,13203760,2014,270,"Main_Eckert",5,"5","RAINBOW TROUT",TRUE,6,TRUE,"SALMONIDAE","","ONCORHYNCHUS",FALSE,FALSE,"NATIVE","3","","III","W","IV,TC","cold","LITHOPHIL",FALSE,"yes","LBR_Fish_BCG_v1"
"BREck2014","ONCORHYNCHUS MYKISS",3,"LowerBoise_Fish_Taxa_Translator_20260508.csv","LowerBoise_Fish_Attributes_20260514.csv",TRUE,13203760,2014,285,"Main_Eckert",5,"5","RAINBOW TROUT",TRUE,6,TRUE,"SALMONIDAE","","ONCORHYNCHUS",FALSE,FALSE,"NATIVE","3","","III","W","IV,TC","cold","LITHOPHIL",FALSE,"yes","LBR_Fish_BCG_v1"
"BREck2014","ONCORHYNCHUS MYKISS",3,"LowerBoise_Fish_Taxa_Translator_20260508.csv","LowerBoise_Fish_Attributes_20260514.csv",TRUE,13203760,2014,290,"Main_Eckert",5,"5","RAINBOW TROUT",TRUE,6,TRUE,"SALMONIDAE","","ONCORHYNCHUS",FALSE,FALSE,"NATIVE","3","","III","W","IV,TC","cold","LITHOPHIL",FALSE,"yes","LBR_Fish_BCG_v1"
"BREck2014","ONCORHYNCHUS MYKISS",4,"LowerBoise_Fish_Taxa_Translator_20260508.csv","LowerBoise_Fish_Attributes_20260514.csv",TRUE,13203760,2014,235,"Main_Eckert",5,"5","RAINBOW TROUT",TRUE,6,TRUE,"SALMONIDAE","","ONCORHYNCHUS",FALSE,FALSE,"NATIVE","3","","III","W","IV,TC","cold","LITHOPHIL",FALSE,"yes","LBR_Fish_BCG_v1"
"BREck2014","ONCORHYNCHUS MYKISS",1,"LowerBoise_Fish_Taxa_Translator_20260508.csv","LowerBoise_Fish_Attributes_20260514.csv",TRUE,13203760,2014,240,"Main_Eckert",5,"5","RAINBOW TROUT",TRUE,6,TRUE,"SALMONIDAE","","ONCORHYNCHUS",FALSE,FALSE,"NATIVE","3","","III","W","IV,TC","cold","LITHOPHIL",FALSE,"yes","LBR_Fish_BCG_v1"
"BREck2014","ONCORHYNCHUS MYKISS",5,"LowerBoise_Fish_Taxa_Translator_20260508.csv","LowerBoise_Fish_Attributes_20260514.csv",TRUE,13203760,2014,250,"Main_Eckert",5,"5","RAINBOW TROUT",TRUE,6,TRUE,"SALMONIDAE","","ONCORHYNCHUS",FALSE,FALSE,"NATIVE","3","","III","W","IV,TC","cold","LITHOPHIL",FALSE,"yes","LBR_Fish_BCG_v1"
"BREck2014","ONCORHYNCHUS MYKISS",2,"LowerBoise_Fish_Taxa_Translator_20260508.csv","LowerBoise_Fish_Attributes_20260514.csv",TRUE,13203760,2014,255,"Main_Eckert",5,"5","RAINBOW TROUT",TRUE,6,TRUE,"SALMONIDAE","","ONCORHYNCHUS",FALSE,FALSE,"NATIVE","3","","III","W","IV,TC","cold","LITHOPHIL",FALSE,"yes","LBR_Fish_BCG_v1"
"BREck2014","ONCORHYNCHUS MYKISS",3,"LowerBoise_Fish_Taxa_Translator_20260508.csv","LowerBoise_Fish_Attributes_20260514.csv",TRUE,13203760,2014,260,"Main_Eckert",5,"5","RAINBOW TROUT",TRUE,6,TRUE,"SALMONIDAE","","ONCORHYNCHUS",FALSE,FALSE,"NATIVE","3","","III","W","IV,TC","cold","LITHOPHIL",FALSE,"yes","LBR_Fish_BCG_v1"
"BREck2014","ONCORHYNCHUS MYKISS",1,"LowerBoise_Fish_Taxa_Translator_20260508.csv","LowerBoise_Fish_Attributes_20260514.csv",TRUE,13203760,2014,450,"Main_Eckert",6,">5","RAINBOW TROUT",TRUE,6,TRUE,"SALMONIDAE","","ONCORHYNCHUS",FALSE,FALSE,"NATIVE","3","","III","W","IV,TC","cold","LITHOPHIL",FALSE,"yes","LBR_Fish_BCG_v1"
"BREck2014","ONCORHYNCHUS MYKISS",2,"LowerBoise_Fish_Taxa_Translator_20260508.csv","LowerBoise_Fish_Attributes_20260514.csv",TRUE,13203760,2014,295,"Main_Eckert",5,"5","RAINBOW TROUT",TRUE,6,TRUE,"SALMONIDAE","","ONCORHYNCHUS",FALSE,FALSE,"NATIVE","3","","III","W","IV,TC","cold","LITHOPHIL",FALSE,"yes","LBR_Fish_BCG_v1"
"BREck2014","ONCORHYNCHUS MYKISS",4,"LowerBoise_Fish_Taxa_Translator_20260508.csv","LowerBoise_Fish_Attributes_20260514.csv",TRUE,13203760,2014,265,"Main_Eckert",5,"5","RAINBOW TROUT",TRUE,6,TRUE,"SALMONIDAE","","ONCORHYNCHUS",FALSE,FALSE,"NATIVE","3","","III","W","IV,TC","cold","LITHOPHIL",FALSE,"yes","LBR_Fish_BCG_v1"
"BREck2014","PROSOPIUM WILLIAMSONI",1,"LowerBoise_Fish_Taxa_Translator_20260508.csv","LowerBoise_Fish_Attributes_20260514.csv",TRUE,13203760,2014,470,"Main_Eckert",9,">8","MOUNTAIN WHITEFISH",TRUE,9,TRUE,"SALMONIDAE","","PROSOPIUM",FALSE,FALSE,"NATIVE","3","","III","B","IV","cold","",FALSE,"yes","LBR_Fish_BCG_v1"
"BREck2014","PROSOPIUM WILLIAMSONI",2,"LowerBoise_Fish_Taxa_Translator_20260508.csv","LowerBoise_Fish_Attributes_20260514.csv",TRUE,13203760,2014,450,"Main_Eckert",9,">8","MOUNTAIN WHITEFISH",TRUE,9,TRUE,"SALMONIDAE","","PROSOPIUM",FALSE,FALSE,"NATIVE","3","","III","B","IV","cold","",FALSE,"yes","LBR_Fish_BCG_v1"
"BREck2014","PROSOPIUM WILLIAMSONI",1,"LowerBoise_Fish_Taxa_Translator_20260508.csv","LowerBoise_Fish_Attributes_20260514.csv",TRUE,13203760,2014,445,"Main_Eckert",9,">8","MOUNTAIN WHITEFISH",TRUE,9,TRUE,"SALMONIDAE","","PROSOPIUM",FALSE,FALSE,"NATIVE","3","","III","B","IV","cold","",FALSE,"yes","LBR_Fish_BCG_v1"
"BREck2014","PROSOPIUM WILLIAMSONI",1,"LowerBoise_Fish_Taxa_Translator_20260508.csv","LowerBoise_Fish_Attributes_20260514.csv",TRUE,13203760,2014,110,"Main_Eckert",1,"1","MOUNTAIN WHITEFISH",TRUE,9,TRUE,"SALMONIDAE","","PROSOPIUM",FALSE,FALSE,"NATIVE","3","","III","B","IV","cold","",FALSE,"yes","LBR_Fish_BCG_v1"
"BREck2014","PROSOPIUM WILLIAMSONI",1,"LowerBoise_Fish_Taxa_Translator_20260508.csv","LowerBoise_Fish_Attributes_20260514.csv",TRUE,13203760,2014,150,"Main_Eckert",2,"2","MOUNTAIN WHITEFISH",TRUE,9,TRUE,"SALMONIDAE","","PROSOPIUM",FALSE,FALSE,"NATIVE","3","","III","B","IV","cold","",FALSE,"yes","LBR_Fish_BCG_v1"
"BREck2014","PROSOPIUM WILLIAMSONI",1,"LowerBoise_Fish_Taxa_Translator_20260508.csv","LowerBoise_Fish_Attributes_20260514.csv",TRUE,13203760,2014,225,"Main_Eckert",4,"4","MOUNTAIN WHITEFISH",TRUE,9,TRUE,"SALMONIDAE","","PROSOPIUM",FALSE,FALSE,"NATIVE","3","","III","B","IV","cold","",FALSE,"yes","LBR_Fish_BCG_v1"
"BREck2014","PROSOPIUM WILLIAMSONI",1,"LowerBoise_Fish_Taxa_Translator_20260508.csv","LowerBoise_Fish_Attributes_20260514.csv",TRUE,13203760,2014,240,"Main_Eckert",4,"4","MOUNTAIN WHITEFISH",TRUE,9,TRUE,"SALMONIDAE","","PROSOPIUM",FALSE,FALSE,"NATIVE","3","","III","B","IV","cold","",FALSE,"yes","LBR_Fish_BCG_v1"
"BREck2014","PROSOPIUM WILLIAMSONI",3,"LowerBoise_Fish_Taxa_Translator_20260508.csv","LowerBoise_Fish_Attributes_20260514.csv",TRUE,13203760,2014,255,"Main_Eckert",5,"5","MOUNTAIN WHITEFISH",TRUE,9,TRUE,"SALMONIDAE","","PROSOPIUM",FALSE,FALSE,"NATIVE","3","","III","B","IV","cold","",FALSE,"yes","LBR_Fish_BCG_v1"
"BREck2014","PROSOPIUM WILLIAMSONI",1,"LowerBoise_Fish_Taxa_Translator_20260508.csv","LowerBoise_Fish_Attributes_20260514.csv",TRUE,13203760,2014,260,"Main_Eckert",5,"5","MOUNTAIN WHITEFISH",TRUE,9,TRUE,"SALMONIDAE","","PROSOPIUM",FALSE,FALSE,"NATIVE","3","","III","B","IV","cold","",FALSE,"yes","LBR_Fish_BCG_v1"
"BREck2014","PROSOPIUM WILLIAMSONI",4,"LowerBoise_Fish_Taxa_Translator_20260508.csv","LowerBoise_Fish_Attributes_20260514.csv",TRUE,13203760,2014,155,"Main_Eckert",2,"2","MOUNTAIN WHITEFISH",TRUE,9,TRUE,"SALMONIDAE","","PROSOPIUM",FALSE,FALSE,"NATIVE","3","","III","B","IV","cold","",FALSE,"yes","LBR_Fish_BCG_v1"
"BREck2014","PROSOPIUM WILLIAMSONI",4,"LowerBoise_Fish_Taxa_Translator_20260508.csv","LowerBoise_Fish_Attributes_20260514.csv",TRUE,13203760,2014,160,"Main_Eckert",2,"2","MOUNTAIN WHITEFISH",TRUE,9,TRUE,"SALMONIDAE","","PROSOPIUM",FALSE,FALSE,"NATIVE","3","","III","B","IV","cold","",FALSE,"yes","LBR_Fish_BCG_v1"
"BREck2014","PROSOPIUM WILLIAMSONI",1,"LowerBoise_Fish_Taxa_Translator_20260508.csv","LowerBoise_Fish_Attributes_20260514.csv",TRUE,13203760,2014,165,"Main_Eckert",2,"2","MOUNTAIN WHITEFISH",TRUE,9,TRUE,"SALMONIDAE","","PROSOPIUM",FALSE,FALSE,"NATIVE","3","","III","B","IV","cold","",FALSE,"yes","LBR_Fish_BCG_v1"
"BREck2014","PROSOPIUM WILLIAMSONI",6,"LowerBoise_Fish_Taxa_Translator_20260508.csv","LowerBoise_Fish_Attributes_20260514.csv",TRUE,13203760,2014,170,"Main_Eckert",2,"2","MOUNTAIN WHITEFISH",TRUE,9,TRUE,"SALMONIDAE","","PROSOPIUM",FALSE,FALSE,"NATIVE","3","","III","B","IV","cold","",FALSE,"yes","LBR_Fish_BCG_v1"
"BREck2014","PROSOPIUM WILLIAMSONI",3,"LowerBoise_Fish_Taxa_Translator_20260508.csv","LowerBoise_Fish_Attributes_20260514.csv",TRUE,13203760,2014,180,"Main_Eckert",3,"3","MOUNTAIN WHITEFISH",TRUE,9,TRUE,"SALMONIDAE","","PROSOPIUM",FALSE,FALSE,"NATIVE","3","","III","B","IV","cold","",FALSE,"yes","LBR_Fish_BCG_v1"
"BREck2014","PROSOPIUM WILLIAMSONI",4,"LowerBoise_Fish_Taxa_Translator_20260508.csv","LowerBoise_Fish_Attributes_20260514.csv",TRUE,13203760,2014,435,"Main_Eckert",9,">8","MOUNTAIN WHITEFISH",TRUE,9,TRUE,"SALMONIDAE","","PROSOPIUM",FALSE,FALSE,"NATIVE","3","","III","B","IV","cold","",FALSE,"yes","LBR_Fish_BCG_v1"
"BREck2014","PROSOPIUM WILLIAMSONI",4,"LowerBoise_Fish_Taxa_Translator_20260508.csv","LowerBoise_Fish_Attributes_20260514.csv",TRUE,13203760,2014,440,"Main_Eckert",9,">8","MOUNTAIN WHITEFISH",TRUE,9,TRUE,"SALMONIDAE","","PROSOPIUM",FALSE,FALSE,"NATIVE","3","","III","B","IV","cold","",FALSE,"yes","LBR_Fish_BCG_v1"
"BREck2014","PROSOPIUM WILLIAMSONI",70,"LowerBoise_Fish_Taxa_Translator_20260508.csv","LowerBoise_Fish_Attributes_20260514.csv",TRUE,13203760,2014,0,"Main_Eckert",1,"1","MOUNTAIN WHITEFISH",TRUE,9,TRUE,"SALMONIDAE","","PROSOPIUM",FALSE,FALSE,"NATIVE","3","","III","B","IV","cold","",FALSE,"yes","LBR_Fish_BCG_v1"
"BREck2014","PROSOPIUM WILLIAMSONI",1,"LowerBoise_Fish_Taxa_Translator_20260508.csv","LowerBoise_Fish_Attributes_20260514.csv",TRUE,13203760,2014,85,"Main_Eckert",1,"1","MOUNTAIN WHITEFISH",TRUE,9,TRUE,"SALMONIDAE","","PROSOPIUM",FALSE,FALSE,"NATIVE","3","","III","B","IV","cold","",FALSE,"yes","LBR_Fish_BCG_v1"
"BREck2014","PROSOPIUM WILLIAMSONI",1,"LowerBoise_Fish_Taxa_Translator_20260508.csv","LowerBoise_Fish_Attributes_20260514.csv",TRUE,13203760,2014,415,"Main_Eckert",9,">8","MOUNTAIN WHITEFISH",TRUE,9,TRUE,"SALMONIDAE","","PROSOPIUM",FALSE,FALSE,"NATIVE","3","","III","B","IV","cold","",FALSE,"yes","LBR_Fish_BCG_v1"
"BREck2014","PROSOPIUM WILLIAMSONI",1,"LowerBoise_Fish_Taxa_Translator_20260508.csv","LowerBoise_Fish_Attributes_20260514.csv",TRUE,13203760,2014,185,"Main_Eckert",3,"3","MOUNTAIN WHITEFISH",TRUE,9,TRUE,"SALMONIDAE","","PROSOPIUM",FALSE,FALSE,"NATIVE","3","","III","B","IV","cold","",FALSE,"yes","LBR_Fish_BCG_v1"
"BREck2014","PROSOPIUM WILLIAMSONI",1,"LowerBoise_Fish_Taxa_Translator_20260508.csv","LowerBoise_Fish_Attributes_20260514.csv",TRUE,13203760,2014,215,"Main_Eckert",3,"3","MOUNTAIN WHITEFISH",TRUE,9,TRUE,"SALMONIDAE","","PROSOPIUM",FALSE,FALSE,"NATIVE","3","","III","B","IV","cold","",FALSE,"yes","LBR_Fish_BCG_v1"
"BREck2014","PROSOPIUM WILLIAMSONI",1,"LowerBoise_Fish_Taxa_Translator_20260508.csv","LowerBoise_Fish_Attributes_20260514.csv",TRUE,13203760,2014,245,"Main_Eckert",4,"4","MOUNTAIN WHITEFISH",TRUE,9,TRUE,"SALMONIDAE","","PROSOPIUM",FALSE,FALSE,"NATIVE","3","","III","B","IV","cold","",FALSE,"yes","LBR_Fish_BCG_v1"
"BREck2014","PROSOPIUM WILLIAMSONI",1,"LowerBoise_Fish_Taxa_Translator_20260508.csv","LowerBoise_Fish_Attributes_20260514.csv",TRUE,13203760,2014,250,"Main_Eckert",4,"4","MOUNTAIN WHITEFISH",TRUE,9,TRUE,"SALMONIDAE","","PROSOPIUM",FALSE,FALSE,"NATIVE","3","","III","B","IV","cold","",FALSE,"yes","LBR_Fish_BCG_v1"
"BREck2014","PROSOPIUM WILLIAMSONI",2,"LowerBoise_Fish_Taxa_Translator_20260508.csv","LowerBoise_Fish_Attributes_20260514.csv",TRUE,13203760,2014,305,"Main_Eckert",6,"6","MOUNTAIN WHITEFISH",TRUE,9,TRUE,"SALMONIDAE","","PROSOPIUM",FALSE,FALSE,"NATIVE","3","","III","B","IV","cold","",FALSE,"yes","LBR_Fish_BCG_v1"
"BREck2014","PROSOPIUM WILLIAMSONI",1,"LowerBoise_Fish_Taxa_Translator_20260508.csv","LowerBoise_Fish_Attributes_20260514.csv",TRUE,13203760,2014,310,"Main_Eckert",6,"6","MOUNTAIN WHITEFISH",TRUE,9,TRUE,"SALMONIDAE","","PROSOPIUM",FALSE,FALSE,"NATIVE","3","","III","B","IV","cold","",FALSE,"yes","LBR_Fish_BCG_v1"
"BREck2014","PROSOPIUM WILLIAMSONI",1,"LowerBoise_Fish_Taxa_Translator_20260508.csv","LowerBoise_Fish_Attributes_20260514.csv",TRUE,13203760,2014,315,"Main_Eckert",6,"6","MOUNTAIN WHITEFISH",TRUE,9,TRUE,"SALMONIDAE","","PROSOPIUM",FALSE,FALSE,"NATIVE","3","","III","B","IV","cold","",FALSE,"yes","LBR_Fish_BCG_v1"
"BREck2014","PROSOPIUM WILLIAMSONI",1,"LowerBoise_Fish_Taxa_Translator_20260508.csv","LowerBoise_Fish_Attributes_20260514.csv",TRUE,13203760,2014,320,"Main_Eckert",6,"6","MOUNTAIN WHITEFISH",TRUE,9,TRUE,"SALMONIDAE","","PROSOPIUM",FALSE,FALSE,"NATIVE","3","","III","B","IV","cold","",FALSE,"yes","LBR_Fish_BCG_v1"
"BREck2014","PROSOPIUM WILLIAMSONI",2,"LowerBoise_Fish_Taxa_Translator_20260508.csv","LowerBoise_Fish_Attributes_20260514.csv",TRUE,13203760,2014,330,"Main_Eckert",7,"7","MOUNTAIN WHITEFISH",TRUE,9,TRUE,"SALMONIDAE","","PROSOPIUM",FALSE,FALSE,"NATIVE","3","","III","B","IV","cold","",FALSE,"yes","LBR_Fish_BCG_v1"
"BREck2014","PROSOPIUM WILLIAMSONI",1,"LowerBoise_Fish_Taxa_Translator_20260508.csv","LowerBoise_Fish_Attributes_20260514.csv",TRUE,13203760,2014,355,"Main_Eckert",8,"8","MOUNTAIN WHITEFISH",TRUE,9,TRUE,"SALMONIDAE","","PROSOPIUM",FALSE,FALSE,"NATIVE","3","","III","B","IV","cold","",FALSE,"yes","LBR_Fish_BCG_v1"
"BREck2014","PROSOPIUM WILLIAMSONI",2,"LowerBoise_Fish_Taxa_Translator_20260508.csv","LowerBoise_Fish_Attributes_20260514.csv",TRUE,13203760,2014,365,"Main_Eckert",8,"8","MOUNTAIN WHITEFISH",TRUE,9,TRUE,"SALMONIDAE","","PROSOPIUM",FALSE,FALSE,"NATIVE","3","","III","B","IV","cold","",FALSE,"yes","LBR_Fish_BCG_v1"
"BREck2014","PROSOPIUM WILLIAMSONI",1,"LowerBoise_Fish_Taxa_Translator_20260508.csv","LowerBoise_Fish_Attributes_20260514.csv",TRUE,13203760,2014,375,"Main_Eckert",9,">8","MOUNTAIN WHITEFISH",TRUE,9,TRUE,"SALMONIDAE","","PROSOPIUM",FALSE,FALSE,"NATIVE","3","","III","B","IV","cold","",FALSE,"yes","LBR_Fish_BCG_v1"
"BREck2014","PROSOPIUM WILLIAMSONI",1,"LowerBoise_Fish_Taxa_Translator_20260508.csv","LowerBoise_Fish_Attributes_20260514.csv",TRUE,13203760,2014,385,"Main_Eckert",9,">8","MOUNTAIN WHITEFISH",TRUE,9,TRUE,"SALMONIDAE","","PROSOPIUM",FALSE,FALSE,"NATIVE","3","","III","B","IV","cold","",FALSE,"yes","LBR_Fish_BCG_v1"
"BREck2014","PROSOPIUM WILLIAMSONI",2,"LowerBoise_Fish_Taxa_Translator_20260508.csv","LowerBoise_Fish_Attributes_20260514.csv",TRUE,13203760,2014,405,"Main_Eckert",9,">8","MOUNTAIN WHITEFISH",TRUE,9,TRUE,"SALMONIDAE","","PROSOPIUM",FALSE,FALSE,"NATIVE","3","","III","B","IV","cold","",FALSE,"yes","LBR_Fish_BCG_v1"
"BREck2014","PROSOPIUM WILLIAMSONI",1,"LowerBoise_Fish_Taxa_Translator_20260508.csv","LowerBoise_Fish_Attributes_20260514.csv",TRUE,13203760,2014,410,"Main_Eckert",9,">8","MOUNTAIN WHITEFISH",TRUE,9,TRUE,"SALMONIDAE","","PROSOPIUM",FALSE,FALSE,"NATIVE","3","","III","B","IV","cold","",FALSE,"yes","LBR_Fish_BCG_v1"
"BREck2014","PROSOPIUM WILLIAMSONI",1,"LowerBoise_Fish_Taxa_Translator_20260508.csv","LowerBoise_Fish_Attributes_20260514.csv",TRUE,13203760,2014,425,"Main_Eckert",9,">8","MOUNTAIN WHITEFISH",TRUE,9,TRUE,"SALMONIDAE","","PROSOPIUM",FALSE,FALSE,"NATIVE","3","","III","B","IV","cold","",FALSE,"yes","LBR_Fish_BCG_v1"
"BREck2014","PROSOPIUM WILLIAMSONI",4,"LowerBoise_Fish_Taxa_Translator_20260508.csv","LowerBoise_Fish_Attributes_20260514.csv",TRUE,13203760,2014,430,"Main_Eckert",9,">8","MOUNTAIN WHITEFISH",TRUE,9,TRUE,"SALMONIDAE","","PROSOPIUM",FALSE,FALSE,"NATIVE","3","","III","B","IV","cold","",FALSE,"yes","LBR_Fish_BCG_v1"
"BREck2014","PROSOPIUM WILLIAMSONI",4,"LowerBoise_Fish_Taxa_Translator_20260508.csv","LowerBoise_Fish_Attributes_20260514.csv",TRUE,13203760,2014,270,"Main_Eckert",5,"5","MOUNTAIN WHITEFISH",TRUE,9,TRUE,"SALMONIDAE","","PROSOPIUM",FALSE,FALSE,"NATIVE","3","","III","B","IV","cold","",FALSE,"yes","LBR_Fish_BCG_v1"
"BREck2014","PROSOPIUM WILLIAMSONI",4,"LowerBoise_Fish_Taxa_Translator_20260508.csv","LowerBoise_Fish_Attributes_20260514.csv",TRUE,13203760,2014,275,"Main_Eckert",5,"5","MOUNTAIN WHITEFISH",TRUE,9,TRUE,"SALMONIDAE","","PROSOPIUM",FALSE,FALSE,"NATIVE","3","","III","B","IV","cold","",FALSE,"yes","LBR_Fish_BCG_v1"
"BREck2014","PROSOPIUM WILLIAMSONI",4,"LowerBoise_Fish_Taxa_Translator_20260508.csv","LowerBoise_Fish_Attributes_20260514.csv",TRUE,13203760,2014,280,"Main_Eckert",5,"5","MOUNTAIN WHITEFISH",TRUE,9,TRUE,"SALMONIDAE","","PROSOPIUM",FALSE,FALSE,"NATIVE","3","","III","B","IV","cold","",FALSE,"yes","LBR_Fish_BCG_v1"
"BREck2014","PROSOPIUM WILLIAMSONI",3,"LowerBoise_Fish_Taxa_Translator_20260508.csv","LowerBoise_Fish_Attributes_20260514.csv",TRUE,13203760,2014,285,"Main_Eckert",5,"5","MOUNTAIN WHITEFISH",TRUE,9,TRUE,"SALMONIDAE","","PROSOPIUM",FALSE,FALSE,"NATIVE","3","","III","B","IV","cold","",FALSE,"yes","LBR_Fish_BCG_v1"
"BREck2014","PROSOPIUM WILLIAMSONI",3,"LowerBoise_Fish_Taxa_Translator_20260508.csv","LowerBoise_Fish_Attributes_20260514.csv",TRUE,13203760,2014,295,"Main_Eckert",6,"6","MOUNTAIN WHITEFISH",TRUE,9,TRUE,"SALMONIDAE","","PROSOPIUM",FALSE,FALSE,"NATIVE","3","","III","B","IV","cold","",FALSE,"yes","LBR_Fish_BCG_v1"
"BREck2014","PROSOPIUM WILLIAMSONI",2,"LowerBoise_Fish_Taxa_Translator_20260508.csv","LowerBoise_Fish_Attributes_20260514.csv",TRUE,13203760,2014,300,"Main_Eckert",6,"6","MOUNTAIN WHITEFISH",TRUE,9,TRUE,"SALMONIDAE","","PROSOPIUM",FALSE,FALSE,"NATIVE","3","","III","B","IV","cold","",FALSE,"yes","LBR_Fish_BCG_v1"
"BREck2014","PROSOPIUM WILLIAMSONI",5,"LowerBoise_Fish_Taxa_Translator_20260508.csv","LowerBoise_Fish_Attributes_20260514.csv",TRUE,13203760,2014,265,"Main_Eckert",5,"5","MOUNTAIN WHITEFISH",TRUE,9,TRUE,"SALMONIDAE","","PROSOPIUM",FALSE,FALSE,"NATIVE","3","","III","B","IV","cold","",FALSE,"yes","LBR_Fish_BCG_v1"
"BREck2014","PTYCHOCHEILUS OREGONENSIS",1,"LowerBoise_Fish_Taxa_Translator_20260508.csv","LowerBoise_Fish_Attributes_20260514.csv",TRUE,13203760,2014,455,"Main_Eckert",7,"7","NORTHERN PIKEMINNOW",TRUE,11,TRUE,"LEUCISCIDAE","CYPRINIDAE","PTYCHOCHEILUS",FALSE,FALSE,"NATIVE","4","4_middle","IV_middle","W","IV,TC","cool","",FALSE,"yes","LBR_Fish_BCG_v1"
"BREck2014","PTYCHOCHEILUS OREGONENSIS",1,"LowerBoise_Fish_Taxa_Translator_20260508.csv","LowerBoise_Fish_Attributes_20260514.csv",TRUE,13203760,2014,505,"Main_Eckert",8,"8","NORTHERN PIKEMINNOW",TRUE,11,TRUE,"LEUCISCIDAE","CYPRINIDAE","PTYCHOCHEILUS",FALSE,FALSE,"NATIVE","4","4_middle","IV_middle","W","IV,TC","cool","",FALSE,"yes","LBR_Fish_BCG_v1"
"BREck2014","PTYCHOCHEILUS OREGONENSIS",1,"LowerBoise_Fish_Taxa_Translator_20260508.csv","LowerBoise_Fish_Attributes_20260514.csv",TRUE,13203760,2014,520,"Main_Eckert",9,"9","NORTHERN PIKEMINNOW",TRUE,11,TRUE,"LEUCISCIDAE","CYPRINIDAE","PTYCHOCHEILUS",FALSE,FALSE,"NATIVE","4","4_middle","IV_middle","W","IV,TC","cool","",FALSE,"yes","LBR_Fish_BCG_v1"
"BREck2014","PTYCHOCHEILUS OREGONENSIS",1,"LowerBoise_Fish_Taxa_Translator_20260508.csv","LowerBoise_Fish_Attributes_20260514.csv",TRUE,13203760,2014,445,"Main_Eckert",7,"7","NORTHERN PIKEMINNOW",TRUE,11,TRUE,"LEUCISCIDAE","CYPRINIDAE","PTYCHOCHEILUS",FALSE,FALSE,"NATIVE","4","4_middle","IV_middle","W","IV,TC","cool","",FALSE,"yes","LBR_Fish_BCG_v1"
"BREck2014","PTYCHOCHEILUS OREGONENSIS",1,"LowerBoise_Fish_Taxa_Translator_20260508.csv","LowerBoise_Fish_Attributes_20260514.csv",TRUE,13203760,2014,465,"Main_Eckert",8,"8","NORTHERN PIKEMINNOW",TRUE,11,TRUE,"LEUCISCIDAE","CYPRINIDAE","PTYCHOCHEILUS",FALSE,FALSE,"NATIVE","4","4_middle","IV_middle","W","IV,TC","cool","",FALSE,"yes","LBR_Fish_BCG_v1"
"BREck2014","RHINICHTHYS FALCATUS",2,"LowerBoise_Fish_Taxa_Translator_20260508.csv","LowerBoise_Fish_Attributes_20260514.csv",TRUE,13203760,2014,0,"Main_Eckert",NA,NA,"LEOPARD DACE",FALSE,NA,TRUE,"LEUCISCIDAE","CYPRINIDAE","RHINICHTHYS",FALSE,FALSE,"NATIVE","4","4_better","IV_better","B","IV","cool","LITHOPHIL",FALSE,"yes","LBR_Fish_BCG_v1"
"BREck2014","SALMO TRUTTA",1,"LowerBoise_Fish_Taxa_Translator_20260508.csv","LowerBoise_Fish_Attributes_20260514.csv",TRUE,13203760,2014,260,"Main_Eckert",5,"5","BROWN TROUT",TRUE,6,TRUE,"SALMONIDAE","","SALMO",FALSE,FALSE,"NON_NATIVE","6m","","VI m","W","IV,TC","cold","LITHOPHIL",FALSE,"yes","LBR_Fish_BCG_v1"
"BREck2014","SALMO TRUTTA",2,"LowerBoise_Fish_Taxa_Translator_20260508.csv","LowerBoise_Fish_Attributes_20260514.csv",TRUE,13203760,2014,185,"Main_Eckert",3,"3","BROWN TROUT",TRUE,6,TRUE,"SALMONIDAE","","SALMO",FALSE,FALSE,"NON_NATIVE","6m","","VI m","W","IV,TC","cold","LITHOPHIL",FALSE,"yes","LBR_Fish_BCG_v1"
"BREck2014","SALMO TRUTTA",1,"LowerBoise_Fish_Taxa_Translator_20260508.csv","LowerBoise_Fish_Attributes_20260514.csv",TRUE,13203760,2014,184,"Main_Eckert",3,"3","BROWN TROUT",TRUE,6,TRUE,"SALMONIDAE","","SALMO",FALSE,FALSE,"NON_NATIVE","6m","","VI m","W","IV,TC","cold","LITHOPHIL",FALSE,"yes","LBR_Fish_BCG_v1"
"BREck2014","SALMO TRUTTA",1,"LowerBoise_Fish_Taxa_Translator_20260508.csv","LowerBoise_Fish_Attributes_20260514.csv",TRUE,13203760,2014,175,"Main_Eckert",3,"3","BROWN TROUT",TRUE,6,TRUE,"SALMONIDAE","","SALMO",FALSE,FALSE,"NON_NATIVE","6m","","VI m","W","IV,TC","cold","LITHOPHIL",FALSE,"yes","LBR_Fish_BCG_v1"
"BREck2014","SALMO TRUTTA",1,"LowerBoise_Fish_Taxa_Translator_20260508.csv","LowerBoise_Fish_Attributes_20260514.csv",TRUE,13203760,2014,180,"Main_Eckert",3,"3","BROWN TROUT",TRUE,6,TRUE,"SALMONIDAE","","SALMO",FALSE,FALSE,"NON_NATIVE","6m","","VI m","W","IV,TC","cold","LITHOPHIL",FALSE,"yes","LBR_Fish_BCG_v1"
"BRGlen2005","CATOSTOMUS COLUMBIANUS",1,"LowerBoise_Fish_Taxa_Translator_20260508.csv","LowerBoise_Fish_Attributes_20260514.csv",TRUE,13206000,2005,570,"Main_VetGlen",10,">9","BRIDGELIP SUCKER",TRUE,10,TRUE,"CATOSTOMIDAE","","CATOSTOMUS",FALSE,FALSE,"NATIVE","4","4_middle","IV_middle","B","HB","cool","",FALSE,"yes","LBR_Fish_BCG_v1"
"BRGlen2005","CATOSTOMUS COLUMBIANUS X CATOSTOMUS MACROCHEILUS",1,"LowerBoise_Fish_Taxa_Translator_20260508.csv","LowerBoise_Fish_Attributes_20260514.csv",TRUE,13206000,2005,530,"Main_VetGlen",NA,NA,"BRIDGELIP X LARGESCALE SUCKER",FALSE,NA,TRUE,"CATOSTOMIDAE","","CATOSTOMUS",TRUE,FALSE,"NATIVE","4","4_middle","IV_middle","B","","cool","",FALSE,"yes","LBR_Fish_BCG_v1"
"BRGlen2005","CATOSTOMUS MACROCHEILUS",1,"LowerBoise_Fish_Taxa_Translator_20260508.csv","LowerBoise_Fish_Attributes_20260514.csv",TRUE,13206000,2005,610,"Main_VetGlen",8,">7","LARGESCALE SUCKER",TRUE,8,TRUE,"CATOSTOMIDAE","","CATOSTOMUS",FALSE,FALSE,"NATIVE","4","4_middle","IV_middle","B","OM","cool","",FALSE,"yes","LBR_Fish_BCG_v1"
"BRGlen2005","CATOSTOMUS MACROCHEILUS",1,"LowerBoise_Fish_Taxa_Translator_20260508.csv","LowerBoise_Fish_Attributes_20260514.csv",TRUE,13206000,2005,620,"Main_VetGlen",8,">7","LARGESCALE SUCKER",TRUE,8,TRUE,"CATOSTOMIDAE","","CATOSTOMUS",FALSE,FALSE,"NATIVE","4","4_middle","IV_middle","B","OM","cool","",FALSE,"yes","LBR_Fish_BCG_v1"
"BRGlen2005","CATOSTOMUS MACROCHEILUS",3,"LowerBoise_Fish_Taxa_Translator_20260508.csv","LowerBoise_Fish_Attributes_20260514.csv",TRUE,13206000,2005,480,"Main_VetGlen",8,">7","LARGESCALE SUCKER",TRUE,8,TRUE,"CATOSTOMIDAE","","CATOSTOMUS",FALSE,FALSE,"NATIVE","4","4_middle","IV_middle","B","OM","cool","",FALSE,"yes","LBR_Fish_BCG_v1"
"BRGlen2005","CATOSTOMUS MACROCHEILUS",1,"LowerBoise_Fish_Taxa_Translator_20260508.csv","LowerBoise_Fish_Attributes_20260514.csv",TRUE,13206000,2005,485,"Main_VetGlen",8,">7","LARGESCALE SUCKER",TRUE,8,TRUE,"CATOSTOMIDAE","","CATOSTOMUS",FALSE,FALSE,"NATIVE","4","4_middle","IV_middle","B","OM","cool","",FALSE,"yes","LBR_Fish_BCG_v1"
"BRGlen2005","CATOSTOMUS MACROCHEILUS",3,"LowerBoise_Fish_Taxa_Translator_20260508.csv","LowerBoise_Fish_Attributes_20260514.csv",TRUE,13206000,2005,495,"Main_VetGlen",8,">7","LARGESCALE SUCKER",TRUE,8,TRUE,"CATOSTOMIDAE","","CATOSTOMUS",FALSE,FALSE,"NATIVE","4","4_middle","IV_middle","B","OM","cool","",FALSE,"yes","LBR_Fish_BCG_v1"
"BRGlen2005","CATOSTOMUS MACROCHEILUS",1,"LowerBoise_Fish_Taxa_Translator_20260508.csv","LowerBoise_Fish_Attributes_20260514.csv",TRUE,13206000,2005,500,"Main_VetGlen",8,">7","LARGESCALE SUCKER",TRUE,8,TRUE,"CATOSTOMIDAE","","CATOSTOMUS",FALSE,FALSE,"NATIVE","4","4_middle","IV_middle","B","OM","cool","",FALSE,"yes","LBR_Fish_BCG_v1"
"BRGlen2005","CATOSTOMUS MACROCHEILUS",1,"LowerBoise_Fish_Taxa_Translator_20260508.csv","LowerBoise_Fish_Attributes_20260514.csv",TRUE,13206000,2005,505,"Main_VetGlen",8,">7","LARGESCALE SUCKER",TRUE,8,TRUE,"CATOSTOMIDAE","","CATOSTOMUS",FALSE,FALSE,"NATIVE","4","4_middle","IV_middle","B","OM","cool","",FALSE,"yes","LBR_Fish_BCG_v1"
"BRGlen2005","CATOSTOMUS MACROCHEILUS",1,"LowerBoise_Fish_Taxa_Translator_20260508.csv","LowerBoise_Fish_Attributes_20260514.csv",TRUE,13206000,2005,450,"Main_VetGlen",8,">7","LARGESCALE SUCKER",TRUE,8,TRUE,"CATOSTOMIDAE","","CATOSTOMUS",FALSE,FALSE,"NATIVE","4","4_middle","IV_middle","B","OM","cool","",FALSE,"yes","LBR_Fish_BCG_v1"
"BRGlen2005","CATOSTOMUS MACROCHEILUS",2,"LowerBoise_Fish_Taxa_Translator_20260508.csv","LowerBoise_Fish_Attributes_20260514.csv",TRUE,13206000,2005,580,"Main_VetGlen",8,">7","LARGESCALE SUCKER",TRUE,8,TRUE,"CATOSTOMIDAE","","CATOSTOMUS",FALSE,FALSE,"NATIVE","4","4_middle","IV_middle","B","OM","cool","",FALSE,"yes","LBR_Fish_BCG_v1"
"BRGlen2005","CATOSTOMUS MACROCHEILUS",1,"LowerBoise_Fish_Taxa_Translator_20260508.csv","LowerBoise_Fish_Attributes_20260514.csv",TRUE,13206000,2005,590,"Main_VetGlen",8,">7","LARGESCALE SUCKER",TRUE,8,TRUE,"CATOSTOMIDAE","","CATOSTOMUS",FALSE,FALSE,"NATIVE","4","4_middle","IV_middle","B","OM","cool","",FALSE,"yes","LBR_Fish_BCG_v1"
"BRGlen2005","CATOSTOMUS MACROCHEILUS",1,"LowerBoise_Fish_Taxa_Translator_20260508.csv","LowerBoise_Fish_Attributes_20260514.csv",TRUE,13206000,2005,595,"Main_VetGlen",8,">7","LARGESCALE SUCKER",TRUE,8,TRUE,"CATOSTOMIDAE","","CATOSTOMUS",FALSE,FALSE,"NATIVE","4","4_middle","IV_middle","B","OM","cool","",FALSE,"yes","LBR_Fish_BCG_v1"
"BRGlen2005","CATOSTOMUS MACROCHEILUS",2,"LowerBoise_Fish_Taxa_Translator_20260508.csv","LowerBoise_Fish_Attributes_20260514.csv",TRUE,13206000,2005,600,"Main_VetGlen",8,">7","LARGESCALE SUCKER",TRUE,8,TRUE,"CATOSTOMIDAE","","CATOSTOMUS",FALSE,FALSE,"NATIVE","4","4_middle","IV_middle","B","OM","cool","",FALSE,"yes","LBR_Fish_BCG_v1"
"BRGlen2005","CATOSTOMUS MACROCHEILUS",3,"LowerBoise_Fish_Taxa_Translator_20260508.csv","LowerBoise_Fish_Attributes_20260514.csv",TRUE,13206000,2005,510,"Main_VetGlen",8,">7","LARGESCALE SUCKER",TRUE,8,TRUE,"CATOSTOMIDAE","","CATOSTOMUS",FALSE,FALSE,"NATIVE","4","4_middle","IV_middle","B","OM","cool","",FALSE,"yes","LBR_Fish_BCG_v1"
"BRGlen2005","CATOSTOMUS MACROCHEILUS",3,"LowerBoise_Fish_Taxa_Translator_20260508.csv","LowerBoise_Fish_Attributes_20260514.csv",TRUE,13206000,2005,525,"Main_VetGlen",8,">7","LARGESCALE SUCKER",TRUE,8,TRUE,"CATOSTOMIDAE","","CATOSTOMUS",FALSE,FALSE,"NATIVE","4","4_middle","IV_middle","B","OM","cool","",FALSE,"yes","LBR_Fish_BCG_v1"
"BRGlen2005","CATOSTOMUS MACROCHEILUS",3,"LowerBoise_Fish_Taxa_Translator_20260508.csv","LowerBoise_Fish_Attributes_20260514.csv",TRUE,13206000,2005,530,"Main_VetGlen",8,">7","LARGESCALE SUCKER",TRUE,8,TRUE,"CATOSTOMIDAE","","CATOSTOMUS",FALSE,FALSE,"NATIVE","4","4_middle","IV_middle","B","OM","cool","",FALSE,"yes","LBR_Fish_BCG_v1"
"BRGlen2005","CATOSTOMUS MACROCHEILUS",2,"LowerBoise_Fish_Taxa_Translator_20260508.csv","LowerBoise_Fish_Attributes_20260514.csv",TRUE,13206000,2005,540,"Main_VetGlen",8,">7","LARGESCALE SUCKER",TRUE,8,TRUE,"CATOSTOMIDAE","","CATOSTOMUS",FALSE,FALSE,"NATIVE","4","4_middle","IV_middle","B","OM","cool","",FALSE,"yes","LBR_Fish_BCG_v1"
"BRGlen2005","CATOSTOMUS MACROCHEILUS",3,"LowerBoise_Fish_Taxa_Translator_20260508.csv","LowerBoise_Fish_Attributes_20260514.csv",TRUE,13206000,2005,550,"Main_VetGlen",8,">7","LARGESCALE SUCKER",TRUE,8,TRUE,"CATOSTOMIDAE","","CATOSTOMUS",FALSE,FALSE,"NATIVE","4","4_middle","IV_middle","B","OM","cool","",FALSE,"yes","LBR_Fish_BCG_v1"
"BRGlen2005","CATOSTOMUS MACROCHEILUS",7,"LowerBoise_Fish_Taxa_Translator_20260508.csv","LowerBoise_Fish_Attributes_20260514.csv",TRUE,13206000,2005,570,"Main_VetGlen",8,">7","LARGESCALE SUCKER",TRUE,8,TRUE,"CATOSTOMIDAE","","CATOSTOMUS",FALSE,FALSE,"NATIVE","4","4_middle","IV_middle","B","OM","cool","",FALSE,"yes","LBR_Fish_BCG_v1"
"BRGlen2005","CATOSTOMUS MACROCHEILUS",1,"LowerBoise_Fish_Taxa_Translator_20260508.csv","LowerBoise_Fish_Attributes_20260514.csv",TRUE,13206000,2005,575,"Main_VetGlen",8,">7","LARGESCALE SUCKER",TRUE,8,TRUE,"CATOSTOMIDAE","","CATOSTOMUS",FALSE,FALSE,"NATIVE","4","4_middle","IV_middle","B","OM","cool","",FALSE,"yes","LBR_Fish_BCG_v1"
"BRGlen2005","CATOSTOMUS MACROCHEILUS",1,"LowerBoise_Fish_Taxa_Translator_20260508.csv","LowerBoise_Fish_Attributes_20260514.csv",TRUE,13206000,2005,460,"Main_VetGlen",8,">7","LARGESCALE SUCKER",TRUE,8,TRUE,"CATOSTOMIDAE","","CATOSTOMUS",FALSE,FALSE,"NATIVE","4","4_middle","IV_middle","B","OM","cool","",FALSE,"yes","LBR_Fish_BCG_v1"
"BRGlen2005","COTTUS HUBBSI",1,"LowerBoise_Fish_Taxa_Translator_20260508.csv","LowerBoise_Fish_Attributes_20260514.csv",TRUE,13206000,2005,85,"Main_VetGlen",3,"3","COLUMBIA SCULPIN",TRUE,6,TRUE,"COTTIDAE","","COTTUS",FALSE,FALSE,"NATIVE","4","4_better","IV_better","B","IV","cool","LITHOPHIL",FALSE,"yes","LBR_Fish_BCG_v1"
"BRGlen2005","ONCORHYNCHUS CLARKII X ONCORHYNCHUS MYKISS",1,"LowerBoise_Fish_Taxa_Translator_20260508.csv","LowerBoise_Fish_Attributes_20260514.csv",TRUE,13206000,2005,285,"Main_VetGlen",NA,NA,"CUTTHROAT TROUT X RAINBOW TROUT",FALSE,NA,FALSE,"SALMONIDAE","","ONCORHYNCHUS",TRUE,FALSE,"NATIVE","3","","III","W","IV,TC","cold","LITHOPHIL",FALSE,"","LBR_Fish_BCG_v1"
"BRGlen2005","ONCORHYNCHUS CLARKII X ONCORHYNCHUS MYKISS",2,"LowerBoise_Fish_Taxa_Translator_20260508.csv","LowerBoise_Fish_Attributes_20260514.csv",TRUE,13206000,2005,290,"Main_VetGlen",NA,NA,"CUTTHROAT TROUT X RAINBOW TROUT",FALSE,NA,FALSE,"SALMONIDAE","","ONCORHYNCHUS",TRUE,FALSE,"NATIVE","3","","III","W","IV,TC","cold","LITHOPHIL",FALSE,"","LBR_Fish_BCG_v1"
"BRGlen2005","ONCORHYNCHUS CLARKII X ONCORHYNCHUS MYKISS",1,"LowerBoise_Fish_Taxa_Translator_20260508.csv","LowerBoise_Fish_Attributes_20260514.csv",TRUE,13206000,2005,275,"Main_VetGlen",NA,NA,"CUTTHROAT TROUT X RAINBOW TROUT",FALSE,NA,FALSE,"SALMONIDAE","","ONCORHYNCHUS",TRUE,FALSE,"NATIVE","3","","III","W","IV,TC","cold","LITHOPHIL",FALSE,"","LBR_Fish_BCG_v1"
"BRGlen2005","ONCORHYNCHUS CLARKII X ONCORHYNCHUS MYKISS",1,"LowerBoise_Fish_Taxa_Translator_20260508.csv","LowerBoise_Fish_Attributes_20260514.csv",TRUE,13206000,2005,235,"Main_VetGlen",NA,NA,"CUTTHROAT TROUT X RAINBOW TROUT",FALSE,NA,FALSE,"SALMONIDAE","","ONCORHYNCHUS",TRUE,FALSE,"NATIVE","3","","III","W","IV,TC","cold","LITHOPHIL",FALSE,"","LBR_Fish_BCG_v1"
"BRGlen2005","ONCORHYNCHUS CLARKII X ONCORHYNCHUS MYKISS",1,"LowerBoise_Fish_Taxa_Translator_20260508.csv","LowerBoise_Fish_Attributes_20260514.csv",TRUE,13206000,2005,500,"Main_VetGlen",NA,NA,"CUTTHROAT TROUT X RAINBOW TROUT",FALSE,NA,FALSE,"SALMONIDAE","","ONCORHYNCHUS",TRUE,FALSE,"NATIVE","3","","III","W","IV,TC","cold","LITHOPHIL",FALSE,"","LBR_Fish_BCG_v1"
"BRGlen2005","ONCORHYNCHUS CLARKII X ONCORHYNCHUS MYKISS",1,"LowerBoise_Fish_Taxa_Translator_20260508.csv","LowerBoise_Fish_Attributes_20260514.csv",TRUE,13206000,2005,330,"Main_VetGlen",NA,NA,"CUTTHROAT TROUT X RAINBOW TROUT",FALSE,NA,FALSE,"SALMONIDAE","","ONCORHYNCHUS",TRUE,FALSE,"NATIVE","3","","III","W","IV,TC","cold","LITHOPHIL",FALSE,"","LBR_Fish_BCG_v1"
"BRGlen2005","ONCORHYNCHUS CLARKII X ONCORHYNCHUS MYKISS",1,"LowerBoise_Fish_Taxa_Translator_20260508.csv","LowerBoise_Fish_Attributes_20260514.csv",TRUE,13206000,2005,320,"Main_VetGlen",NA,NA,"CUTTHROAT TROUT X RAINBOW TROUT",FALSE,NA,FALSE,"SALMONIDAE","","ONCORHYNCHUS",TRUE,FALSE,"NATIVE","3","","III","W","IV,TC","cold","LITHOPHIL",FALSE,"","LBR_Fish_BCG_v1"
"BRGlen2005","ONCORHYNCHUS CLARKII X ONCORHYNCHUS MYKISS",2,"LowerBoise_Fish_Taxa_Translator_20260508.csv","LowerBoise_Fish_Attributes_20260514.csv",TRUE,13206000,2005,260,"Main_VetGlen",NA,NA,"CUTTHROAT TROUT X RAINBOW TROUT",FALSE,NA,FALSE,"SALMONIDAE","","ONCORHYNCHUS",TRUE,FALSE,"NATIVE","3","","III","W","IV,TC","cold","LITHOPHIL",FALSE,"","LBR_Fish_BCG_v1"
"BRGlen2005","ONCORHYNCHUS CLARKII X ONCORHYNCHUS MYKISS",1,"LowerBoise_Fish_Taxa_Translator_20260508.csv","LowerBoise_Fish_Attributes_20260514.csv",TRUE,13206000,2005,340,"Main_VetGlen",NA,NA,"CUTTHROAT TROUT X RAINBOW TROUT",FALSE,NA,FALSE,"SALMONIDAE","","ONCORHYNCHUS",TRUE,FALSE,"NATIVE","3","","III","W","IV,TC","cold","LITHOPHIL",FALSE,"","LBR_Fish_BCG_v1"
"BRGlen2005","ONCORHYNCHUS CLARKII X ONCORHYNCHUS MYKISS",1,"LowerBoise_Fish_Taxa_Translator_20260508.csv","LowerBoise_Fish_Attributes_20260514.csv",TRUE,13206000,2005,325,"Main_VetGlen",NA,NA,"CUTTHROAT TROUT X RAINBOW TROUT",FALSE,NA,FALSE,"SALMONIDAE","","ONCORHYNCHUS",TRUE,FALSE,"NATIVE","3","","III","W","IV,TC","cold","LITHOPHIL",FALSE,"","LBR_Fish_BCG_v1"
"BRGlen2005","ONCORHYNCHUS CLARKII X ONCORHYNCHUS MYKISS",1,"LowerBoise_Fish_Taxa_Translator_20260508.csv","LowerBoise_Fish_Attributes_20260514.csv",TRUE,13206000,2005,520,"Main_VetGlen",NA,NA,"CUTTHROAT TROUT X RAINBOW TROUT",FALSE,NA,FALSE,"SALMONIDAE","","ONCORHYNCHUS",TRUE,FALSE,"NATIVE","3","","III","W","IV,TC","cold","LITHOPHIL",FALSE,"","LBR_Fish_BCG_v1"
"BRGlen2005","ONCORHYNCHUS CLARKII X ONCORHYNCHUS MYKISS",2,"LowerBoise_Fish_Taxa_Translator_20260508.csv","LowerBoise_Fish_Attributes_20260514.csv",TRUE,13206000,2005,510,"Main_VetGlen",NA,NA,"CUTTHROAT TROUT X RAINBOW TROUT",FALSE,NA,FALSE,"SALMONIDAE","","ONCORHYNCHUS",TRUE,FALSE,"NATIVE","3","","III","W","IV,TC","cold","LITHOPHIL",FALSE,"","LBR_Fish_BCG_v1"
"BRGlen2005","ONCORHYNCHUS MYKISS",1,"LowerBoise_Fish_Taxa_Translator_20260508.csv","LowerBoise_Fish_Attributes_20260514.csv",TRUE,13206000,2005,415,"Main_VetGlen",6,">5","RAINBOW TROUT",TRUE,6,TRUE,"SALMONIDAE","","ONCORHYNCHUS",FALSE,FALSE,"NATIVE","3","","III","W","IV,TC","cold","LITHOPHIL",FALSE,"yes","LBR_Fish_BCG_v1"
"BRGlen2005","ONCORHYNCHUS MYKISS",1,"LowerBoise_Fish_Taxa_Translator_20260508.csv","LowerBoise_Fish_Attributes_20260514.csv",TRUE,13206000,2005,260,"Main_VetGlen",5,"5","RAINBOW TROUT",TRUE,6,TRUE,"SALMONIDAE","","ONCORHYNCHUS",FALSE,FALSE,"NATIVE","3","","III","W","IV,TC","cold","LITHOPHIL",FALSE,"yes","LBR_Fish_BCG_v1"
"BRGlen2005","ONCORHYNCHUS MYKISS",1,"LowerBoise_Fish_Taxa_Translator_20260508.csv","LowerBoise_Fish_Attributes_20260514.csv",TRUE,13206000,2005,270,"Main_VetGlen",5,"5","RAINBOW TROUT",TRUE,6,TRUE,"SALMONIDAE","","ONCORHYNCHUS",FALSE,FALSE,"NATIVE","3","","III","W","IV,TC","cold","LITHOPHIL",FALSE,"yes","LBR_Fish_BCG_v1"
"BRGlen2005","ONCORHYNCHUS MYKISS",1,"LowerBoise_Fish_Taxa_Translator_20260508.csv","LowerBoise_Fish_Attributes_20260514.csv",TRUE,13206000,2005,275,"Main_VetGlen",5,"5","RAINBOW TROUT",TRUE,6,TRUE,"SALMONIDAE","","ONCORHYNCHUS",FALSE,FALSE,"NATIVE","3","","III","W","IV,TC","cold","LITHOPHIL",FALSE,"yes","LBR_Fish_BCG_v1"
"BRGlen2005","ONCORHYNCHUS MYKISS",1,"LowerBoise_Fish_Taxa_Translator_20260508.csv","LowerBoise_Fish_Attributes_20260514.csv",TRUE,13206000,2005,580,"Main_VetGlen",6,">5","RAINBOW TROUT",TRUE,6,TRUE,"SALMONIDAE","","ONCORHYNCHUS",FALSE,FALSE,"NATIVE","3","","III","W","IV,TC","cold","LITHOPHIL",FALSE,"yes","LBR_Fish_BCG_v1"
"BRGlen2005","ONCORHYNCHUS MYKISS",1,"LowerBoise_Fish_Taxa_Translator_20260508.csv","LowerBoise_Fish_Attributes_20260514.csv",TRUE,13206000,2005,120,"Main_VetGlen",2,"2","RAINBOW TROUT",TRUE,6,TRUE,"SALMONIDAE","","ONCORHYNCHUS",FALSE,FALSE,"NATIVE","3","","III","W","IV,TC","cold","LITHOPHIL",FALSE,"yes","LBR_Fish_BCG_v1"
"BRGlen2005","ONCORHYNCHUS MYKISS",2,"LowerBoise_Fish_Taxa_Translator_20260508.csv","LowerBoise_Fish_Attributes_20260514.csv",TRUE,13206000,2005,285,"Main_VetGlen",5,"5","RAINBOW TROUT",TRUE,6,TRUE,"SALMONIDAE","","ONCORHYNCHUS",FALSE,FALSE,"NATIVE","3","","III","W","IV,TC","cold","LITHOPHIL",FALSE,"yes","LBR_Fish_BCG_v1"
"BRGlen2005","ONCORHYNCHUS MYKISS",1,"LowerBoise_Fish_Taxa_Translator_20260508.csv","LowerBoise_Fish_Attributes_20260514.csv",TRUE,13206000,2005,290,"Main_VetGlen",5,"5","RAINBOW TROUT",TRUE,6,TRUE,"SALMONIDAE","","ONCORHYNCHUS",FALSE,FALSE,"NATIVE","3","","III","W","IV,TC","cold","LITHOPHIL",FALSE,"yes","LBR_Fish_BCG_v1"
"BRGlen2005","ONCORHYNCHUS MYKISS",1,"LowerBoise_Fish_Taxa_Translator_20260508.csv","LowerBoise_Fish_Attributes_20260514.csv",TRUE,13206000,2005,380,"Main_VetGlen",6,">5","RAINBOW TROUT",TRUE,6,TRUE,"SALMONIDAE","","ONCORHYNCHUS",FALSE,FALSE,"NATIVE","3","","III","W","IV,TC","cold","LITHOPHIL",FALSE,"yes","LBR_Fish_BCG_v1"
"BRGlen2005","ONCORHYNCHUS MYKISS",1,"LowerBoise_Fish_Taxa_Translator_20260508.csv","LowerBoise_Fish_Attributes_20260514.csv",TRUE,13206000,2005,450,"Main_VetGlen",6,">5","RAINBOW TROUT",TRUE,6,TRUE,"SALMONIDAE","","ONCORHYNCHUS",FALSE,FALSE,"NATIVE","3","","III","W","IV,TC","cold","LITHOPHIL",FALSE,"yes","LBR_Fish_BCG_v1"
"BRGlen2005","ONCORHYNCHUS MYKISS",1,"LowerBoise_Fish_Taxa_Translator_20260508.csv","LowerBoise_Fish_Attributes_20260514.csv",TRUE,13206000,2005,500,"Main_VetGlen",6,">5","RAINBOW TROUT",TRUE,6,TRUE,"SALMONIDAE","","ONCORHYNCHUS",FALSE,FALSE,"NATIVE","3","","III","W","IV,TC","cold","LITHOPHIL",FALSE,"yes","LBR_Fish_BCG_v1"
"BRGlen2005","ONCORHYNCHUS MYKISS",2,"LowerBoise_Fish_Taxa_Translator_20260508.csv","LowerBoise_Fish_Attributes_20260514.csv",TRUE,13206000,2005,250,"Main_VetGlen",5,"5","RAINBOW TROUT",TRUE,6,TRUE,"SALMONIDAE","","ONCORHYNCHUS",FALSE,FALSE,"NATIVE","3","","III","W","IV,TC","cold","LITHOPHIL",FALSE,"yes","LBR_Fish_BCG_v1"
"BRGlen2005","PROSOPIUM WILLIAMSONI",1,"LowerBoise_Fish_Taxa_Translator_20260508.csv","LowerBoise_Fish_Attributes_20260514.csv",TRUE,13206000,2005,330,"Main_VetGlen",7,"7","MOUNTAIN WHITEFISH",TRUE,9,TRUE,"SALMONIDAE","","PROSOPIUM",FALSE,FALSE,"NATIVE","3","","III","B","IV","cold","",FALSE,"yes","LBR_Fish_BCG_v1"
"BRGlen2005","PROSOPIUM WILLIAMSONI",2,"LowerBoise_Fish_Taxa_Translator_20260508.csv","LowerBoise_Fish_Attributes_20260514.csv",TRUE,13206000,2005,340,"Main_VetGlen",7,"7","MOUNTAIN WHITEFISH",TRUE,9,TRUE,"SALMONIDAE","","PROSOPIUM",FALSE,FALSE,"NATIVE","3","","III","B","IV","cold","",FALSE,"yes","LBR_Fish_BCG_v1"
"BRGlen2005","PROSOPIUM WILLIAMSONI",2,"LowerBoise_Fish_Taxa_Translator_20260508.csv","LowerBoise_Fish_Attributes_20260514.csv",TRUE,13206000,2005,345,"Main_VetGlen",7,"7","MOUNTAIN WHITEFISH",TRUE,9,TRUE,"SALMONIDAE","","PROSOPIUM",FALSE,FALSE,"NATIVE","3","","III","B","IV","cold","",FALSE,"yes","LBR_Fish_BCG_v1"
"BRGlen2005","PROSOPIUM WILLIAMSONI",2,"LowerBoise_Fish_Taxa_Translator_20260508.csv","LowerBoise_Fish_Attributes_20260514.csv",TRUE,13206000,2005,350,"Main_VetGlen",7,"7","MOUNTAIN WHITEFISH",TRUE,9,TRUE,"SALMONIDAE","","PROSOPIUM",FALSE,FALSE,"NATIVE","3","","III","B","IV","cold","",FALSE,"yes","LBR_Fish_BCG_v1"
"BRGlen2005","PROSOPIUM WILLIAMSONI",2,"LowerBoise_Fish_Taxa_Translator_20260508.csv","LowerBoise_Fish_Attributes_20260514.csv",TRUE,13206000,2005,410,"Main_VetGlen",9,">8","MOUNTAIN WHITEFISH",TRUE,9,TRUE,"SALMONIDAE","","PROSOPIUM",FALSE,FALSE,"NATIVE","3","","III","B","IV","cold","",FALSE,"yes","LBR_Fish_BCG_v1"
"BRGlen2005","PROSOPIUM WILLIAMSONI",121,"LowerBoise_Fish_Taxa_Translator_20260508.csv","LowerBoise_Fish_Attributes_20260514.csv",TRUE,13206000,2005,0,"Main_VetGlen",1,"1","MOUNTAIN WHITEFISH",TRUE,9,TRUE,"SALMONIDAE","","PROSOPIUM",FALSE,FALSE,"NATIVE","3","","III","B","IV","cold","",FALSE,"yes","LBR_Fish_BCG_v1"
"BRGlen2005","PROSOPIUM WILLIAMSONI",2,"LowerBoise_Fish_Taxa_Translator_20260508.csv","LowerBoise_Fish_Attributes_20260514.csv",TRUE,13206000,2005,150,"Main_VetGlen",2,"2","MOUNTAIN WHITEFISH",TRUE,9,TRUE,"SALMONIDAE","","PROSOPIUM",FALSE,FALSE,"NATIVE","3","","III","B","IV","cold","",FALSE,"yes","LBR_Fish_BCG_v1"
"BRGlen2005","PROSOPIUM WILLIAMSONI",3,"LowerBoise_Fish_Taxa_Translator_20260508.csv","LowerBoise_Fish_Attributes_20260514.csv",TRUE,13206000,2005,170,"Main_VetGlen",2,"2","MOUNTAIN WHITEFISH",TRUE,9,TRUE,"SALMONIDAE","","PROSOPIUM",FALSE,FALSE,"NATIVE","3","","III","B","IV","cold","",FALSE,"yes","LBR_Fish_BCG_v1"
"BRGlen2005","PROSOPIUM WILLIAMSONI",6,"LowerBoise_Fish_Taxa_Translator_20260508.csv","LowerBoise_Fish_Attributes_20260514.csv",TRUE,13206000,2005,180,"Main_VetGlen",3,"3","MOUNTAIN WHITEFISH",TRUE,9,TRUE,"SALMONIDAE","","PROSOPIUM",FALSE,FALSE,"NATIVE","3","","III","B","IV","cold","",FALSE,"yes","LBR_Fish_BCG_v1"
"BRGlen2005","PROSOPIUM WILLIAMSONI",5,"LowerBoise_Fish_Taxa_Translator_20260508.csv","LowerBoise_Fish_Attributes_20260514.csv",TRUE,13206000,2005,190,"Main_VetGlen",3,"3","MOUNTAIN WHITEFISH",TRUE,9,TRUE,"SALMONIDAE","","PROSOPIUM",FALSE,FALSE,"NATIVE","3","","III","B","IV","cold","",FALSE,"yes","LBR_Fish_BCG_v1"
"BRGlen2005","PROSOPIUM WILLIAMSONI",1,"LowerBoise_Fish_Taxa_Translator_20260508.csv","LowerBoise_Fish_Attributes_20260514.csv",TRUE,13206000,2005,270,"Main_VetGlen",5,"5","MOUNTAIN WHITEFISH",TRUE,9,TRUE,"SALMONIDAE","","PROSOPIUM",FALSE,FALSE,"NATIVE","3","","III","B","IV","cold","",FALSE,"yes","LBR_Fish_BCG_v1"
"BRGlen2005","PROSOPIUM WILLIAMSONI",1,"LowerBoise_Fish_Taxa_Translator_20260508.csv","LowerBoise_Fish_Attributes_20260514.csv",TRUE,13206000,2005,310,"Main_VetGlen",6,"6","MOUNTAIN WHITEFISH",TRUE,9,TRUE,"SALMONIDAE","","PROSOPIUM",FALSE,FALSE,"NATIVE","3","","III","B","IV","cold","",FALSE,"yes","LBR_Fish_BCG_v1"
"BRGlen2005","PROSOPIUM WILLIAMSONI",1,"LowerBoise_Fish_Taxa_Translator_20260508.csv","LowerBoise_Fish_Attributes_20260514.csv",TRUE,13206000,2005,315,"Main_VetGlen",6,"6","MOUNTAIN WHITEFISH",TRUE,9,TRUE,"SALMONIDAE","","PROSOPIUM",FALSE,FALSE,"NATIVE","3","","III","B","IV","cold","",FALSE,"yes","LBR_Fish_BCG_v1"
"BRGlen2005","PROSOPIUM WILLIAMSONI",2,"LowerBoise_Fish_Taxa_Translator_20260508.csv","LowerBoise_Fish_Attributes_20260514.csv",TRUE,13206000,2005,320,"Main_VetGlen",6,"6","MOUNTAIN WHITEFISH",TRUE,9,TRUE,"SALMONIDAE","","PROSOPIUM",FALSE,FALSE,"NATIVE","3","","III","B","IV","cold","",FALSE,"yes","LBR_Fish_BCG_v1"
"BRGlen2005","PROSOPIUM WILLIAMSONI",1,"LowerBoise_Fish_Taxa_Translator_20260508.csv","LowerBoise_Fish_Attributes_20260514.csv",TRUE,13206000,2005,155,"Main_VetGlen",2,"2","MOUNTAIN WHITEFISH",TRUE,9,TRUE,"SALMONIDAE","","PROSOPIUM",FALSE,FALSE,"NATIVE","3","","III","B","IV","cold","",FALSE,"yes","LBR_Fish_BCG_v1"
"BRGlen2005","PROSOPIUM WILLIAMSONI",1,"LowerBoise_Fish_Taxa_Translator_20260508.csv","LowerBoise_Fish_Attributes_20260514.csv",TRUE,13206000,2005,160,"Main_VetGlen",2,"2","MOUNTAIN WHITEFISH",TRUE,9,TRUE,"SALMONIDAE","","PROSOPIUM",FALSE,FALSE,"NATIVE","3","","III","B","IV","cold","",FALSE,"yes","LBR_Fish_BCG_v1"
"BRGlen2005","PROSOPIUM WILLIAMSONI",1,"LowerBoise_Fish_Taxa_Translator_20260508.csv","LowerBoise_Fish_Attributes_20260514.csv",TRUE,13206000,2005,165,"Main_VetGlen",2,"2","MOUNTAIN WHITEFISH",TRUE,9,TRUE,"SALMONIDAE","","PROSOPIUM",FALSE,FALSE,"NATIVE","3","","III","B","IV","cold","",FALSE,"yes","LBR_Fish_BCG_v1"
"BRGlen2005","PROSOPIUM WILLIAMSONI",4,"LowerBoise_Fish_Taxa_Translator_20260508.csv","LowerBoise_Fish_Attributes_20260514.csv",TRUE,13206000,2005,175,"Main_VetGlen",3,"3","MOUNTAIN WHITEFISH",TRUE,9,TRUE,"SALMONIDAE","","PROSOPIUM",FALSE,FALSE,"NATIVE","3","","III","B","IV","cold","",FALSE,"yes","LBR_Fish_BCG_v1"
"BRGlen2005","PTYCHOCHEILUS OREGONENSIS",1,"LowerBoise_Fish_Taxa_Translator_20260508.csv","LowerBoise_Fish_Attributes_20260514.csv",TRUE,13206000,2005,560,"Main_VetGlen",10,"10","NORTHERN PIKEMINNOW",TRUE,11,TRUE,"LEUCISCIDAE","CYPRINIDAE","PTYCHOCHEILUS",FALSE,FALSE,"NATIVE","4","4_middle","IV_middle","W","IV,TC","cool","",FALSE,"yes","LBR_Fish_BCG_v1"
"BRGlen2005","PTYCHOCHEILUS OREGONENSIS",1,"LowerBoise_Fish_Taxa_Translator_20260508.csv","LowerBoise_Fish_Attributes_20260514.csv",TRUE,13206000,2005,450,"Main_VetGlen",7,"7","NORTHERN PIKEMINNOW",TRUE,11,TRUE,"LEUCISCIDAE","CYPRINIDAE","PTYCHOCHEILUS",FALSE,FALSE,"NATIVE","4","4_middle","IV_middle","W","IV,TC","cool","",FALSE,"yes","LBR_Fish_BCG_v1"
"BRGlen2005","PTYCHOCHEILUS OREGONENSIS",1,"LowerBoise_Fish_Taxa_Translator_20260508.csv","LowerBoise_Fish_Attributes_20260514.csv",TRUE,13206000,2005,530,"Main_VetGlen",9,"9","NORTHERN PIKEMINNOW",TRUE,11,TRUE,"LEUCISCIDAE","CYPRINIDAE","PTYCHOCHEILUS",FALSE,FALSE,"NATIVE","4","4_middle","IV_middle","W","IV,TC","cool","",FALSE,"yes","LBR_Fish_BCG_v1"
"BRGlen2005","PTYCHOCHEILUS OREGONENSIS",1,"LowerBoise_Fish_Taxa_Translator_20260508.csv","LowerBoise_Fish_Attributes_20260514.csv",TRUE,13206000,2005,520,"Main_VetGlen",9,"9","NORTHERN PIKEMINNOW",TRUE,11,TRUE,"LEUCISCIDAE","CYPRINIDAE","PTYCHOCHEILUS",FALSE,FALSE,"NATIVE","4","4_middle","IV_middle","W","IV,TC","cool","",FALSE,"yes","LBR_Fish_BCG_v1"
"BRGlen2005","PTYCHOCHEILUS OREGONENSIS",1,"LowerBoise_Fish_Taxa_Translator_20260508.csv","LowerBoise_Fish_Attributes_20260514.csv",TRUE,13206000,2005,525,"Main_VetGlen",9,"9","NORTHERN PIKEMINNOW",TRUE,11,TRUE,"LEUCISCIDAE","CYPRINIDAE","PTYCHOCHEILUS",FALSE,FALSE,"NATIVE","4","4_middle","IV_middle","W","IV,TC","cool","",FALSE,"yes","LBR_Fish_BCG_v1"
"BRGlen2005","PTYCHOCHEILUS OREGONENSIS",1,"LowerBoise_Fish_Taxa_Translator_20260508.csv","LowerBoise_Fish_Attributes_20260514.csv",TRUE,13206000,2005,510,"Main_VetGlen",8,"8","NORTHERN PIKEMINNOW",TRUE,11,TRUE,"LEUCISCIDAE","CYPRINIDAE","PTYCHOCHEILUS",FALSE,FALSE,"NATIVE","4","4_middle","IV_middle","W","IV,TC","cool","",FALSE,"yes","LBR_Fish_BCG_v1"
"BRGlen2005","PTYCHOCHEILUS OREGONENSIS",1,"LowerBoise_Fish_Taxa_Translator_20260508.csv","LowerBoise_Fish_Attributes_20260514.csv",TRUE,13206000,2005,500,"Main_VetGlen",8,"8","NORTHERN PIKEMINNOW",TRUE,11,TRUE,"LEUCISCIDAE","CYPRINIDAE","PTYCHOCHEILUS",FALSE,FALSE,"NATIVE","4","4_middle","IV_middle","W","IV,TC","cool","",FALSE,"yes","LBR_Fish_BCG_v1"
"BRGlen2005","PTYCHOCHEILUS OREGONENSIS",1,"LowerBoise_Fish_Taxa_Translator_20260508.csv","LowerBoise_Fish_Attributes_20260514.csv",TRUE,13206000,2005,490,"Main_VetGlen",8,"8","NORTHERN PIKEMINNOW",TRUE,11,TRUE,"LEUCISCIDAE","CYPRINIDAE","PTYCHOCHEILUS",FALSE,FALSE,"NATIVE","4","4_middle","IV_middle","W","IV,TC","cool","",FALSE,"yes","LBR_Fish_BCG_v1"
"BRGlen2005","RHINICHTHYS CATARACTAE",3,"LowerBoise_Fish_Taxa_Translator_20260508.csv","LowerBoise_Fish_Attributes_20260514.csv",TRUE,13206000,2005,0,"Main_VetGlen",1,"1","LONGNOSE DACE",TRUE,6,TRUE,"LEUCISCIDAE","CYPRINIDAE","RHINICHTHYS",FALSE,FALSE,"NATIVE","4","4_better","IV_better","B","IV","cool","LITHOPHIL",FALSE,"yes","LBR_Fish_BCG_v1"
"BRGlen2005","SALMO TRUTTA",1,"LowerBoise_Fish_Taxa_Translator_20260508.csv","LowerBoise_Fish_Attributes_20260514.csv",TRUE,13206000,2005,530,"Main_VetGlen",6,">5","BROWN TROUT",TRUE,6,TRUE,"SALMONIDAE","","SALMO",FALSE,FALSE,"NON_NATIVE","6m","","VI m","W","IV,TC","cold","LITHOPHIL",FALSE,"yes","LBR_Fish_BCG_v1"
"BRGlen2005","SALMO TRUTTA",1,"LowerBoise_Fish_Taxa_Translator_20260508.csv","LowerBoise_Fish_Attributes_20260514.csv",TRUE,13206000,2005,240,"Main_VetGlen",4,"4","BROWN TROUT",TRUE,6,TRUE,"SALMONIDAE","","SALMO",FALSE,FALSE,"NON_NATIVE","6m","","VI m","W","IV,TC","cold","LITHOPHIL",FALSE,"yes","LBR_Fish_BCG_v1"
"BRGlen2005","SALMO TRUTTA",1,"LowerBoise_Fish_Taxa_Translator_20260508.csv","LowerBoise_Fish_Attributes_20260514.csv",TRUE,13206000,2005,270,"Main_VetGlen",5,"5","BROWN TROUT",TRUE,6,TRUE,"SALMONIDAE","","SALMO",FALSE,FALSE,"NON_NATIVE","6m","","VI m","W","IV,TC","cold","LITHOPHIL",FALSE,"yes","LBR_Fish_BCG_v1"
"BRGlen2005","SALMO TRUTTA",1,"LowerBoise_Fish_Taxa_Translator_20260508.csv","LowerBoise_Fish_Attributes_20260514.csv",TRUE,13206000,2005,390,"Main_VetGlen",6,">5","BROWN TROUT",TRUE,6,TRUE,"SALMONIDAE","","SALMO",FALSE,FALSE,"NON_NATIVE","6m","","VI m","W","IV,TC","cold","LITHOPHIL",FALSE,"yes","LBR_Fish_BCG_v1"
"BRGlen2005","SALMO TRUTTA",1,"LowerBoise_Fish_Taxa_Translator_20260508.csv","LowerBoise_Fish_Attributes_20260514.csv",TRUE,13206000,2005,475,"Main_VetGlen",6,">5","BROWN TROUT",TRUE,6,TRUE,"SALMONIDAE","","SALMO",FALSE,FALSE,"NON_NATIVE","6m","","VI m","W","IV,TC","cold","LITHOPHIL",FALSE,"yes","LBR_Fish_BCG_v1"
"BRGlen2005","SALMO TRUTTA",1,"LowerBoise_Fish_Taxa_Translator_20260508.csv","LowerBoise_Fish_Attributes_20260514.csv",TRUE,13206000,2005,490,"Main_VetGlen",6,">5","BROWN TROUT",TRUE,6,TRUE,"SALMONIDAE","","SALMO",FALSE,FALSE,"NON_NATIVE","6m","","VI m","W","IV,TC","cold","LITHOPHIL",FALSE,"yes","LBR_Fish_BCG_v1"
"BRMiddl2017","CATOSTOMUS MACROCHEILUS",1,"LowerBoise_Fish_Taxa_Translator_20260508.csv","LowerBoise_Fish_Attributes_20260514.csv",TRUE,13210050,2017,55,"Main_Middleton",2,"2","LARGESCALE SUCKER",TRUE,8,TRUE,"CATOSTOMIDAE","","CATOSTOMUS",FALSE,FALSE,"NATIVE","4","4_middle","IV_middle","B","OM","cool","",FALSE,"yes","LBR_Fish_BCG_v1"
"BRMiddl2017","CATOSTOMUS MACROCHEILUS",1,"LowerBoise_Fish_Taxa_Translator_20260508.csv","LowerBoise_Fish_Attributes_20260514.csv",TRUE,13210050,2017,61,"Main_Middleton",2,"2","LARGESCALE SUCKER",TRUE,8,TRUE,"CATOSTOMIDAE","","CATOSTOMUS",FALSE,FALSE,"NATIVE","4","4_middle","IV_middle","B","OM","cool","",FALSE,"yes","LBR_Fish_BCG_v1"
"BRMiddl2017","CATOSTOMUS MACROCHEILUS",332,"LowerBoise_Fish_Taxa_Translator_20260508.csv","LowerBoise_Fish_Attributes_20260514.csv",TRUE,13210050,2017,0,"Main_Middleton",1,"1","LARGESCALE SUCKER",TRUE,8,TRUE,"CATOSTOMIDAE","","CATOSTOMUS",FALSE,FALSE,"NATIVE","4","4_middle","IV_middle","B","OM","cool","",FALSE,"yes","LBR_Fish_BCG_v1"
"BRMiddl2017","CATOSTOMUS MACROCHEILUS",1,"LowerBoise_Fish_Taxa_Translator_20260508.csv","LowerBoise_Fish_Attributes_20260514.csv",TRUE,13210050,2017,63,"Main_Middleton",2,"2","LARGESCALE SUCKER",TRUE,8,TRUE,"CATOSTOMIDAE","","CATOSTOMUS",FALSE,FALSE,"NATIVE","4","4_middle","IV_middle","B","OM","cool","",FALSE,"yes","LBR_Fish_BCG_v1"
"BRMiddl2017","CYPRINUS CARPIO",6,"LowerBoise_Fish_Taxa_Translator_20260508.csv","LowerBoise_Fish_Attributes_20260514.csv",TRUE,13210050,2017,0,"Main_Middleton",NA,NA,"COMMON CARP",FALSE,NA,TRUE,"CYPRINIDAE","CYPRINIDAE","CYPRINUS",FALSE,FALSE,"NON_NATIVE","6t","","VI t","B","OM","warm","",FALSE,"yes","LBR_Fish_BCG_v1"
"BRMiddl2017","GILA ALUTACEA",1,"LowerBoise_Fish_Taxa_Translator_20260508.csv","LowerBoise_Fish_Attributes_20260514.csv",TRUE,13210050,2017,49,"Main_Middleton",NA,NA,"CHISELMOUTH",FALSE,NA,TRUE,"LEUCISCIDAE","CYPRINIDAE","GILA",FALSE,FALSE,"NATIVE","4","4_middle","IV_middle","B","HB","cool","",FALSE,"yes","LBR_Fish_BCG_v1"
"BRMiddl2017","LEPOMIS CYANELLUS",1,"LowerBoise_Fish_Taxa_Translator_20260508.csv","LowerBoise_Fish_Attributes_20260514.csv",TRUE,13210050,2017,40,"Main_Middleton",NA,NA,"GREEN SUNFISH",FALSE,NA,TRUE,"CENTRARCHIDAE","","LEPOMIS",FALSE,FALSE,"NON_NATIVE","6t","","VI t","W","IV,TC","warm","",FALSE,"yes","LBR_Fish_BCG_v1"
"BRMiddl2017","LEPOMIS CYANELLUS",1,"LowerBoise_Fish_Taxa_Translator_20260508.csv","LowerBoise_Fish_Attributes_20260514.csv",TRUE,13210050,2017,35,"Main_Middleton",NA,NA,"GREEN SUNFISH",FALSE,NA,TRUE,"CENTRARCHIDAE","","LEPOMIS",FALSE,FALSE,"NON_NATIVE","6t","","VI t","W","IV,TC","warm","",FALSE,"yes","LBR_Fish_BCG_v1"
"BRMiddl2017","LEPOMIS CYANELLUS",1,"LowerBoise_Fish_Taxa_Translator_20260508.csv","LowerBoise_Fish_Attributes_20260514.csv",TRUE,13210050,2017,130,"Main_Middleton",NA,NA,"GREEN SUNFISH",FALSE,NA,TRUE,"CENTRARCHIDAE","","LEPOMIS",FALSE,FALSE,"NON_NATIVE","6t","","VI t","W","IV,TC","warm","",FALSE,"yes","LBR_Fish_BCG_v1"
"BRMiddl2017","LEPOMIS CYANELLUS",2,"LowerBoise_Fish_Taxa_Translator_20260508.csv","LowerBoise_Fish_Attributes_20260514.csv",TRUE,13210050,2017,0,"Main_Middleton",NA,NA,"GREEN SUNFISH",FALSE,NA,TRUE,"CENTRARCHIDAE","","LEPOMIS",FALSE,FALSE,"NON_NATIVE","6t","","VI t","W","IV,TC","warm","",FALSE,"yes","LBR_Fish_BCG_v1"
"BRMiddl2017","MICROPTERUS SALMOIDES",1,"LowerBoise_Fish_Taxa_Translator_20260508.csv","LowerBoise_Fish_Attributes_20260514.csv",TRUE,13210050,2017,50,"Main_Middleton",1,"1","LARGEMOUTH BASS",TRUE,6,TRUE,"CENTRARCHIDAE","","MICROPTERUS",FALSE,FALSE,"NON_NATIVE","6m","","VI m","W","TC","warm","",FALSE,"yes","LBR_Fish_BCG_v1"
"BRMiddl2017","ONCORHYNCHUS MYKISS",1,"LowerBoise_Fish_Taxa_Translator_20260508.csv","LowerBoise_Fish_Attributes_20260514.csv",TRUE,13210050,2017,305,"Main_Middleton",5,"5","RAINBOW TROUT",TRUE,6,TRUE,"SALMONIDAE","","ONCORHYNCHUS",FALSE,FALSE,"NATIVE","3","","III","W","IV,TC","cold","LITHOPHIL",FALSE,"yes","LBR_Fish_BCG_v1"
"BRMiddl2017","ONCORHYNCHUS MYKISS",1,"LowerBoise_Fish_Taxa_Translator_20260508.csv","LowerBoise_Fish_Attributes_20260514.csv",TRUE,13210050,2017,350,"Main_Middleton",6,">5","RAINBOW TROUT",TRUE,6,TRUE,"SALMONIDAE","","ONCORHYNCHUS",FALSE,FALSE,"NATIVE","3","","III","W","IV,TC","cold","LITHOPHIL",FALSE,"yes","LBR_Fish_BCG_v1"
"BRMiddl2017","ONCORHYNCHUS MYKISS",1,"LowerBoise_Fish_Taxa_Translator_20260508.csv","LowerBoise_Fish_Attributes_20260514.csv",TRUE,13210050,2017,235,"Main_Middleton",5,"5","RAINBOW TROUT",TRUE,6,TRUE,"SALMONIDAE","","ONCORHYNCHUS",FALSE,FALSE,"NATIVE","3","","III","W","IV,TC","cold","LITHOPHIL",FALSE,"yes","LBR_Fish_BCG_v1"
"BRMiddl2017","PROSOPIUM WILLIAMSONI",1,"LowerBoise_Fish_Taxa_Translator_20260508.csv","LowerBoise_Fish_Attributes_20260514.csv",TRUE,13210050,2017,245,"Main_Middleton",4,"4","MOUNTAIN WHITEFISH",TRUE,9,TRUE,"SALMONIDAE","","PROSOPIUM",FALSE,FALSE,"NATIVE","3","","III","B","IV","cold","",FALSE,"yes","LBR_Fish_BCG_v1"
"BRMiddl2017","PROSOPIUM WILLIAMSONI",5,"LowerBoise_Fish_Taxa_Translator_20260508.csv","LowerBoise_Fish_Attributes_20260514.csv",TRUE,13210050,2017,250,"Main_Middleton",4,"4","MOUNTAIN WHITEFISH",TRUE,9,TRUE,"SALMONIDAE","","PROSOPIUM",FALSE,FALSE,"NATIVE","3","","III","B","IV","cold","",FALSE,"yes","LBR_Fish_BCG_v1"
"BRMiddl2017","PROSOPIUM WILLIAMSONI",8,"LowerBoise_Fish_Taxa_Translator_20260508.csv","LowerBoise_Fish_Attributes_20260514.csv",TRUE,13210050,2017,270,"Main_Middleton",5,"5","MOUNTAIN WHITEFISH",TRUE,9,TRUE,"SALMONIDAE","","PROSOPIUM",FALSE,FALSE,"NATIVE","3","","III","B","IV","cold","",FALSE,"yes","LBR_Fish_BCG_v1"
"BRMiddl2017","PROSOPIUM WILLIAMSONI",1,"LowerBoise_Fish_Taxa_Translator_20260508.csv","LowerBoise_Fish_Attributes_20260514.csv",TRUE,13210050,2017,275,"Main_Middleton",5,"5","MOUNTAIN WHITEFISH",TRUE,9,TRUE,"SALMONIDAE","","PROSOPIUM",FALSE,FALSE,"NATIVE","3","","III","B","IV","cold","",FALSE,"yes","LBR_Fish_BCG_v1"
"BRMiddl2017","PROSOPIUM WILLIAMSONI",4,"LowerBoise_Fish_Taxa_Translator_20260508.csv","LowerBoise_Fish_Attributes_20260514.csv",TRUE,13210050,2017,280,"Main_Middleton",5,"5","MOUNTAIN WHITEFISH",TRUE,9,TRUE,"SALMONIDAE","","PROSOPIUM",FALSE,FALSE,"NATIVE","3","","III","B","IV","cold","",FALSE,"yes","LBR_Fish_BCG_v1"
"BRMiddl2017","PROSOPIUM WILLIAMSONI",3,"LowerBoise_Fish_Taxa_Translator_20260508.csv","LowerBoise_Fish_Attributes_20260514.csv",TRUE,13210050,2017,300,"Main_Middleton",6,"6","MOUNTAIN WHITEFISH",TRUE,9,TRUE,"SALMONIDAE","","PROSOPIUM",FALSE,FALSE,"NATIVE","3","","III","B","IV","cold","",FALSE,"yes","LBR_Fish_BCG_v1"
"BRMiddl2017","PROSOPIUM WILLIAMSONI",1,"LowerBoise_Fish_Taxa_Translator_20260508.csv","LowerBoise_Fish_Attributes_20260514.csv",TRUE,13210050,2017,255,"Main_Middleton",5,"5","MOUNTAIN WHITEFISH",TRUE,9,TRUE,"SALMONIDAE","","PROSOPIUM",FALSE,FALSE,"NATIVE","3","","III","B","IV","cold","",FALSE,"yes","LBR_Fish_BCG_v1"
"BRMiddl2017","PROSOPIUM WILLIAMSONI",3,"LowerBoise_Fish_Taxa_Translator_20260508.csv","LowerBoise_Fish_Attributes_20260514.csv",TRUE,13210050,2017,260,"Main_Middleton",5,"5","MOUNTAIN WHITEFISH",TRUE,9,TRUE,"SALMONIDAE","","PROSOPIUM",FALSE,FALSE,"NATIVE","3","","III","B","IV","cold","",FALSE,"yes","LBR_Fish_BCG_v1"
"BRMiddl2017","PROSOPIUM WILLIAMSONI",1,"LowerBoise_Fish_Taxa_Translator_20260508.csv","LowerBoise_Fish_Attributes_20260514.csv",TRUE,13210050,2017,265,"Main_Middleton",5,"5","MOUNTAIN WHITEFISH",TRUE,9,TRUE,"SALMONIDAE","","PROSOPIUM",FALSE,FALSE,"NATIVE","3","","III","B","IV","cold","",FALSE,"yes","LBR_Fish_BCG_v1"
"BRMiddl2017","PROSOPIUM WILLIAMSONI",1,"LowerBoise_Fish_Taxa_Translator_20260508.csv","LowerBoise_Fish_Attributes_20260514.csv",TRUE,13210050,2017,140,"Main_Middleton",2,"2","MOUNTAIN WHITEFISH",TRUE,9,TRUE,"SALMONIDAE","","PROSOPIUM",FALSE,FALSE,"NATIVE","3","","III","B","IV","cold","",FALSE,"yes","LBR_Fish_BCG_v1"
"BRMiddl2017","PROSOPIUM WILLIAMSONI",1,"LowerBoise_Fish_Taxa_Translator_20260508.csv","LowerBoise_Fish_Attributes_20260514.csv",TRUE,13210050,2017,190,"Main_Middleton",3,"3","MOUNTAIN WHITEFISH",TRUE,9,TRUE,"SALMONIDAE","","PROSOPIUM",FALSE,FALSE,"NATIVE","3","","III","B","IV","cold","",FALSE,"yes","LBR_Fish_BCG_v1"
"BRMiddl2017","PROSOPIUM WILLIAMSONI",1,"LowerBoise_Fish_Taxa_Translator_20260508.csv","LowerBoise_Fish_Attributes_20260514.csv",TRUE,13210050,2017,235,"Main_Middleton",4,"4","MOUNTAIN WHITEFISH",TRUE,9,TRUE,"SALMONIDAE","","PROSOPIUM",FALSE,FALSE,"NATIVE","3","","III","B","IV","cold","",FALSE,"yes","LBR_Fish_BCG_v1"
"BRMiddl2017","PROSOPIUM WILLIAMSONI",1,"LowerBoise_Fish_Taxa_Translator_20260508.csv","LowerBoise_Fish_Attributes_20260514.csv",TRUE,13210050,2017,240,"Main_Middleton",4,"4","MOUNTAIN WHITEFISH",TRUE,9,TRUE,"SALMONIDAE","","PROSOPIUM",FALSE,FALSE,"NATIVE","3","","III","B","IV","cold","",FALSE,"yes","LBR_Fish_BCG_v1"
"BRMiddl2017","PROSOPIUM WILLIAMSONI",1,"LowerBoise_Fish_Taxa_Translator_20260508.csv","LowerBoise_Fish_Attributes_20260514.csv",TRUE,13210050,2017,285,"Main_Middleton",5,"5","MOUNTAIN WHITEFISH",TRUE,9,TRUE,"SALMONIDAE","","PROSOPIUM",FALSE,FALSE,"NATIVE","3","","III","B","IV","cold","",FALSE,"yes","LBR_Fish_BCG_v1"
"BRMiddl2017","PROSOPIUM WILLIAMSONI",1,"LowerBoise_Fish_Taxa_Translator_20260508.csv","LowerBoise_Fish_Attributes_20260514.csv",TRUE,13210050,2017,290,"Main_Middleton",5,"5","MOUNTAIN WHITEFISH",TRUE,9,TRUE,"SALMONIDAE","","PROSOPIUM",FALSE,FALSE,"NATIVE","3","","III","B","IV","cold","",FALSE,"yes","LBR_Fish_BCG_v1"
"BRMiddl2017","PROSOPIUM WILLIAMSONI",1,"LowerBoise_Fish_Taxa_Translator_20260508.csv","LowerBoise_Fish_Attributes_20260514.csv",TRUE,13210050,2017,295,"Main_Middleton",6,"6","MOUNTAIN WHITEFISH",TRUE,9,TRUE,"SALMONIDAE","","PROSOPIUM",FALSE,FALSE,"NATIVE","3","","III","B","IV","cold","",FALSE,"yes","LBR_Fish_BCG_v1"
"BRMiddl2017","PROSOPIUM WILLIAMSONI",1,"LowerBoise_Fish_Taxa_Translator_20260508.csv","LowerBoise_Fish_Attributes_20260514.csv",TRUE,13210050,2017,305,"Main_Middleton",6,"6","MOUNTAIN WHITEFISH",TRUE,9,TRUE,"SALMONIDAE","","PROSOPIUM",FALSE,FALSE,"NATIVE","3","","III","B","IV","cold","",FALSE,"yes","LBR_Fish_BCG_v1"
"BRMiddl2017","PROSOPIUM WILLIAMSONI",1,"LowerBoise_Fish_Taxa_Translator_20260508.csv","LowerBoise_Fish_Attributes_20260514.csv",TRUE,13210050,2017,310,"Main_Middleton",6,"6","MOUNTAIN WHITEFISH",TRUE,9,TRUE,"SALMONIDAE","","PROSOPIUM",FALSE,FALSE,"NATIVE","3","","III","B","IV","cold","",FALSE,"yes","LBR_Fish_BCG_v1"
"BRMiddl2017","PROSOPIUM WILLIAMSONI",3,"LowerBoise_Fish_Taxa_Translator_20260508.csv","LowerBoise_Fish_Attributes_20260514.csv",TRUE,13210050,2017,330,"Main_Middleton",7,"7","MOUNTAIN WHITEFISH",TRUE,9,TRUE,"SALMONIDAE","","PROSOPIUM",FALSE,FALSE,"NATIVE","3","","III","B","IV","cold","",FALSE,"yes","LBR_Fish_BCG_v1"
"BRMiddl2017","PROSOPIUM WILLIAMSONI",1,"LowerBoise_Fish_Taxa_Translator_20260508.csv","LowerBoise_Fish_Attributes_20260514.csv",TRUE,13210050,2017,345,"Main_Middleton",7,"7","MOUNTAIN WHITEFISH",TRUE,9,TRUE,"SALMONIDAE","","PROSOPIUM",FALSE,FALSE,"NATIVE","3","","III","B","IV","cold","",FALSE,"yes","LBR_Fish_BCG_v1"
"BRMiddl2017","PROSOPIUM WILLIAMSONI",2,"LowerBoise_Fish_Taxa_Translator_20260508.csv","LowerBoise_Fish_Attributes_20260514.csv",TRUE,13210050,2017,180,"Main_Middleton",3,"3","MOUNTAIN WHITEFISH",TRUE,9,TRUE,"SALMONIDAE","","PROSOPIUM",FALSE,FALSE,"NATIVE","3","","III","B","IV","cold","",FALSE,"yes","LBR_Fish_BCG_v1"
"BRMiddl2017","PROSOPIUM WILLIAMSONI",1,"LowerBoise_Fish_Taxa_Translator_20260508.csv","LowerBoise_Fish_Attributes_20260514.csv",TRUE,13210050,2017,365,"Main_Middleton",8,"8","MOUNTAIN WHITEFISH",TRUE,9,TRUE,"SALMONIDAE","","PROSOPIUM",FALSE,FALSE,"NATIVE","3","","III","B","IV","cold","",FALSE,"yes","LBR_Fish_BCG_v1"
"BRMiddl2017","PROSOPIUM WILLIAMSONI",2,"LowerBoise_Fish_Taxa_Translator_20260508.csv","LowerBoise_Fish_Attributes_20260514.csv",TRUE,13210050,2017,150,"Main_Middleton",2,"2","MOUNTAIN WHITEFISH",TRUE,9,TRUE,"SALMONIDAE","","PROSOPIUM",FALSE,FALSE,"NATIVE","3","","III","B","IV","cold","",FALSE,"yes","LBR_Fish_BCG_v1"
"BRMiddl2017","PROSOPIUM WILLIAMSONI",3,"LowerBoise_Fish_Taxa_Translator_20260508.csv","LowerBoise_Fish_Attributes_20260514.csv",TRUE,13210050,2017,160,"Main_Middleton",2,"2","MOUNTAIN WHITEFISH",TRUE,9,TRUE,"SALMONIDAE","","PROSOPIUM",FALSE,FALSE,"NATIVE","3","","III","B","IV","cold","",FALSE,"yes","LBR_Fish_BCG_v1"
"BRMiddl2017","PROSOPIUM WILLIAMSONI",1,"LowerBoise_Fish_Taxa_Translator_20260508.csv","LowerBoise_Fish_Attributes_20260514.csv",TRUE,13210050,2017,375,"Main_Middleton",9,">8","MOUNTAIN WHITEFISH",TRUE,9,TRUE,"SALMONIDAE","","PROSOPIUM",FALSE,FALSE,"NATIVE","3","","III","B","IV","cold","",FALSE,"yes","LBR_Fish_BCG_v1"
"BRMiddl2017","PROSOPIUM WILLIAMSONI",2,"LowerBoise_Fish_Taxa_Translator_20260508.csv","LowerBoise_Fish_Attributes_20260514.csv",TRUE,13210050,2017,165,"Main_Middleton",2,"2","MOUNTAIN WHITEFISH",TRUE,9,TRUE,"SALMONIDAE","","PROSOPIUM",FALSE,FALSE,"NATIVE","3","","III","B","IV","cold","",FALSE,"yes","LBR_Fish_BCG_v1"
"BRMiddl2017","PROSOPIUM WILLIAMSONI",3,"LowerBoise_Fish_Taxa_Translator_20260508.csv","LowerBoise_Fish_Attributes_20260514.csv",TRUE,13210050,2017,170,"Main_Middleton",2,"2","MOUNTAIN WHITEFISH",TRUE,9,TRUE,"SALMONIDAE","","PROSOPIUM",FALSE,FALSE,"NATIVE","3","","III","B","IV","cold","",FALSE,"yes","LBR_Fish_BCG_v1"
"BRMiddl2017","PROSOPIUM WILLIAMSONI",2,"LowerBoise_Fish_Taxa_Translator_20260508.csv","LowerBoise_Fish_Attributes_20260514.csv",TRUE,13210050,2017,175,"Main_Middleton",3,"3","MOUNTAIN WHITEFISH",TRUE,9,TRUE,"SALMONIDAE","","PROSOPIUM",FALSE,FALSE,"NATIVE","3","","III","B","IV","cold","",FALSE,"yes","LBR_Fish_BCG_v1"
"BRMiddl2017","PTYCHOCHEILUS OREGONENSIS",15,"LowerBoise_Fish_Taxa_Translator_20260508.csv","LowerBoise_Fish_Attributes_20260514.csv",TRUE,13210050,2017,0,"Main_Middleton",1,"1","NORTHERN PIKEMINNOW",TRUE,11,TRUE,"LEUCISCIDAE","CYPRINIDAE","PTYCHOCHEILUS",FALSE,FALSE,"NATIVE","4","4_middle","IV_middle","W","IV,TC","cool","",FALSE,"yes","LBR_Fish_BCG_v1"
"BRMiddl2017","PTYCHOCHEILUS OREGONENSIS",1,"LowerBoise_Fish_Taxa_Translator_20260508.csv","LowerBoise_Fish_Attributes_20260514.csv",TRUE,13210050,2017,39,"Main_Middleton",1,"1","NORTHERN PIKEMINNOW",TRUE,11,TRUE,"LEUCISCIDAE","CYPRINIDAE","PTYCHOCHEILUS",FALSE,FALSE,"NATIVE","4","4_middle","IV_middle","W","IV,TC","cool","",FALSE,"yes","LBR_Fish_BCG_v1"
"BRMiddl2017","PTYCHOCHEILUS OREGONENSIS",1,"LowerBoise_Fish_Taxa_Translator_20260508.csv","LowerBoise_Fish_Attributes_20260514.csv",TRUE,13210050,2017,40,"Main_Middleton",1,"1","NORTHERN PIKEMINNOW",TRUE,11,TRUE,"LEUCISCIDAE","CYPRINIDAE","PTYCHOCHEILUS",FALSE,FALSE,"NATIVE","4","4_middle","IV_middle","W","IV,TC","cool","",FALSE,"yes","LBR_Fish_BCG_v1"
"BRMiddl2017","RHINICHTHYS CATARACTAE",1,"LowerBoise_Fish_Taxa_Translator_20260508.csv","LowerBoise_Fish_Attributes_20260514.csv",TRUE,13210050,2017,55,"Main_Middleton",2,"2","LONGNOSE DACE",TRUE,6,TRUE,"LEUCISCIDAE","CYPRINIDAE","RHINICHTHYS",FALSE,FALSE,"NATIVE","4","4_better","IV_better","B","IV","cool","LITHOPHIL",FALSE,"yes","LBR_Fish_BCG_v1"
"BRMiddl2017","RHINICHTHYS CATARACTAE",1,"LowerBoise_Fish_Taxa_Translator_20260508.csv","LowerBoise_Fish_Attributes_20260514.csv",TRUE,13210050,2017,42,"Main_Middleton",2,"2","LONGNOSE DACE",TRUE,6,TRUE,"LEUCISCIDAE","CYPRINIDAE","RHINICHTHYS",FALSE,FALSE,"NATIVE","4","4_better","IV_better","B","IV","cool","LITHOPHIL",FALSE,"yes","LBR_Fish_BCG_v1"
"BRMiddl2017","RHINICHTHYS CATARACTAE",14,"LowerBoise_Fish_Taxa_Translator_20260508.csv","LowerBoise_Fish_Attributes_20260514.csv",TRUE,13210050,2017,0,"Main_Middleton",1,"1","LONGNOSE DACE",TRUE,6,TRUE,"LEUCISCIDAE","CYPRINIDAE","RHINICHTHYS",FALSE,FALSE,"NATIVE","4","4_better","IV_better","B","IV","cool","LITHOPHIL",FALSE,"yes","LBR_Fish_BCG_v1"
"BRMiddl2017","RHINICHTHYS CATARACTAE",1,"LowerBoise_Fish_Taxa_Translator_20260508.csv","LowerBoise_Fish_Attributes_20260514.csv",TRUE,13210050,2017,30,"Main_Middleton",1,"1","LONGNOSE DACE",TRUE,6,TRUE,"LEUCISCIDAE","CYPRINIDAE","RHINICHTHYS",FALSE,FALSE,"NATIVE","4","4_better","IV_better","B","IV","cool","LITHOPHIL",FALSE,"yes","LBR_Fish_BCG_v1"
"BRMiddl2017","RHINICHTHYS CATARACTAE",1,"LowerBoise_Fish_Taxa_Translator_20260508.csv","LowerBoise_Fish_Attributes_20260514.csv",TRUE,13210050,2017,32,"Main_Middleton",2,"2","LONGNOSE DACE",TRUE,6,TRUE,"LEUCISCIDAE","CYPRINIDAE","RHINICHTHYS",FALSE,FALSE,"NATIVE","4","4_better","IV_better","B","IV","cool","LITHOPHIL",FALSE,"yes","LBR_Fish_BCG_v1"
"BRMiddl2017","RHINICHTHYS CATARACTAE",1,"LowerBoise_Fish_Taxa_Translator_20260508.csv","LowerBoise_Fish_Attributes_20260514.csv",TRUE,13210050,2017,31,"Main_Middleton",2,"2","LONGNOSE DACE",TRUE,6,TRUE,"LEUCISCIDAE","CYPRINIDAE","RHINICHTHYS",FALSE,FALSE,"NATIVE","4","4_better","IV_better","B","IV","cool","LITHOPHIL",FALSE,"yes","LBR_Fish_BCG_v1"
"BRMiddl2017","RHINICHTHYS CATARACTAE",1,"LowerBoise_Fish_Taxa_Translator_20260508.csv","LowerBoise_Fish_Attributes_20260514.csv",TRUE,13210050,2017,33,"Main_Middleton",2,"2","LONGNOSE DACE",TRUE,6,TRUE,"LEUCISCIDAE","CYPRINIDAE","RHINICHTHYS",FALSE,FALSE,"NATIVE","4","4_better","IV_better","B","IV","cool","LITHOPHIL",FALSE,"yes","LBR_Fish_BCG_v1"
"BRMiddl2017","RHINICHTHYS CATARACTAE",2,"LowerBoise_Fish_Taxa_Translator_20260508.csv","LowerBoise_Fish_Attributes_20260514.csv",TRUE,13210050,2017,35,"Main_Middleton",2,"2","LONGNOSE DACE",TRUE,6,TRUE,"LEUCISCIDAE","CYPRINIDAE","RHINICHTHYS",FALSE,FALSE,"NATIVE","4","4_better","IV_better","B","IV","cool","LITHOPHIL",FALSE,"yes","LBR_Fish_BCG_v1"
"BRMiddl2017","RHINICHTHYS CATARACTAE",2,"LowerBoise_Fish_Taxa_Translator_20260508.csv","LowerBoise_Fish_Attributes_20260514.csv",TRUE,13210050,2017,40,"Main_Middleton",2,"2","LONGNOSE DACE",TRUE,6,TRUE,"LEUCISCIDAE","CYPRINIDAE","RHINICHTHYS",FALSE,FALSE,"NATIVE","4","4_better","IV_better","B","IV","cool","LITHOPHIL",FALSE,"yes","LBR_Fish_BCG_v1"
"BRMiddl2017","RHINICHTHYS CATARACTAE",1,"LowerBoise_Fish_Taxa_Translator_20260508.csv","LowerBoise_Fish_Attributes_20260514.csv",TRUE,13210050,2017,34,"Main_Middleton",2,"2","LONGNOSE DACE",TRUE,6,TRUE,"LEUCISCIDAE","CYPRINIDAE","RHINICHTHYS",FALSE,FALSE,"NATIVE","4","4_better","IV_better","B","IV","cool","LITHOPHIL",FALSE,"yes","LBR_Fish_BCG_v1"
"BRMiddl2017","RHINICHTHYS FALCATUS",1,"LowerBoise_Fish_Taxa_Translator_20260508.csv","LowerBoise_Fish_Attributes_20260514.csv",TRUE,13210050,2017,0,"Main_Middleton",NA,NA,"LEOPARD DACE",FALSE,NA,TRUE,"LEUCISCIDAE","CYPRINIDAE","RHINICHTHYS",FALSE,FALSE,"NATIVE","4","4_better","IV_better","B","IV","cool","LITHOPHIL",FALSE,"yes","LBR_Fish_BCG_v1"
"BRMiddl2017","RHINICHTHYS FALCATUS",1,"LowerBoise_Fish_Taxa_Translator_20260508.csv","LowerBoise_Fish_Attributes_20260514.csv",TRUE,13210050,2017,65,"Main_Middleton",NA,NA,"LEOPARD DACE",FALSE,NA,TRUE,"LEUCISCIDAE","CYPRINIDAE","RHINICHTHYS",FALSE,FALSE,"NATIVE","4","4_better","IV_better","B","IV","cool","LITHOPHIL",FALSE,"yes","LBR_Fish_BCG_v1"
"BRMiddl2017","RHINICHTHYS FALCATUS",1,"LowerBoise_Fish_Taxa_Translator_20260508.csv","LowerBoise_Fish_Attributes_20260514.csv",TRUE,13210050,2017,32,"Main_Middleton",NA,NA,"LEOPARD DACE",FALSE,NA,TRUE,"LEUCISCIDAE","CYPRINIDAE","RHINICHTHYS",FALSE,FALSE,"NATIVE","4","4_better","IV_better","B","IV","cool","LITHOPHIL",FALSE,"yes","LBR_Fish_BCG_v1"
"BRMiddl2017","RHINICHTHYS FALCATUS",1,"LowerBoise_Fish_Taxa_Translator_20260508.csv","LowerBoise_Fish_Attributes_20260514.csv",TRUE,13210050,2017,22,"Main_Middleton",NA,NA,"LEOPARD DACE",FALSE,NA,TRUE,"LEUCISCIDAE","CYPRINIDAE","RHINICHTHYS",FALSE,FALSE,"NATIVE","4","4_better","IV_better","B","IV","cool","LITHOPHIL",FALSE,"yes","LBR_Fish_BCG_v1"
"BRMiddl2017","RHINICHTHYS FALCATUS",1,"LowerBoise_Fish_Taxa_Translator_20260508.csv","LowerBoise_Fish_Attributes_20260514.csv",TRUE,13210050,2017,31,"Main_Middleton",NA,NA,"LEOPARD DACE",FALSE,NA,TRUE,"LEUCISCIDAE","CYPRINIDAE","RHINICHTHYS",FALSE,FALSE,"NATIVE","4","4_better","IV_better","B","IV","cool","LITHOPHIL",FALSE,"yes","LBR_Fish_BCG_v1"
"BRMiddl2017","RHINICHTHYS FALCATUS",1,"LowerBoise_Fish_Taxa_Translator_20260508.csv","LowerBoise_Fish_Attributes_20260514.csv",TRUE,13210050,2017,60,"Main_Middleton",NA,NA,"LEOPARD DACE",FALSE,NA,TRUE,"LEUCISCIDAE","CYPRINIDAE","RHINICHTHYS",FALSE,FALSE,"NATIVE","4","4_better","IV_better","B","IV","cool","LITHOPHIL",FALSE,"yes","LBR_Fish_BCG_v1"
"BRMiddl2017","RHINICHTHYS FALCATUS",1,"LowerBoise_Fish_Taxa_Translator_20260508.csv","LowerBoise_Fish_Attributes_20260514.csv",TRUE,13210050,2017,33,"Main_Middleton",NA,NA,"LEOPARD DACE",FALSE,NA,TRUE,"LEUCISCIDAE","CYPRINIDAE","RHINICHTHYS",FALSE,FALSE,"NATIVE","4","4_better","IV_better","B","IV","cool","LITHOPHIL",FALSE,"yes","LBR_Fish_BCG_v1"
"BRMiddl2017","RHINICHTHYS FALCATUS",1,"LowerBoise_Fish_Taxa_Translator_20260508.csv","LowerBoise_Fish_Attributes_20260514.csv",TRUE,13210050,2017,30,"Main_Middleton",NA,NA,"LEOPARD DACE",FALSE,NA,TRUE,"LEUCISCIDAE","CYPRINIDAE","RHINICHTHYS",FALSE,FALSE,"NATIVE","4","4_better","IV_better","B","IV","cool","LITHOPHIL",FALSE,"yes","LBR_Fish_BCG_v1"
"BRMiddl2017","RHINICHTHYS FALCATUS",1,"LowerBoise_Fish_Taxa_Translator_20260508.csv","LowerBoise_Fish_Attributes_20260514.csv",TRUE,13210050,2017,35,"Main_Middleton",NA,NA,"LEOPARD DACE",FALSE,NA,TRUE,"LEUCISCIDAE","CYPRINIDAE","RHINICHTHYS",FALSE,FALSE,"NATIVE","4","4_better","IV_better","B","IV","cool","LITHOPHIL",FALSE,"yes","LBR_Fish_BCG_v1"
"BRMiddl2017","RHINICHTHYS FALCATUS",1,"LowerBoise_Fish_Taxa_Translator_20260508.csv","LowerBoise_Fish_Attributes_20260514.csv",TRUE,13210050,2017,39,"Main_Middleton",NA,NA,"LEOPARD DACE",FALSE,NA,TRUE,"LEUCISCIDAE","CYPRINIDAE","RHINICHTHYS",FALSE,FALSE,"NATIVE","4","4_better","IV_better","B","IV","cool","LITHOPHIL",FALSE,"yes","LBR_Fish_BCG_v1"
"BRMiddl2017","RHINICHTHYS FALCATUS",1,"LowerBoise_Fish_Taxa_Translator_20260508.csv","LowerBoise_Fish_Attributes_20260514.csv",TRUE,13210050,2017,34,"Main_Middleton",NA,NA,"LEOPARD DACE",FALSE,NA,TRUE,"LEUCISCIDAE","CYPRINIDAE","RHINICHTHYS",FALSE,FALSE,"NATIVE","4","4_better","IV_better","B","IV","cool","LITHOPHIL",FALSE,"yes","LBR_Fish_BCG_v1"
"BRMiddl2017","RHINICHTHYS FALCATUS",1,"LowerBoise_Fish_Taxa_Translator_20260508.csv","LowerBoise_Fish_Attributes_20260514.csv",TRUE,13210050,2017,55,"Main_Middleton",NA,NA,"LEOPARD DACE",FALSE,NA,TRUE,"LEUCISCIDAE","CYPRINIDAE","RHINICHTHYS",FALSE,FALSE,"NATIVE","4","4_better","IV_better","B","IV","cool","LITHOPHIL",FALSE,"yes","LBR_Fish_BCG_v1"
"BRMiddl2017","RHINICHTHYS FALCATUS",1,"LowerBoise_Fish_Taxa_Translator_20260508.csv","LowerBoise_Fish_Attributes_20260514.csv",TRUE,13210050,2017,36,"Main_Middleton",NA,NA,"LEOPARD DACE",FALSE,NA,TRUE,"LEUCISCIDAE","CYPRINIDAE","RHINICHTHYS",FALSE,FALSE,"NATIVE","4","4_better","IV_better","B","IV","cool","LITHOPHIL",FALSE,"yes","LBR_Fish_BCG_v1"
"BRMiddl2017","RHINICHTHYS FALCATUS",1,"LowerBoise_Fish_Taxa_Translator_20260508.csv","LowerBoise_Fish_Attributes_20260514.csv",TRUE,13210050,2017,38,"Main_Middleton",NA,NA,"LEOPARD DACE",FALSE,NA,TRUE,"LEUCISCIDAE","CYPRINIDAE","RHINICHTHYS",FALSE,FALSE,"NATIVE","4","4_better","IV_better","B","IV","cool","LITHOPHIL",FALSE,"yes","LBR_Fish_BCG_v1"
"BRMiddl2017","RHINICHTHYS OSCULUS",1,"LowerBoise_Fish_Taxa_Translator_20260508.csv","LowerBoise_Fish_Attributes_20260514.csv",TRUE,13210050,2017,43,"Main_Middleton",NA,NA,"SPECKLED DACE",FALSE,NA,TRUE,"LEUCISCIDAE","CYPRINIDAE","RHINICHTHYS",FALSE,FALSE,"NATIVE","4","4_middle","IV_middle","B","IV","cool","LITHOPHIL",FALSE,"yes","LBR_Fish_BCG_v1"
"BRMiddl2017","RHINICHTHYS OSCULUS",10,"LowerBoise_Fish_Taxa_Translator_20260508.csv","LowerBoise_Fish_Attributes_20260514.csv",TRUE,13210050,2017,0,"Main_Middleton",NA,NA,"SPECKLED DACE",FALSE,NA,TRUE,"LEUCISCIDAE","CYPRINIDAE","RHINICHTHYS",FALSE,FALSE,"NATIVE","4","4_middle","IV_middle","B","IV","cool","LITHOPHIL",FALSE,"yes","LBR_Fish_BCG_v1"
"BRMiddl2017","RICHARDSONIUS BALTEATUS BALTEATUS",1,"LowerBoise_Fish_Taxa_Translator_20260508.csv","LowerBoise_Fish_Attributes_20260514.csv",TRUE,13210050,2017,120,"Main_Middleton",4,"4","COLUMBIA REDSIDE SHINER",TRUE,6,TRUE,"LEUCISCIDAE","CYPRINIDAE","RICHARDSONIUS",FALSE,FALSE,"NATIVE","4","4_middle","IV_middle","W","IV","cool","LITHOPHIL",FALSE,"yes","LBR_Fish_BCG_v1"
"BRMiddl2017","RICHARDSONIUS BALTEATUS BALTEATUS",1,"LowerBoise_Fish_Taxa_Translator_20260508.csv","LowerBoise_Fish_Attributes_20260514.csv",TRUE,13210050,2017,50,"Main_Middleton",1,"1","COLUMBIA REDSIDE SHINER",TRUE,6,TRUE,"LEUCISCIDAE","CYPRINIDAE","RICHARDSONIUS",FALSE,FALSE,"NATIVE","4","4_middle","IV_middle","W","IV","cool","LITHOPHIL",FALSE,"yes","LBR_Fish_BCG_v1"
"BRMiddl2017","RICHARDSONIUS BALTEATUS BALTEATUS",1,"LowerBoise_Fish_Taxa_Translator_20260508.csv","LowerBoise_Fish_Attributes_20260514.csv",TRUE,13210050,2017,40,"Main_Middleton",1,"1","COLUMBIA REDSIDE SHINER",TRUE,6,TRUE,"LEUCISCIDAE","CYPRINIDAE","RICHARDSONIUS",FALSE,FALSE,"NATIVE","4","4_middle","IV_middle","W","IV","cool","LITHOPHIL",FALSE,"yes","LBR_Fish_BCG_v1"
"BRMiddl2017","RICHARDSONIUS BALTEATUS BALTEATUS",6,"LowerBoise_Fish_Taxa_Translator_20260508.csv","LowerBoise_Fish_Attributes_20260514.csv",TRUE,13210050,2017,0,"Main_Middleton",1,"1","COLUMBIA REDSIDE SHINER",TRUE,6,TRUE,"LEUCISCIDAE","CYPRINIDAE","RICHARDSONIUS",FALSE,FALSE,"NATIVE","4","4_middle","IV_middle","W","IV","cool","LITHOPHIL",FALSE,"yes","LBR_Fish_BCG_v1"
"BRParm2017","CATOSTOMUS MACROCHEILUS",1,"LowerBoise_Fish_Taxa_Translator_20260508.csv","LowerBoise_Fish_Attributes_20260514.csv",TRUE,13213030,2017,70,"Main_NotusParma",2,"2","LARGESCALE SUCKER",TRUE,8,TRUE,"CATOSTOMIDAE","","CATOSTOMUS",FALSE,FALSE,"NATIVE","4","4_middle","IV_middle","B","OM","cool","",FALSE,"yes","LBR_Fish_BCG_v1"
"BRParm2017","CATOSTOMUS MACROCHEILUS",1,"LowerBoise_Fish_Taxa_Translator_20260508.csv","LowerBoise_Fish_Attributes_20260514.csv",TRUE,13213030,2017,71,"Main_NotusParma",2,"2","LARGESCALE SUCKER",TRUE,8,TRUE,"CATOSTOMIDAE","","CATOSTOMUS",FALSE,FALSE,"NATIVE","4","4_middle","IV_middle","B","OM","cool","",FALSE,"yes","LBR_Fish_BCG_v1"
"BRParm2017","CATOSTOMUS MACROCHEILUS",1,"LowerBoise_Fish_Taxa_Translator_20260508.csv","LowerBoise_Fish_Attributes_20260514.csv",TRUE,13213030,2017,73,"Main_NotusParma",2,"2","LARGESCALE SUCKER",TRUE,8,TRUE,"CATOSTOMIDAE","","CATOSTOMUS",FALSE,FALSE,"NATIVE","4","4_middle","IV_middle","B","OM","cool","",FALSE,"yes","LBR_Fish_BCG_v1"
"BRParm2017","CATOSTOMUS MACROCHEILUS",1,"LowerBoise_Fish_Taxa_Translator_20260508.csv","LowerBoise_Fish_Attributes_20260514.csv",TRUE,13213030,2017,74,"Main_NotusParma",2,"2","LARGESCALE SUCKER",TRUE,8,TRUE,"CATOSTOMIDAE","","CATOSTOMUS",FALSE,FALSE,"NATIVE","4","4_middle","IV_middle","B","OM","cool","",FALSE,"yes","LBR_Fish_BCG_v1"
"BRParm2017","CATOSTOMUS MACROCHEILUS",1,"LowerBoise_Fish_Taxa_Translator_20260508.csv","LowerBoise_Fish_Attributes_20260514.csv",TRUE,13213030,2017,75,"Main_NotusParma",2,"2","LARGESCALE SUCKER",TRUE,8,TRUE,"CATOSTOMIDAE","","CATOSTOMUS",FALSE,FALSE,"NATIVE","4","4_middle","IV_middle","B","OM","cool","",FALSE,"yes","LBR_Fish_BCG_v1"
"BRParm2017","CATOSTOMUS MACROCHEILUS",1,"LowerBoise_Fish_Taxa_Translator_20260508.csv","LowerBoise_Fish_Attributes_20260514.csv",TRUE,13213030,2017,69,"Main_NotusParma",2,"2","LARGESCALE SUCKER",TRUE,8,TRUE,"CATOSTOMIDAE","","CATOSTOMUS",FALSE,FALSE,"NATIVE","4","4_middle","IV_middle","B","OM","cool","",FALSE,"yes","LBR_Fish_BCG_v1"
"BRParm2017","CATOSTOMUS MACROCHEILUS",1,"LowerBoise_Fish_Taxa_Translator_20260508.csv","LowerBoise_Fish_Attributes_20260514.csv",TRUE,13213030,2017,56,"Main_NotusParma",2,"2","LARGESCALE SUCKER",TRUE,8,TRUE,"CATOSTOMIDAE","","CATOSTOMUS",FALSE,FALSE,"NATIVE","4","4_middle","IV_middle","B","OM","cool","",FALSE,"yes","LBR_Fish_BCG_v1"
"BRParm2017","CATOSTOMUS MACROCHEILUS",1,"LowerBoise_Fish_Taxa_Translator_20260508.csv","LowerBoise_Fish_Attributes_20260514.csv",TRUE,13213030,2017,57,"Main_NotusParma",2,"2","LARGESCALE SUCKER",TRUE,8,TRUE,"CATOSTOMIDAE","","CATOSTOMUS",FALSE,FALSE,"NATIVE","4","4_middle","IV_middle","B","OM","cool","",FALSE,"yes","LBR_Fish_BCG_v1"
"BRParm2017","CATOSTOMUS MACROCHEILUS",1,"LowerBoise_Fish_Taxa_Translator_20260508.csv","LowerBoise_Fish_Attributes_20260514.csv",TRUE,13213030,2017,58,"Main_NotusParma",2,"2","LARGESCALE SUCKER",TRUE,8,TRUE,"CATOSTOMIDAE","","CATOSTOMUS",FALSE,FALSE,"NATIVE","4","4_middle","IV_middle","B","OM","cool","",FALSE,"yes","LBR_Fish_BCG_v1"
"BRParm2017","CATOSTOMUS MACROCHEILUS",1,"LowerBoise_Fish_Taxa_Translator_20260508.csv","LowerBoise_Fish_Attributes_20260514.csv",TRUE,13213030,2017,61,"Main_NotusParma",2,"2","LARGESCALE SUCKER",TRUE,8,TRUE,"CATOSTOMIDAE","","CATOSTOMUS",FALSE,FALSE,"NATIVE","4","4_middle","IV_middle","B","OM","cool","",FALSE,"yes","LBR_Fish_BCG_v1"
"BRParm2017","CATOSTOMUS MACROCHEILUS",1,"LowerBoise_Fish_Taxa_Translator_20260508.csv","LowerBoise_Fish_Attributes_20260514.csv",TRUE,13213030,2017,62,"Main_NotusParma",2,"2","LARGESCALE SUCKER",TRUE,8,TRUE,"CATOSTOMIDAE","","CATOSTOMUS",FALSE,FALSE,"NATIVE","4","4_middle","IV_middle","B","OM","cool","",FALSE,"yes","LBR_Fish_BCG_v1"
"BRParm2017","CATOSTOMUS MACROCHEILUS",1,"LowerBoise_Fish_Taxa_Translator_20260508.csv","LowerBoise_Fish_Attributes_20260514.csv",TRUE,13213030,2017,65,"Main_NotusParma",2,"2","LARGESCALE SUCKER",TRUE,8,TRUE,"CATOSTOMIDAE","","CATOSTOMUS",FALSE,FALSE,"NATIVE","4","4_middle","IV_middle","B","OM","cool","",FALSE,"yes","LBR_Fish_BCG_v1"
"BRParm2017","CATOSTOMUS MACROCHEILUS",1,"LowerBoise_Fish_Taxa_Translator_20260508.csv","LowerBoise_Fish_Attributes_20260514.csv",TRUE,13213030,2017,66,"Main_NotusParma",2,"2","LARGESCALE SUCKER",TRUE,8,TRUE,"CATOSTOMIDAE","","CATOSTOMUS",FALSE,FALSE,"NATIVE","4","4_middle","IV_middle","B","OM","cool","",FALSE,"yes","LBR_Fish_BCG_v1"
"BRParm2017","CATOSTOMUS MACROCHEILUS",1,"LowerBoise_Fish_Taxa_Translator_20260508.csv","LowerBoise_Fish_Attributes_20260514.csv",TRUE,13213030,2017,68,"Main_NotusParma",2,"2","LARGESCALE SUCKER",TRUE,8,TRUE,"CATOSTOMIDAE","","CATOSTOMUS",FALSE,FALSE,"NATIVE","4","4_middle","IV_middle","B","OM","cool","",FALSE,"yes","LBR_Fish_BCG_v1"
"BRParm2017","CATOSTOMUS MACROCHEILUS",1,"LowerBoise_Fish_Taxa_Translator_20260508.csv","LowerBoise_Fish_Attributes_20260514.csv",TRUE,13213030,2017,76,"Main_NotusParma",2,"2","LARGESCALE SUCKER",TRUE,8,TRUE,"CATOSTOMIDAE","","CATOSTOMUS",FALSE,FALSE,"NATIVE","4","4_middle","IV_middle","B","OM","cool","",FALSE,"yes","LBR_Fish_BCG_v1"
"BRParm2017","CATOSTOMUS MACROCHEILUS",1,"LowerBoise_Fish_Taxa_Translator_20260508.csv","LowerBoise_Fish_Attributes_20260514.csv",TRUE,13213030,2017,77,"Main_NotusParma",2,"2","LARGESCALE SUCKER",TRUE,8,TRUE,"CATOSTOMIDAE","","CATOSTOMUS",FALSE,FALSE,"NATIVE","4","4_middle","IV_middle","B","OM","cool","",FALSE,"yes","LBR_Fish_BCG_v1"
"BRParm2017","CATOSTOMUS MACROCHEILUS",1,"LowerBoise_Fish_Taxa_Translator_20260508.csv","LowerBoise_Fish_Attributes_20260514.csv",TRUE,13213030,2017,80,"Main_NotusParma",2,"2","LARGESCALE SUCKER",TRUE,8,TRUE,"CATOSTOMIDAE","","CATOSTOMUS",FALSE,FALSE,"NATIVE","4","4_middle","IV_middle","B","OM","cool","",FALSE,"yes","LBR_Fish_BCG_v1"
"BRParm2017","CATOSTOMUS MACROCHEILUS",1,"LowerBoise_Fish_Taxa_Translator_20260508.csv","LowerBoise_Fish_Attributes_20260514.csv",TRUE,13213030,2017,87,"Main_NotusParma",3,"3","LARGESCALE SUCKER",TRUE,8,TRUE,"CATOSTOMIDAE","","CATOSTOMUS",FALSE,FALSE,"NATIVE","4","4_middle","IV_middle","B","OM","cool","",FALSE,"yes","LBR_Fish_BCG_v1"
"BRParm2017","CATOSTOMUS MACROCHEILUS",1,"LowerBoise_Fish_Taxa_Translator_20260508.csv","LowerBoise_Fish_Attributes_20260514.csv",TRUE,13213030,2017,44,"Main_NotusParma",1,"1","LARGESCALE SUCKER",TRUE,8,TRUE,"CATOSTOMIDAE","","CATOSTOMUS",FALSE,FALSE,"NATIVE","4","4_middle","IV_middle","B","OM","cool","",FALSE,"yes","LBR_Fish_BCG_v1"
"BRParm2017","CATOSTOMUS MACROCHEILUS",1,"LowerBoise_Fish_Taxa_Translator_20260508.csv","LowerBoise_Fish_Attributes_20260514.csv",TRUE,13213030,2017,49,"Main_NotusParma",2,"2","LARGESCALE SUCKER",TRUE,8,TRUE,"CATOSTOMIDAE","","CATOSTOMUS",FALSE,FALSE,"NATIVE","4","4_middle","IV_middle","B","OM","cool","",FALSE,"yes","LBR_Fish_BCG_v1"
"BRParm2017","CATOSTOMUS MACROCHEILUS",1,"LowerBoise_Fish_Taxa_Translator_20260508.csv","LowerBoise_Fish_Attributes_20260514.csv",TRUE,13213030,2017,53,"Main_NotusParma",2,"2","LARGESCALE SUCKER",TRUE,8,TRUE,"CATOSTOMIDAE","","CATOSTOMUS",FALSE,FALSE,"NATIVE","4","4_middle","IV_middle","B","OM","cool","",FALSE,"yes","LBR_Fish_BCG_v1"
"BRParm2017","CATOSTOMUS MACROCHEILUS",1,"LowerBoise_Fish_Taxa_Translator_20260508.csv","LowerBoise_Fish_Attributes_20260514.csv",TRUE,13213030,2017,104,"Main_NotusParma",3,"3","LARGESCALE SUCKER",TRUE,8,TRUE,"CATOSTOMIDAE","","CATOSTOMUS",FALSE,FALSE,"NATIVE","4","4_middle","IV_middle","B","OM","cool","",FALSE,"yes","LBR_Fish_BCG_v1"
"BRParm2017","CATOSTOMUS MACROCHEILUS",42,"LowerBoise_Fish_Taxa_Translator_20260508.csv","LowerBoise_Fish_Attributes_20260514.csv",TRUE,13213030,2017,0,"Main_NotusParma",1,"1","LARGESCALE SUCKER",TRUE,8,TRUE,"CATOSTOMIDAE","","CATOSTOMUS",FALSE,FALSE,"NATIVE","4","4_middle","IV_middle","B","OM","cool","",FALSE,"yes","LBR_Fish_BCG_v1"
"BRParm2017","CYPRINUS CARPIO",9,"LowerBoise_Fish_Taxa_Translator_20260508.csv","LowerBoise_Fish_Attributes_20260514.csv",TRUE,13213030,2017,0,"Main_NotusParma",NA,NA,"COMMON CARP",FALSE,NA,TRUE,"CYPRINIDAE","CYPRINIDAE","CYPRINUS",FALSE,FALSE,"NON_NATIVE","6t","","VI t","B","OM","warm","",FALSE,"yes","LBR_Fish_BCG_v1"
"BRParm2017","MICROPTERUS DOLOMIEU",1,"LowerBoise_Fish_Taxa_Translator_20260508.csv","LowerBoise_Fish_Attributes_20260514.csv",TRUE,13213030,2017,51,"Main_NotusParma",1,"1","SMALLMOUTH BASS",TRUE,6,TRUE,"CENTRARCHIDAE","","MICROPTERUS",FALSE,FALSE,"NON_NATIVE","6m","","VI m","W","TC","cool","",FALSE,"yes","LBR_Fish_BCG_v1"
"BRParm2017","MICROPTERUS DOLOMIEU",2,"LowerBoise_Fish_Taxa_Translator_20260508.csv","LowerBoise_Fish_Attributes_20260514.csv",TRUE,13213030,2017,100,"Main_NotusParma",1,"1","SMALLMOUTH BASS",TRUE,6,TRUE,"CENTRARCHIDAE","","MICROPTERUS",FALSE,FALSE,"NON_NATIVE","6m","","VI m","W","TC","cool","",FALSE,"yes","LBR_Fish_BCG_v1"
"BRParm2017","MICROPTERUS DOLOMIEU",2,"LowerBoise_Fish_Taxa_Translator_20260508.csv","LowerBoise_Fish_Attributes_20260514.csv",TRUE,13213030,2017,215,"Main_NotusParma",2,"2","SMALLMOUTH BASS",TRUE,6,TRUE,"CENTRARCHIDAE","","MICROPTERUS",FALSE,FALSE,"NON_NATIVE","6m","","VI m","W","TC","cool","",FALSE,"yes","LBR_Fish_BCG_v1"
"BRParm2017","MICROPTERUS DOLOMIEU",1,"LowerBoise_Fish_Taxa_Translator_20260508.csv","LowerBoise_Fish_Attributes_20260514.csv",TRUE,13213030,2017,39,"Main_NotusParma",1,"1","SMALLMOUTH BASS",TRUE,6,TRUE,"CENTRARCHIDAE","","MICROPTERUS",FALSE,FALSE,"NON_NATIVE","6m","","VI m","W","TC","cool","",FALSE,"yes","LBR_Fish_BCG_v1"
"BRParm2017","MICROPTERUS DOLOMIEU",2,"LowerBoise_Fish_Taxa_Translator_20260508.csv","LowerBoise_Fish_Attributes_20260514.csv",TRUE,13213030,2017,235,"Main_NotusParma",3,"3","SMALLMOUTH BASS",TRUE,6,TRUE,"CENTRARCHIDAE","","MICROPTERUS",FALSE,FALSE,"NON_NATIVE","6m","","VI m","W","TC","cool","",FALSE,"yes","LBR_Fish_BCG_v1"
"BRParm2017","MICROPTERUS DOLOMIEU",1,"LowerBoise_Fish_Taxa_Translator_20260508.csv","LowerBoise_Fish_Attributes_20260514.csv",TRUE,13213030,2017,275,"Main_NotusParma",3,"3","SMALLMOUTH BASS",TRUE,6,TRUE,"CENTRARCHIDAE","","MICROPTERUS",FALSE,FALSE,"NON_NATIVE","6m","","VI m","W","TC","cool","",FALSE,"yes","LBR_Fish_BCG_v1"
"BRParm2017","MICROPTERUS DOLOMIEU",1,"LowerBoise_Fish_Taxa_Translator_20260508.csv","LowerBoise_Fish_Attributes_20260514.csv",TRUE,13213030,2017,220,"Main_NotusParma",2,"2","SMALLMOUTH BASS",TRUE,6,TRUE,"CENTRARCHIDAE","","MICROPTERUS",FALSE,FALSE,"NON_NATIVE","6m","","VI m","W","TC","cool","",FALSE,"yes","LBR_Fish_BCG_v1"
"BRParm2017","MICROPTERUS DOLOMIEU",3,"LowerBoise_Fish_Taxa_Translator_20260508.csv","LowerBoise_Fish_Attributes_20260514.csv",TRUE,13213030,2017,225,"Main_NotusParma",3,"3","SMALLMOUTH BASS",TRUE,6,TRUE,"CENTRARCHIDAE","","MICROPTERUS",FALSE,FALSE,"NON_NATIVE","6m","","VI m","W","TC","cool","",FALSE,"yes","LBR_Fish_BCG_v1"
"BRParm2017","MICROPTERUS DOLOMIEU",2,"LowerBoise_Fish_Taxa_Translator_20260508.csv","LowerBoise_Fish_Attributes_20260514.csv",TRUE,13213030,2017,230,"Main_NotusParma",3,"3","SMALLMOUTH BASS",TRUE,6,TRUE,"CENTRARCHIDAE","","MICROPTERUS",FALSE,FALSE,"NON_NATIVE","6m","","VI m","W","TC","cool","",FALSE,"yes","LBR_Fish_BCG_v1"
"BRParm2017","MISGURNUS ANGUILLICAUDATUS",1,"LowerBoise_Fish_Taxa_Translator_20260508.csv","LowerBoise_Fish_Attributes_20260514.csv",TRUE,13213030,2017,72,"Main_NotusParma",NA,NA,"ORIENTAL WEATHERFISH",FALSE,NA,TRUE,"COBITIDAE","","MISGURNUS",FALSE,FALSE,"NON_NATIVE","6t","","VI t","B","OM","warm","",FALSE,"yes","LBR_Fish_BCG_v1"
"BRParm2017","MISGURNUS ANGUILLICAUDATUS",1,"LowerBoise_Fish_Taxa_Translator_20260508.csv","LowerBoise_Fish_Attributes_20260514.csv",TRUE,13213030,2017,79,"Main_NotusParma",NA,NA,"ORIENTAL WEATHERFISH",FALSE,NA,TRUE,"COBITIDAE","","MISGURNUS",FALSE,FALSE,"NON_NATIVE","6t","","VI t","B","OM","warm","",FALSE,"yes","LBR_Fish_BCG_v1"
"BRParm2017","MISGURNUS ANGUILLICAUDATUS",1,"LowerBoise_Fish_Taxa_Translator_20260508.csv","LowerBoise_Fish_Attributes_20260514.csv",TRUE,13213030,2017,50,"Main_NotusParma",NA,NA,"ORIENTAL WEATHERFISH",FALSE,NA,TRUE,"COBITIDAE","","MISGURNUS",FALSE,FALSE,"NON_NATIVE","6t","","VI t","B","OM","warm","",FALSE,"yes","LBR_Fish_BCG_v1"
"BRParm2017","MISGURNUS ANGUILLICAUDATUS",1,"LowerBoise_Fish_Taxa_Translator_20260508.csv","LowerBoise_Fish_Attributes_20260514.csv",TRUE,13213030,2017,77,"Main_NotusParma",NA,NA,"ORIENTAL WEATHERFISH",FALSE,NA,TRUE,"COBITIDAE","","MISGURNUS",FALSE,FALSE,"NON_NATIVE","6t","","VI t","B","OM","warm","",FALSE,"yes","LBR_Fish_BCG_v1"
"BRParm2017","MISGURNUS ANGUILLICAUDATUS",1,"LowerBoise_Fish_Taxa_Translator_20260508.csv","LowerBoise_Fish_Attributes_20260514.csv",TRUE,13213030,2017,65,"Main_NotusParma",NA,NA,"ORIENTAL WEATHERFISH",FALSE,NA,TRUE,"COBITIDAE","","MISGURNUS",FALSE,FALSE,"NON_NATIVE","6t","","VI t","B","OM","warm","",FALSE,"yes","LBR_Fish_BCG_v1"
"BRParm2017","MISGURNUS ANGUILLICAUDATUS",1,"LowerBoise_Fish_Taxa_Translator_20260508.csv","LowerBoise_Fish_Attributes_20260514.csv",TRUE,13213030,2017,103,"Main_NotusParma",NA,NA,"ORIENTAL WEATHERFISH",FALSE,NA,TRUE,"COBITIDAE","","MISGURNUS",FALSE,FALSE,"NON_NATIVE","6t","","VI t","B","OM","warm","",FALSE,"yes","LBR_Fish_BCG_v1"
"BRParm2017","PANTOSTEUS PLATYRHYNCHUS",1,"LowerBoise_Fish_Taxa_Translator_20260508.csv","LowerBoise_Fish_Attributes_20260514.csv",TRUE,13213030,2017,42,"Main_NotusParma",2,"2","MOUNTAIN SUCKER",TRUE,10,TRUE,"CATOSTOMIDAE","","PANTOSTEUS",FALSE,FALSE,"NATIVE","4","4_better","IV_better","B","HB","cool","",FALSE,"yes","LBR_Fish_BCG_v1"
"BRParm2017","PANTOSTEUS PLATYRHYNCHUS",1,"LowerBoise_Fish_Taxa_Translator_20260508.csv","LowerBoise_Fish_Attributes_20260514.csv",TRUE,13213030,2017,58,"Main_NotusParma",2,"2","MOUNTAIN SUCKER",TRUE,10,TRUE,"CATOSTOMIDAE","","PANTOSTEUS",FALSE,FALSE,"NATIVE","4","4_better","IV_better","B","HB","cool","",FALSE,"yes","LBR_Fish_BCG_v1"
"BRParm2017","PANTOSTEUS PLATYRHYNCHUS",1,"LowerBoise_Fish_Taxa_Translator_20260508.csv","LowerBoise_Fish_Attributes_20260514.csv",TRUE,13213030,2017,53,"Main_NotusParma",2,"2","MOUNTAIN SUCKER",TRUE,10,TRUE,"CATOSTOMIDAE","","PANTOSTEUS",FALSE,FALSE,"NATIVE","4","4_better","IV_better","B","HB","cool","",FALSE,"yes","LBR_Fish_BCG_v1"
"BRParm2017","PANTOSTEUS PLATYRHYNCHUS",1,"LowerBoise_Fish_Taxa_Translator_20260508.csv","LowerBoise_Fish_Attributes_20260514.csv",TRUE,13213030,2017,43,"Main_NotusParma",2,"2","MOUNTAIN SUCKER",TRUE,10,TRUE,"CATOSTOMIDAE","","PANTOSTEUS",FALSE,FALSE,"NATIVE","4","4_better","IV_better","B","HB","cool","",FALSE,"yes","LBR_Fish_BCG_v1"
"BRParm2017","PANTOSTEUS PLATYRHYNCHUS",1,"LowerBoise_Fish_Taxa_Translator_20260508.csv","LowerBoise_Fish_Attributes_20260514.csv",TRUE,13213030,2017,48,"Main_NotusParma",2,"2","MOUNTAIN SUCKER",TRUE,10,TRUE,"CATOSTOMIDAE","","PANTOSTEUS",FALSE,FALSE,"NATIVE","4","4_better","IV_better","B","HB","cool","",FALSE,"yes","LBR_Fish_BCG_v1"
"BRParm2017","PANTOSTEUS PLATYRHYNCHUS",1,"LowerBoise_Fish_Taxa_Translator_20260508.csv","LowerBoise_Fish_Attributes_20260514.csv",TRUE,13213030,2017,52,"Main_NotusParma",2,"2","MOUNTAIN SUCKER",TRUE,10,TRUE,"CATOSTOMIDAE","","PANTOSTEUS",FALSE,FALSE,"NATIVE","4","4_better","IV_better","B","HB","cool","",FALSE,"yes","LBR_Fish_BCG_v1"
"BRParm2017","PANTOSTEUS PLATYRHYNCHUS",1,"LowerBoise_Fish_Taxa_Translator_20260508.csv","LowerBoise_Fish_Attributes_20260514.csv",TRUE,13213030,2017,46,"Main_NotusParma",2,"2","MOUNTAIN SUCKER",TRUE,10,TRUE,"CATOSTOMIDAE","","PANTOSTEUS",FALSE,FALSE,"NATIVE","4","4_better","IV_better","B","HB","cool","",FALSE,"yes","LBR_Fish_BCG_v1"
"BRParm2017","PANTOSTEUS PLATYRHYNCHUS",1,"LowerBoise_Fish_Taxa_Translator_20260508.csv","LowerBoise_Fish_Attributes_20260514.csv",TRUE,13213030,2017,77,"Main_NotusParma",3,"3","MOUNTAIN SUCKER",TRUE,10,TRUE,"CATOSTOMIDAE","","PANTOSTEUS",FALSE,FALSE,"NATIVE","4","4_better","IV_better","B","HB","cool","",FALSE,"yes","LBR_Fish_BCG_v1"
"BRParm2017","PANTOSTEUS PLATYRHYNCHUS",1,"LowerBoise_Fish_Taxa_Translator_20260508.csv","LowerBoise_Fish_Attributes_20260514.csv",TRUE,13213030,2017,55,"Main_NotusParma",2,"2","MOUNTAIN SUCKER",TRUE,10,TRUE,"CATOSTOMIDAE","","PANTOSTEUS",FALSE,FALSE,"NATIVE","4","4_better","IV_better","B","HB","cool","",FALSE,"yes","LBR_Fish_BCG_v1"
"BRParm2017","PANTOSTEUS PLATYRHYNCHUS",1,"LowerBoise_Fish_Taxa_Translator_20260508.csv","LowerBoise_Fish_Attributes_20260514.csv",TRUE,13213030,2017,51,"Main_NotusParma",2,"2","MOUNTAIN SUCKER",TRUE,10,TRUE,"CATOSTOMIDAE","","PANTOSTEUS",FALSE,FALSE,"NATIVE","4","4_better","IV_better","B","HB","cool","",FALSE,"yes","LBR_Fish_BCG_v1"
"BRParm2017","PANTOSTEUS PLATYRHYNCHUS",1,"LowerBoise_Fish_Taxa_Translator_20260508.csv","LowerBoise_Fish_Attributes_20260514.csv",TRUE,13213030,2017,36,"Main_NotusParma",2,"2","MOUNTAIN SUCKER",TRUE,10,TRUE,"CATOSTOMIDAE","","PANTOSTEUS",FALSE,FALSE,"NATIVE","4","4_better","IV_better","B","HB","cool","",FALSE,"yes","LBR_Fish_BCG_v1"
"BRParm2017","PANTOSTEUS PLATYRHYNCHUS",1,"LowerBoise_Fish_Taxa_Translator_20260508.csv","LowerBoise_Fish_Attributes_20260514.csv",TRUE,13213030,2017,47,"Main_NotusParma",2,"2","MOUNTAIN SUCKER",TRUE,10,TRUE,"CATOSTOMIDAE","","PANTOSTEUS",FALSE,FALSE,"NATIVE","4","4_better","IV_better","B","HB","cool","",FALSE,"yes","LBR_Fish_BCG_v1"
"BRParm2017","PANTOSTEUS PLATYRHYNCHUS",1,"LowerBoise_Fish_Taxa_Translator_20260508.csv","LowerBoise_Fish_Attributes_20260514.csv",TRUE,13213030,2017,61,"Main_NotusParma",2,"2","MOUNTAIN SUCKER",TRUE,10,TRUE,"CATOSTOMIDAE","","PANTOSTEUS",FALSE,FALSE,"NATIVE","4","4_better","IV_better","B","HB","cool","",FALSE,"yes","LBR_Fish_BCG_v1"
"BRParm2017","PANTOSTEUS PLATYRHYNCHUS",1,"LowerBoise_Fish_Taxa_Translator_20260508.csv","LowerBoise_Fish_Attributes_20260514.csv",TRUE,13213030,2017,76,"Main_NotusParma",3,"3","MOUNTAIN SUCKER",TRUE,10,TRUE,"CATOSTOMIDAE","","PANTOSTEUS",FALSE,FALSE,"NATIVE","4","4_better","IV_better","B","HB","cool","",FALSE,"yes","LBR_Fish_BCG_v1"
"BRParm2017","PANTOSTEUS PLATYRHYNCHUS",1,"LowerBoise_Fish_Taxa_Translator_20260508.csv","LowerBoise_Fish_Attributes_20260514.csv",TRUE,13213030,2017,50,"Main_NotusParma",2,"2","MOUNTAIN SUCKER",TRUE,10,TRUE,"CATOSTOMIDAE","","PANTOSTEUS",FALSE,FALSE,"NATIVE","4","4_better","IV_better","B","HB","cool","",FALSE,"yes","LBR_Fish_BCG_v1"
"BRParm2017","PIMEPHALES PROMELAS",1,"LowerBoise_Fish_Taxa_Translator_20260508.csv","LowerBoise_Fish_Attributes_20260514.csv",TRUE,13213030,2017,65,"Main_NotusParma",NA,NA,"FATHEAD MINNOW",FALSE,NA,TRUE,"LEUCISCIDAE","CYPRINIDAE","PIMEPHALES",FALSE,FALSE,"NON_NATIVE","6t","","VI t","W","OM","warm","",FALSE,"yes","LBR_Fish_BCG_v1"
"BRParm2017","PIMEPHALES PROMELAS",1,"LowerBoise_Fish_Taxa_Translator_20260508.csv","LowerBoise_Fish_Attributes_20260514.csv",TRUE,13213030,2017,48,"Main_NotusParma",NA,NA,"FATHEAD MINNOW",FALSE,NA,TRUE,"LEUCISCIDAE","CYPRINIDAE","PIMEPHALES",FALSE,FALSE,"NON_NATIVE","6t","","VI t","W","OM","warm","",FALSE,"yes","LBR_Fish_BCG_v1"
"BRParm2017","PROSOPIUM WILLIAMSONI",2,"LowerBoise_Fish_Taxa_Translator_20260508.csv","LowerBoise_Fish_Attributes_20260514.csv",TRUE,13213030,2017,175,"Main_NotusParma",3,"3","MOUNTAIN WHITEFISH",TRUE,9,TRUE,"SALMONIDAE","","PROSOPIUM",FALSE,FALSE,"NATIVE","3","","III","B","IV","cold","",FALSE,"yes","LBR_Fish_BCG_v1"
"BRParm2017","PROSOPIUM WILLIAMSONI",2,"LowerBoise_Fish_Taxa_Translator_20260508.csv","LowerBoise_Fish_Attributes_20260514.csv",TRUE,13213030,2017,185,"Main_NotusParma",3,"3","MOUNTAIN WHITEFISH",TRUE,9,TRUE,"SALMONIDAE","","PROSOPIUM",FALSE,FALSE,"NATIVE","3","","III","B","IV","cold","",FALSE,"yes","LBR_Fish_BCG_v1"
"BRParm2017","PROSOPIUM WILLIAMSONI",1,"LowerBoise_Fish_Taxa_Translator_20260508.csv","LowerBoise_Fish_Attributes_20260514.csv",TRUE,13213030,2017,170,"Main_NotusParma",2,"2","MOUNTAIN WHITEFISH",TRUE,9,TRUE,"SALMONIDAE","","PROSOPIUM",FALSE,FALSE,"NATIVE","3","","III","B","IV","cold","",FALSE,"yes","LBR_Fish_BCG_v1"
"BRParm2017","PROSOPIUM WILLIAMSONI",1,"LowerBoise_Fish_Taxa_Translator_20260508.csv","LowerBoise_Fish_Attributes_20260514.csv",TRUE,13213030,2017,165,"Main_NotusParma",2,"2","MOUNTAIN WHITEFISH",TRUE,9,TRUE,"SALMONIDAE","","PROSOPIUM",FALSE,FALSE,"NATIVE","3","","III","B","IV","cold","",FALSE,"yes","LBR_Fish_BCG_v1"
"BRParm2017","PROSOPIUM WILLIAMSONI",3,"LowerBoise_Fish_Taxa_Translator_20260508.csv","LowerBoise_Fish_Attributes_20260514.csv",TRUE,13213030,2017,195,"Main_NotusParma",3,"3","MOUNTAIN WHITEFISH",TRUE,9,TRUE,"SALMONIDAE","","PROSOPIUM",FALSE,FALSE,"NATIVE","3","","III","B","IV","cold","",FALSE,"yes","LBR_Fish_BCG_v1"
"BRParm2017","RHINICHTHYS CATARACTAE",1,"LowerBoise_Fish_Taxa_Translator_20260508.csv","LowerBoise_Fish_Attributes_20260514.csv",TRUE,13213030,2017,41,"Main_NotusParma",2,"2","LONGNOSE DACE",TRUE,6,TRUE,"LEUCISCIDAE","CYPRINIDAE","RHINICHTHYS",FALSE,FALSE,"NATIVE","4","4_better","IV_better","B","IV","cool","LITHOPHIL",FALSE,"yes","LBR_Fish_BCG_v1"
"BRParm2017","RHINICHTHYS CATARACTAE",1,"LowerBoise_Fish_Taxa_Translator_20260508.csv","LowerBoise_Fish_Attributes_20260514.csv",TRUE,13213030,2017,0,"Main_NotusParma",1,"1","LONGNOSE DACE",TRUE,6,TRUE,"LEUCISCIDAE","CYPRINIDAE","RHINICHTHYS",FALSE,FALSE,"NATIVE","4","4_better","IV_better","B","IV","cool","LITHOPHIL",FALSE,"yes","LBR_Fish_BCG_v1"
"BRParm2017","RHINICHTHYS CATARACTAE",1,"LowerBoise_Fish_Taxa_Translator_20260508.csv","LowerBoise_Fish_Attributes_20260514.csv",TRUE,13213030,2017,45,"Main_NotusParma",2,"2","LONGNOSE DACE",TRUE,6,TRUE,"LEUCISCIDAE","CYPRINIDAE","RHINICHTHYS",FALSE,FALSE,"NATIVE","4","4_better","IV_better","B","IV","cool","LITHOPHIL",FALSE,"yes","LBR_Fish_BCG_v1"
"BRParm2017","RHINICHTHYS CATARACTAE",1,"LowerBoise_Fish_Taxa_Translator_20260508.csv","LowerBoise_Fish_Attributes_20260514.csv",TRUE,13213030,2017,40,"Main_NotusParma",2,"2","LONGNOSE DACE",TRUE,6,TRUE,"LEUCISCIDAE","CYPRINIDAE","RHINICHTHYS",FALSE,FALSE,"NATIVE","4","4_better","IV_better","B","IV","cool","LITHOPHIL",FALSE,"yes","LBR_Fish_BCG_v1"
"BRParm2017","RHINICHTHYS CATARACTAE",1,"LowerBoise_Fish_Taxa_Translator_20260508.csv","LowerBoise_Fish_Attributes_20260514.csv",TRUE,13213030,2017,42,"Main_NotusParma",2,"2","LONGNOSE DACE",TRUE,6,TRUE,"LEUCISCIDAE","CYPRINIDAE","RHINICHTHYS",FALSE,FALSE,"NATIVE","4","4_better","IV_better","B","IV","cool","LITHOPHIL",FALSE,"yes","LBR_Fish_BCG_v1"
"BRParm2017","RHINICHTHYS CATARACTAE",1,"LowerBoise_Fish_Taxa_Translator_20260508.csv","LowerBoise_Fish_Attributes_20260514.csv",TRUE,13213030,2017,49,"Main_NotusParma",2,"2","LONGNOSE DACE",TRUE,6,TRUE,"LEUCISCIDAE","CYPRINIDAE","RHINICHTHYS",FALSE,FALSE,"NATIVE","4","4_better","IV_better","B","IV","cool","LITHOPHIL",FALSE,"yes","LBR_Fish_BCG_v1"
"BRParm2017","RHINICHTHYS CATARACTAE",1,"LowerBoise_Fish_Taxa_Translator_20260508.csv","LowerBoise_Fish_Attributes_20260514.csv",TRUE,13213030,2017,38,"Main_NotusParma",2,"2","LONGNOSE DACE",TRUE,6,TRUE,"LEUCISCIDAE","CYPRINIDAE","RHINICHTHYS",FALSE,FALSE,"NATIVE","4","4_better","IV_better","B","IV","cool","LITHOPHIL",FALSE,"yes","LBR_Fish_BCG_v1"
"BRParm2017","RHINICHTHYS CATARACTAE",1,"LowerBoise_Fish_Taxa_Translator_20260508.csv","LowerBoise_Fish_Attributes_20260514.csv",TRUE,13213030,2017,34,"Main_NotusParma",2,"2","LONGNOSE DACE",TRUE,6,TRUE,"LEUCISCIDAE","CYPRINIDAE","RHINICHTHYS",FALSE,FALSE,"NATIVE","4","4_better","IV_better","B","IV","cool","LITHOPHIL",FALSE,"yes","LBR_Fish_BCG_v1"
"BRParm2017","RHINICHTHYS CATARACTAE",1,"LowerBoise_Fish_Taxa_Translator_20260508.csv","LowerBoise_Fish_Attributes_20260514.csv",TRUE,13213030,2017,32,"Main_NotusParma",2,"2","LONGNOSE DACE",TRUE,6,TRUE,"LEUCISCIDAE","CYPRINIDAE","RHINICHTHYS",FALSE,FALSE,"NATIVE","4","4_better","IV_better","B","IV","cool","LITHOPHIL",FALSE,"yes","LBR_Fish_BCG_v1"
"BRParm2017","RHINICHTHYS FALCATUS",1,"LowerBoise_Fish_Taxa_Translator_20260508.csv","LowerBoise_Fish_Attributes_20260514.csv",TRUE,13213030,2017,37,"Main_NotusParma",NA,NA,"LEOPARD DACE",FALSE,NA,TRUE,"LEUCISCIDAE","CYPRINIDAE","RHINICHTHYS",FALSE,FALSE,"NATIVE","4","4_better","IV_better","B","IV","cool","LITHOPHIL",FALSE,"yes","LBR_Fish_BCG_v1"
"BRParm2017","RHINICHTHYS FALCATUS",1,"LowerBoise_Fish_Taxa_Translator_20260508.csv","LowerBoise_Fish_Attributes_20260514.csv",TRUE,13213030,2017,45,"Main_NotusParma",NA,NA,"LEOPARD DACE",FALSE,NA,TRUE,"LEUCISCIDAE","CYPRINIDAE","RHINICHTHYS",FALSE,FALSE,"NATIVE","4","4_better","IV_better","B","IV","cool","LITHOPHIL",FALSE,"yes","LBR_Fish_BCG_v1"
"BRParm2017","RHINICHTHYS FALCATUS",1,"LowerBoise_Fish_Taxa_Translator_20260508.csv","LowerBoise_Fish_Attributes_20260514.csv",TRUE,13213030,2017,48,"Main_NotusParma",NA,NA,"LEOPARD DACE",FALSE,NA,TRUE,"LEUCISCIDAE","CYPRINIDAE","RHINICHTHYS",FALSE,FALSE,"NATIVE","4","4_better","IV_better","B","IV","cool","LITHOPHIL",FALSE,"yes","LBR_Fish_BCG_v1"
"BRParm2017","RICHARDSONIUS BALTEATUS BALTEATUS",1,"LowerBoise_Fish_Taxa_Translator_20260508.csv","LowerBoise_Fish_Attributes_20260514.csv",TRUE,13213030,2017,0,"Main_NotusParma",1,"1","COLUMBIA REDSIDE SHINER",TRUE,6,TRUE,"LEUCISCIDAE","CYPRINIDAE","RICHARDSONIUS",FALSE,FALSE,"NATIVE","4","4_middle","IV_middle","W","IV","cool","LITHOPHIL",FALSE,"yes","LBR_Fish_BCG_v1"
"BRSouthChan2017","CATOSTOMUS MACROCHEILUS",20,"LowerBoise_Fish_Taxa_Translator_20260508.csv","LowerBoise_Fish_Attributes_20260514.csv",TRUE,13206305,2017,0,"Main_SoChannel",1,"1","LARGESCALE SUCKER",TRUE,8,TRUE,"CATOSTOMIDAE","","CATOSTOMUS",FALSE,FALSE,"NATIVE","4","4_middle","IV_middle","B","OM","cool","",FALSE,"yes","LBR_Fish_BCG_v1"
"BRSouthChan2017","COTTUS HUBBSI",1,"LowerBoise_Fish_Taxa_Translator_20260508.csv","LowerBoise_Fish_Attributes_20260514.csv",TRUE,13206305,2017,90,"Main_SoChannel",3,"3","COLUMBIA SCULPIN",TRUE,6,TRUE,"COTTIDAE","","COTTUS",FALSE,FALSE,"NATIVE","4","4_better","IV_better","B","IV","cool","LITHOPHIL",FALSE,"yes","LBR_Fish_BCG_v1"
"BRSouthChan2017","COTTUS HUBBSI",19,"LowerBoise_Fish_Taxa_Translator_20260508.csv","LowerBoise_Fish_Attributes_20260514.csv",TRUE,13206305,2017,0,"Main_SoChannel",1,"1","COLUMBIA SCULPIN",TRUE,6,TRUE,"COTTIDAE","","COTTUS",FALSE,FALSE,"NATIVE","4","4_better","IV_better","B","IV","cool","LITHOPHIL",FALSE,"yes","LBR_Fish_BCG_v1"
"BRSouthChan2017","COTTUS HUBBSI",1,"LowerBoise_Fish_Taxa_Translator_20260508.csv","LowerBoise_Fish_Attributes_20260514.csv",TRUE,13206305,2017,85,"Main_SoChannel",3,"3","COLUMBIA SCULPIN",TRUE,6,TRUE,"COTTIDAE","","COTTUS",FALSE,FALSE,"NATIVE","4","4_better","IV_better","B","IV","cool","LITHOPHIL",FALSE,"yes","LBR_Fish_BCG_v1"
"BRSouthChan2017","COTTUS HUBBSI",1,"LowerBoise_Fish_Taxa_Translator_20260508.csv","LowerBoise_Fish_Attributes_20260514.csv",TRUE,13206305,2017,60,"Main_SoChannel",2,"2","COLUMBIA SCULPIN",TRUE,6,TRUE,"COTTIDAE","","COTTUS",FALSE,FALSE,"NATIVE","4","4_better","IV_better","B","IV","cool","LITHOPHIL",FALSE,"yes","LBR_Fish_BCG_v1"
"BRSouthChan2017","COTTUS HUBBSI",1,"LowerBoise_Fish_Taxa_Translator_20260508.csv","LowerBoise_Fish_Attributes_20260514.csv",TRUE,13206305,2017,55,"Main_SoChannel",2,"2","COLUMBIA SCULPIN",TRUE,6,TRUE,"COTTIDAE","","COTTUS",FALSE,FALSE,"NATIVE","4","4_better","IV_better","B","IV","cool","LITHOPHIL",FALSE,"yes","LBR_Fish_BCG_v1"
"BRSouthChan2017","COTTUS HUBBSI",1,"LowerBoise_Fish_Taxa_Translator_20260508.csv","LowerBoise_Fish_Attributes_20260514.csv",TRUE,13206305,2017,50,"Main_SoChannel",1,"1","COLUMBIA SCULPIN",TRUE,6,TRUE,"COTTIDAE","","COTTUS",FALSE,FALSE,"NATIVE","4","4_better","IV_better","B","IV","cool","LITHOPHIL",FALSE,"yes","LBR_Fish_BCG_v1"
"BRSouthChan2017","LEPOMIS MACROCHIRUS",1,"LowerBoise_Fish_Taxa_Translator_20260508.csv","LowerBoise_Fish_Attributes_20260514.csv",TRUE,13206305,2017,65,"Main_SoChannel",NA,NA,"BLUEGILL",FALSE,NA,TRUE,"CENTRARCHIDAE","","LEPOMIS",FALSE,FALSE,"NON_NATIVE","6m","","VI m","W","IV,TC","warm","",FALSE,"yes","LBR_Fish_BCG_v1"
"BRSouthChan2017","MICROPTERUS SALMOIDES",1,"LowerBoise_Fish_Taxa_Translator_20260508.csv","LowerBoise_Fish_Attributes_20260514.csv",TRUE,13206305,2017,50,"Main_SoChannel",1,"1","LARGEMOUTH BASS",TRUE,6,TRUE,"CENTRARCHIDAE","","MICROPTERUS",FALSE,FALSE,"NON_NATIVE","6m","","VI m","W","TC","warm","",FALSE,"yes","LBR_Fish_BCG_v1"
"BRSouthChan2017","MICROPTERUS SALMOIDES",1,"LowerBoise_Fish_Taxa_Translator_20260508.csv","LowerBoise_Fish_Attributes_20260514.csv",TRUE,13206305,2017,45,"Main_SoChannel",1,"1","LARGEMOUTH BASS",TRUE,6,TRUE,"CENTRARCHIDAE","","MICROPTERUS",FALSE,FALSE,"NON_NATIVE","6m","","VI m","W","TC","warm","",FALSE,"yes","LBR_Fish_BCG_v1"
"BRSouthChan2017","MISGURNUS ANGUILLICAUDATUS",1,"LowerBoise_Fish_Taxa_Translator_20260508.csv","LowerBoise_Fish_Attributes_20260514.csv",TRUE,13206305,2017,115,"Main_SoChannel",NA,NA,"ORIENTAL WEATHERFISH",FALSE,NA,TRUE,"COBITIDAE","","MISGURNUS",FALSE,FALSE,"NON_NATIVE","6t","","VI t","B","OM","warm","",FALSE,"yes","LBR_Fish_BCG_v1"
"BRSouthChan2017","ONCORHYNCHUS MYKISS",1,"LowerBoise_Fish_Taxa_Translator_20260508.csv","LowerBoise_Fish_Attributes_20260514.csv",TRUE,13206305,2017,205,"Main_SoChannel",4,"4","RAINBOW TROUT",TRUE,6,TRUE,"SALMONIDAE","","ONCORHYNCHUS",FALSE,FALSE,"NATIVE","3","","III","W","IV,TC","cold","LITHOPHIL",FALSE,"yes","LBR_Fish_BCG_v1"
"BRSouthChan2017","ONCORHYNCHUS MYKISS",2,"LowerBoise_Fish_Taxa_Translator_20260508.csv","LowerBoise_Fish_Attributes_20260514.csv",TRUE,13206305,2017,130,"Main_SoChannel",2,"2","RAINBOW TROUT",TRUE,6,TRUE,"SALMONIDAE","","ONCORHYNCHUS",FALSE,FALSE,"NATIVE","3","","III","W","IV,TC","cold","LITHOPHIL",FALSE,"yes","LBR_Fish_BCG_v1"
"BRSouthChan2017","ONCORHYNCHUS MYKISS",1,"LowerBoise_Fish_Taxa_Translator_20260508.csv","LowerBoise_Fish_Attributes_20260514.csv",TRUE,13206305,2017,255,"Main_SoChannel",5,"5","RAINBOW TROUT",TRUE,6,TRUE,"SALMONIDAE","","ONCORHYNCHUS",FALSE,FALSE,"NATIVE","3","","III","W","IV,TC","cold","LITHOPHIL",FALSE,"yes","LBR_Fish_BCG_v1"
"BRSouthChan2017","ONCORHYNCHUS MYKISS",1,"LowerBoise_Fish_Taxa_Translator_20260508.csv","LowerBoise_Fish_Attributes_20260514.csv",TRUE,13206305,2017,385,"Main_SoChannel",6,">5","RAINBOW TROUT",TRUE,6,TRUE,"SALMONIDAE","","ONCORHYNCHUS",FALSE,FALSE,"NATIVE","3","","III","W","IV,TC","cold","LITHOPHIL",FALSE,"yes","LBR_Fish_BCG_v1"
"BRSouthChan2017","ONCORHYNCHUS MYKISS",1,"LowerBoise_Fish_Taxa_Translator_20260508.csv","LowerBoise_Fish_Attributes_20260514.csv",TRUE,13206305,2017,430,"Main_SoChannel",6,">5","RAINBOW TROUT",TRUE,6,TRUE,"SALMONIDAE","","ONCORHYNCHUS",FALSE,FALSE,"NATIVE","3","","III","W","IV,TC","cold","LITHOPHIL",FALSE,"yes","LBR_Fish_BCG_v1"
"BRSouthChan2017","ONCORHYNCHUS MYKISS",1,"LowerBoise_Fish_Taxa_Translator_20260508.csv","LowerBoise_Fish_Attributes_20260514.csv",TRUE,13206305,2017,125,"Main_SoChannel",2,"2","RAINBOW TROUT",TRUE,6,TRUE,"SALMONIDAE","","ONCORHYNCHUS",FALSE,FALSE,"NATIVE","3","","III","W","IV,TC","cold","LITHOPHIL",FALSE,"yes","LBR_Fish_BCG_v1"
"BRSouthChan2017","ONCORHYNCHUS MYKISS",1,"LowerBoise_Fish_Taxa_Translator_20260508.csv","LowerBoise_Fish_Attributes_20260514.csv",TRUE,13206305,2017,85,"Main_SoChannel",1,"1","RAINBOW TROUT",TRUE,6,TRUE,"SALMONIDAE","","ONCORHYNCHUS",FALSE,FALSE,"NATIVE","3","","III","W","IV,TC","cold","LITHOPHIL",FALSE,"yes","LBR_Fish_BCG_v1"
"BRSouthChan2017","ONCORHYNCHUS MYKISS",1,"LowerBoise_Fish_Taxa_Translator_20260508.csv","LowerBoise_Fish_Attributes_20260514.csv",TRUE,13206305,2017,95,"Main_SoChannel",2,"2","RAINBOW TROUT",TRUE,6,TRUE,"SALMONIDAE","","ONCORHYNCHUS",FALSE,FALSE,"NATIVE","3","","III","W","IV,TC","cold","LITHOPHIL",FALSE,"yes","LBR_Fish_BCG_v1"
"BRSouthChan2017","ONCORHYNCHUS MYKISS",1,"LowerBoise_Fish_Taxa_Translator_20260508.csv","LowerBoise_Fish_Attributes_20260514.csv",TRUE,13206305,2017,105,"Main_SoChannel",2,"2","RAINBOW TROUT",TRUE,6,TRUE,"SALMONIDAE","","ONCORHYNCHUS",FALSE,FALSE,"NATIVE","3","","III","W","IV,TC","cold","LITHOPHIL",FALSE,"yes","LBR_Fish_BCG_v1"
"BRSouthChan2017","ONCORHYNCHUS MYKISS",1,"LowerBoise_Fish_Taxa_Translator_20260508.csv","LowerBoise_Fish_Attributes_20260514.csv",TRUE,13206305,2017,110,"Main_SoChannel",2,"2","RAINBOW TROUT",TRUE,6,TRUE,"SALMONIDAE","","ONCORHYNCHUS",FALSE,FALSE,"NATIVE","3","","III","W","IV,TC","cold","LITHOPHIL",FALSE,"yes","LBR_Fish_BCG_v1"
"BRSouthChan2017","ONCORHYNCHUS MYKISS",1,"LowerBoise_Fish_Taxa_Translator_20260508.csv","LowerBoise_Fish_Attributes_20260514.csv",TRUE,13206305,2017,135,"Main_SoChannel",2,"2","RAINBOW TROUT",TRUE,6,TRUE,"SALMONIDAE","","ONCORHYNCHUS",FALSE,FALSE,"NATIVE","3","","III","W","IV,TC","cold","LITHOPHIL",FALSE,"yes","LBR_Fish_BCG_v1"
"BRSouthChan2017","ONCORHYNCHUS MYKISS",2,"LowerBoise_Fish_Taxa_Translator_20260508.csv","LowerBoise_Fish_Attributes_20260514.csv",TRUE,13206305,2017,100,"Main_SoChannel",2,"2","RAINBOW TROUT",TRUE,6,TRUE,"SALMONIDAE","","ONCORHYNCHUS",FALSE,FALSE,"NATIVE","3","","III","W","IV,TC","cold","LITHOPHIL",FALSE,"yes","LBR_Fish_BCG_v1"
"BRSouthChan2017","PROSOPIUM WILLIAMSONI",4,"LowerBoise_Fish_Taxa_Translator_20260508.csv","LowerBoise_Fish_Attributes_20260514.csv",TRUE,13206305,2017,160,"Main_SoChannel",2,"2","MOUNTAIN WHITEFISH",TRUE,9,TRUE,"SALMONIDAE","","PROSOPIUM",FALSE,FALSE,"NATIVE","3","","III","B","IV","cold","",FALSE,"yes","LBR_Fish_BCG_v1"
"BRSouthChan2017","PROSOPIUM WILLIAMSONI",1,"LowerBoise_Fish_Taxa_Translator_20260508.csv","LowerBoise_Fish_Attributes_20260514.csv",TRUE,13206305,2017,310,"Main_SoChannel",6,"6","MOUNTAIN WHITEFISH",TRUE,9,TRUE,"SALMONIDAE","","PROSOPIUM",FALSE,FALSE,"NATIVE","3","","III","B","IV","cold","",FALSE,"yes","LBR_Fish_BCG_v1"
"BRSouthChan2017","PROSOPIUM WILLIAMSONI",1,"LowerBoise_Fish_Taxa_Translator_20260508.csv","LowerBoise_Fish_Attributes_20260514.csv",TRUE,13206305,2017,265,"Main_SoChannel",5,"5","MOUNTAIN WHITEFISH",TRUE,9,TRUE,"SALMONIDAE","","PROSOPIUM",FALSE,FALSE,"NATIVE","3","","III","B","IV","cold","",FALSE,"yes","LBR_Fish_BCG_v1"
"BRSouthChan2017","PROSOPIUM WILLIAMSONI",5,"LowerBoise_Fish_Taxa_Translator_20260508.csv","LowerBoise_Fish_Attributes_20260514.csv",TRUE,13206305,2017,165,"Main_SoChannel",2,"2","MOUNTAIN WHITEFISH",TRUE,9,TRUE,"SALMONIDAE","","PROSOPIUM",FALSE,FALSE,"NATIVE","3","","III","B","IV","cold","",FALSE,"yes","LBR_Fish_BCG_v1"
"BRSouthChan2017","PROSOPIUM WILLIAMSONI",5,"LowerBoise_Fish_Taxa_Translator_20260508.csv","LowerBoise_Fish_Attributes_20260514.csv",TRUE,13206305,2017,170,"Main_SoChannel",2,"2","MOUNTAIN WHITEFISH",TRUE,9,TRUE,"SALMONIDAE","","PROSOPIUM",FALSE,FALSE,"NATIVE","3","","III","B","IV","cold","",FALSE,"yes","LBR_Fish_BCG_v1"
"BRSouthChan2017","PROSOPIUM WILLIAMSONI",1,"LowerBoise_Fish_Taxa_Translator_20260508.csv","LowerBoise_Fish_Attributes_20260514.csv",TRUE,13206305,2017,180,"Main_SoChannel",3,"3","MOUNTAIN WHITEFISH",TRUE,9,TRUE,"SALMONIDAE","","PROSOPIUM",FALSE,FALSE,"NATIVE","3","","III","B","IV","cold","",FALSE,"yes","LBR_Fish_BCG_v1"
"BRSouthChan2017","PROSOPIUM WILLIAMSONI",1,"LowerBoise_Fish_Taxa_Translator_20260508.csv","LowerBoise_Fish_Attributes_20260514.csv",TRUE,13206305,2017,185,"Main_SoChannel",3,"3","MOUNTAIN WHITEFISH",TRUE,9,TRUE,"SALMONIDAE","","PROSOPIUM",FALSE,FALSE,"NATIVE","3","","III","B","IV","cold","",FALSE,"yes","LBR_Fish_BCG_v1"
"BRSouthChan2017","PROSOPIUM WILLIAMSONI",1,"LowerBoise_Fish_Taxa_Translator_20260508.csv","LowerBoise_Fish_Attributes_20260514.csv",TRUE,13206305,2017,205,"Main_SoChannel",3,"3","MOUNTAIN WHITEFISH",TRUE,9,TRUE,"SALMONIDAE","","PROSOPIUM",FALSE,FALSE,"NATIVE","3","","III","B","IV","cold","",FALSE,"yes","LBR_Fish_BCG_v1"
"BRSouthChan2017","PROSOPIUM WILLIAMSONI",1,"LowerBoise_Fish_Taxa_Translator_20260508.csv","LowerBoise_Fish_Attributes_20260514.csv",TRUE,13206305,2017,295,"Main_SoChannel",6,"6","MOUNTAIN WHITEFISH",TRUE,9,TRUE,"SALMONIDAE","","PROSOPIUM",FALSE,FALSE,"NATIVE","3","","III","B","IV","cold","",FALSE,"yes","LBR_Fish_BCG_v1"
"BRSouthChan2017","PROSOPIUM WILLIAMSONI",2,"LowerBoise_Fish_Taxa_Translator_20260508.csv","LowerBoise_Fish_Attributes_20260514.csv",TRUE,13206305,2017,300,"Main_SoChannel",6,"6","MOUNTAIN WHITEFISH",TRUE,9,TRUE,"SALMONIDAE","","PROSOPIUM",FALSE,FALSE,"NATIVE","3","","III","B","IV","cold","",FALSE,"yes","LBR_Fish_BCG_v1"
"BRSouthChan2017","PROSOPIUM WILLIAMSONI",1,"LowerBoise_Fish_Taxa_Translator_20260508.csv","LowerBoise_Fish_Attributes_20260514.csv",TRUE,13206305,2017,240,"Main_SoChannel",4,"4","MOUNTAIN WHITEFISH",TRUE,9,TRUE,"SALMONIDAE","","PROSOPIUM",FALSE,FALSE,"NATIVE","3","","III","B","IV","cold","",FALSE,"yes","LBR_Fish_BCG_v1"
"BRSouthChan2017","PROSOPIUM WILLIAMSONI",3,"LowerBoise_Fish_Taxa_Translator_20260508.csv","LowerBoise_Fish_Attributes_20260514.csv",TRUE,13206305,2017,145,"Main_SoChannel",2,"2","MOUNTAIN WHITEFISH",TRUE,9,TRUE,"SALMONIDAE","","PROSOPIUM",FALSE,FALSE,"NATIVE","3","","III","B","IV","cold","",FALSE,"yes","LBR_Fish_BCG_v1"
"BRSouthChan2017","PROSOPIUM WILLIAMSONI",3,"LowerBoise_Fish_Taxa_Translator_20260508.csv","LowerBoise_Fish_Attributes_20260514.csv",TRUE,13206305,2017,150,"Main_SoChannel",2,"2","MOUNTAIN WHITEFISH",TRUE,9,TRUE,"SALMONIDAE","","PROSOPIUM",FALSE,FALSE,"NATIVE","3","","III","B","IV","cold","",FALSE,"yes","LBR_Fish_BCG_v1"
"BRSouthChan2017","PROSOPIUM WILLIAMSONI",4,"LowerBoise_Fish_Taxa_Translator_20260508.csv","LowerBoise_Fish_Attributes_20260514.csv",TRUE,13206305,2017,155,"Main_SoChannel",2,"2","MOUNTAIN WHITEFISH",TRUE,9,TRUE,"SALMONIDAE","","PROSOPIUM",FALSE,FALSE,"NATIVE","3","","III","B","IV","cold","",FALSE,"yes","LBR_Fish_BCG_v1"
"BRSouthChan2017","PROSOPIUM WILLIAMSONI",1,"LowerBoise_Fish_Taxa_Translator_20260508.csv","LowerBoise_Fish_Attributes_20260514.csv",TRUE,13206305,2017,130,"Main_SoChannel",2,"2","MOUNTAIN WHITEFISH",TRUE,9,TRUE,"SALMONIDAE","","PROSOPIUM",FALSE,FALSE,"NATIVE","3","","III","B","IV","cold","",FALSE,"yes","LBR_Fish_BCG_v1"
"BRSouthChan2017","PROSOPIUM WILLIAMSONI",1,"LowerBoise_Fish_Taxa_Translator_20260508.csv","LowerBoise_Fish_Attributes_20260514.csv",TRUE,13206305,2017,140,"Main_SoChannel",2,"2","MOUNTAIN WHITEFISH",TRUE,9,TRUE,"SALMONIDAE","","PROSOPIUM",FALSE,FALSE,"NATIVE","3","","III","B","IV","cold","",FALSE,"yes","LBR_Fish_BCG_v1"
"BRSouthChan2017","RHINICHTHYS CATARACTAE",1,"LowerBoise_Fish_Taxa_Translator_20260508.csv","LowerBoise_Fish_Attributes_20260514.csv",TRUE,13206305,2017,65,"Main_SoChannel",3,"3","LONGNOSE DACE",TRUE,6,TRUE,"LEUCISCIDAE","CYPRINIDAE","RHINICHTHYS",FALSE,FALSE,"NATIVE","4","4_better","IV_better","B","IV","cool","LITHOPHIL",FALSE,"yes","LBR_Fish_BCG_v1"
"BRSouthChan2017","RHINICHTHYS CATARACTAE",2,"LowerBoise_Fish_Taxa_Translator_20260508.csv","LowerBoise_Fish_Attributes_20260514.csv",TRUE,13206305,2017,0,"Main_SoChannel",1,"1","LONGNOSE DACE",TRUE,6,TRUE,"LEUCISCIDAE","CYPRINIDAE","RHINICHTHYS",FALSE,FALSE,"NATIVE","4","4_better","IV_better","B","IV","cool","LITHOPHIL",FALSE,"yes","LBR_Fish_BCG_v1"
"BRSouthChan2017","RHINICHTHYS CATARACTAE",1,"LowerBoise_Fish_Taxa_Translator_20260508.csv","LowerBoise_Fish_Attributes_20260514.csv",TRUE,13206305,2017,80,"Main_SoChannel",3,"3","LONGNOSE DACE",TRUE,6,TRUE,"LEUCISCIDAE","CYPRINIDAE","RHINICHTHYS",FALSE,FALSE,"NATIVE","4","4_better","IV_better","B","IV","cool","LITHOPHIL",FALSE,"yes","LBR_Fish_BCG_v1"
"BRSouthChan2017","RHINICHTHYS CATARACTAE",1,"LowerBoise_Fish_Taxa_Translator_20260508.csv","LowerBoise_Fish_Attributes_20260514.csv",TRUE,13206305,2017,95,"Main_SoChannel",3,"3","LONGNOSE DACE",TRUE,6,TRUE,"LEUCISCIDAE","CYPRINIDAE","RHINICHTHYS",FALSE,FALSE,"NATIVE","4","4_better","IV_better","B","IV","cool","LITHOPHIL",FALSE,"yes","LBR_Fish_BCG_v1"
"BRSouthChan2017","SALMO TRUTTA",1,"LowerBoise_Fish_Taxa_Translator_20260508.csv","LowerBoise_Fish_Attributes_20260514.csv",TRUE,13206305,2017,275,"Main_SoChannel",5,"5","BROWN TROUT",TRUE,6,TRUE,"SALMONIDAE","","SALMO",FALSE,FALSE,"NON_NATIVE","6m","","VI m","W","IV,TC","cold","LITHOPHIL",FALSE,"yes","LBR_Fish_BCG_v1"
"BRVetMem2017","CATOSTOMUS COLUMBIANUS",6,"LowerBoise_Fish_Taxa_Translator_20260508.csv","LowerBoise_Fish_Attributes_20260514.csv",TRUE,13205642,2017,0,"Main_VetGlen",1,"1","BRIDGELIP SUCKER",TRUE,10,TRUE,"CATOSTOMIDAE","","CATOSTOMUS",FALSE,FALSE,"NATIVE","4","4_middle","IV_middle","B","HB","cool","",FALSE,"yes","LBR_Fish_BCG_v1"
"BRVetMem2017","CATOSTOMUS MACROCHEILUS",28,"LowerBoise_Fish_Taxa_Translator_20260508.csv","LowerBoise_Fish_Attributes_20260514.csv",TRUE,13205642,2017,0,"Main_VetGlen",1,"1","LARGESCALE SUCKER",TRUE,8,TRUE,"CATOSTOMIDAE","","CATOSTOMUS",FALSE,FALSE,"NATIVE","4","4_middle","IV_middle","B","OM","cool","",FALSE,"yes","LBR_Fish_BCG_v1"
"BRVetMem2017","COTTUS CONFUSUS",1,"LowerBoise_Fish_Taxa_Translator_20260508.csv","LowerBoise_Fish_Attributes_20260514.csv",TRUE,13205642,2017,90,"Main_VetGlen",3,"3","SHORTHEAD SCULPIN",TRUE,6,TRUE,"COTTIDAE","","COTTUS",FALSE,FALSE,"NATIVE","2","","II","B","IV","cold","LITHOPHIL",FALSE,"yes","LBR_Fish_BCG_v1"
"BRVetMem2017","COTTUS CONFUSUS",1,"LowerBoise_Fish_Taxa_Translator_20260508.csv","LowerBoise_Fish_Attributes_20260514.csv",TRUE,13205642,2017,100,"Main_VetGlen",3,"3","SHORTHEAD SCULPIN",TRUE,6,TRUE,"COTTIDAE","","COTTUS",FALSE,FALSE,"NATIVE","2","","II","B","IV","cold","LITHOPHIL",FALSE,"yes","LBR_Fish_BCG_v1"
"BRVetMem2017","COTTUS CONFUSUS",1,"LowerBoise_Fish_Taxa_Translator_20260508.csv","LowerBoise_Fish_Attributes_20260514.csv",TRUE,13205642,2017,85,"Main_VetGlen",3,"3","SHORTHEAD SCULPIN",TRUE,6,TRUE,"COTTIDAE","","COTTUS",FALSE,FALSE,"NATIVE","2","","II","B","IV","cold","LITHOPHIL",FALSE,"yes","LBR_Fish_BCG_v1"
"BRVetMem2017","COTTUS CONFUSUS",8,"LowerBoise_Fish_Taxa_Translator_20260508.csv","LowerBoise_Fish_Attributes_20260514.csv",TRUE,13205642,2017,0,"Main_VetGlen",1,"1","SHORTHEAD SCULPIN",TRUE,6,TRUE,"COTTIDAE","","COTTUS",FALSE,FALSE,"NATIVE","2","","II","B","IV","cold","LITHOPHIL",FALSE,"yes","LBR_Fish_BCG_v1"
"BRVetMem2017","COTTUS HUBBSI",1,"LowerBoise_Fish_Taxa_Translator_20260508.csv","LowerBoise_Fish_Attributes_20260514.csv",TRUE,13205642,2017,110,"Main_VetGlen",4,"4","COLUMBIA SCULPIN",TRUE,6,TRUE,"COTTIDAE","","COTTUS",FALSE,FALSE,"NATIVE","4","4_better","IV_better","B","IV","cool","LITHOPHIL",FALSE,"yes","LBR_Fish_BCG_v1"
"BRVetMem2017","COTTUS HUBBSI",9,"LowerBoise_Fish_Taxa_Translator_20260508.csv","LowerBoise_Fish_Attributes_20260514.csv",TRUE,13205642,2017,0,"Main_VetGlen",1,"1","COLUMBIA SCULPIN",TRUE,6,TRUE,"COTTIDAE","","COTTUS",FALSE,FALSE,"NATIVE","4","4_better","IV_better","B","IV","cool","LITHOPHIL",FALSE,"yes","LBR_Fish_BCG_v1"
"BRVetMem2017","COTTUS HUBBSI",1,"LowerBoise_Fish_Taxa_Translator_20260508.csv","LowerBoise_Fish_Attributes_20260514.csv",TRUE,13205642,2017,75,"Main_VetGlen",2,"2","COLUMBIA SCULPIN",TRUE,6,TRUE,"COTTIDAE","","COTTUS",FALSE,FALSE,"NATIVE","4","4_better","IV_better","B","IV","cool","LITHOPHIL",FALSE,"yes","LBR_Fish_BCG_v1"
"BRVetMem2017","COTTUS HUBBSI",1,"LowerBoise_Fish_Taxa_Translator_20260508.csv","LowerBoise_Fish_Attributes_20260514.csv",TRUE,13205642,2017,85,"Main_VetGlen",3,"3","COLUMBIA SCULPIN",TRUE,6,TRUE,"COTTIDAE","","COTTUS",FALSE,FALSE,"NATIVE","4","4_better","IV_better","B","IV","cool","LITHOPHIL",FALSE,"yes","LBR_Fish_BCG_v1"
"BRVetMem2017","COTTUS HUBBSI",1,"LowerBoise_Fish_Taxa_Translator_20260508.csv","LowerBoise_Fish_Attributes_20260514.csv",TRUE,13205642,2017,45,"Main_VetGlen",1,"1","COLUMBIA SCULPIN",TRUE,6,TRUE,"COTTIDAE","","COTTUS",FALSE,FALSE,"NATIVE","4","4_better","IV_better","B","IV","cool","LITHOPHIL",FALSE,"yes","LBR_Fish_BCG_v1"
"BRVetMem2017","COTTUS HUBBSI",1,"LowerBoise_Fish_Taxa_Translator_20260508.csv","LowerBoise_Fish_Attributes_20260514.csv",TRUE,13205642,2017,80,"Main_VetGlen",2,"2","COLUMBIA SCULPIN",TRUE,6,TRUE,"COTTIDAE","","COTTUS",FALSE,FALSE,"NATIVE","4","4_better","IV_better","B","IV","cool","LITHOPHIL",FALSE,"yes","LBR_Fish_BCG_v1"
"BRVetMem2017","ONCORHYNCHUS MYKISS",1,"LowerBoise_Fish_Taxa_Translator_20260508.csv","LowerBoise_Fish_Attributes_20260514.csv",TRUE,13205642,2017,205,"Main_VetGlen",4,"4","RAINBOW TROUT",TRUE,6,TRUE,"SALMONIDAE","","ONCORHYNCHUS",FALSE,FALSE,"NATIVE","3","","III","W","IV,TC","cold","LITHOPHIL",FALSE,"yes","LBR_Fish_BCG_v1"
"BRVetMem2017","ONCORHYNCHUS MYKISS",1,"LowerBoise_Fish_Taxa_Translator_20260508.csv","LowerBoise_Fish_Attributes_20260514.csv",TRUE,13205642,2017,220,"Main_VetGlen",4,"4","RAINBOW TROUT",TRUE,6,TRUE,"SALMONIDAE","","ONCORHYNCHUS",FALSE,FALSE,"NATIVE","3","","III","W","IV,TC","cold","LITHOPHIL",FALSE,"yes","LBR_Fish_BCG_v1"
"BRVetMem2017","ONCORHYNCHUS MYKISS",1,"LowerBoise_Fish_Taxa_Translator_20260508.csv","LowerBoise_Fish_Attributes_20260514.csv",TRUE,13205642,2017,225,"Main_VetGlen",5,"5","RAINBOW TROUT",TRUE,6,TRUE,"SALMONIDAE","","ONCORHYNCHUS",FALSE,FALSE,"NATIVE","3","","III","W","IV,TC","cold","LITHOPHIL",FALSE,"yes","LBR_Fish_BCG_v1"
"BRVetMem2017","ONCORHYNCHUS MYKISS",1,"LowerBoise_Fish_Taxa_Translator_20260508.csv","LowerBoise_Fish_Attributes_20260514.csv",TRUE,13205642,2017,230,"Main_VetGlen",5,"5","RAINBOW TROUT",TRUE,6,TRUE,"SALMONIDAE","","ONCORHYNCHUS",FALSE,FALSE,"NATIVE","3","","III","W","IV,TC","cold","LITHOPHIL",FALSE,"yes","LBR_Fish_BCG_v1"
"BRVetMem2017","ONCORHYNCHUS MYKISS",1,"LowerBoise_Fish_Taxa_Translator_20260508.csv","LowerBoise_Fish_Attributes_20260514.csv",TRUE,13205642,2017,240,"Main_VetGlen",5,"5","RAINBOW TROUT",TRUE,6,TRUE,"SALMONIDAE","","ONCORHYNCHUS",FALSE,FALSE,"NATIVE","3","","III","W","IV,TC","cold","LITHOPHIL",FALSE,"yes","LBR_Fish_BCG_v1"
"BRVetMem2017","ONCORHYNCHUS MYKISS",1,"LowerBoise_Fish_Taxa_Translator_20260508.csv","LowerBoise_Fish_Attributes_20260514.csv",TRUE,13205642,2017,250,"Main_VetGlen",5,"5","RAINBOW TROUT",TRUE,6,TRUE,"SALMONIDAE","","ONCORHYNCHUS",FALSE,FALSE,"NATIVE","3","","III","W","IV,TC","cold","LITHOPHIL",FALSE,"yes","LBR_Fish_BCG_v1"
"BRVetMem2017","ONCORHYNCHUS MYKISS",1,"LowerBoise_Fish_Taxa_Translator_20260508.csv","LowerBoise_Fish_Attributes_20260514.csv",TRUE,13205642,2017,260,"Main_VetGlen",5,"5","RAINBOW TROUT",TRUE,6,TRUE,"SALMONIDAE","","ONCORHYNCHUS",FALSE,FALSE,"NATIVE","3","","III","W","IV,TC","cold","LITHOPHIL",FALSE,"yes","LBR_Fish_BCG_v1"
"BRVetMem2017","ONCORHYNCHUS MYKISS",1,"LowerBoise_Fish_Taxa_Translator_20260508.csv","LowerBoise_Fish_Attributes_20260514.csv",TRUE,13205642,2017,305,"Main_VetGlen",5,"5","RAINBOW TROUT",TRUE,6,TRUE,"SALMONIDAE","","ONCORHYNCHUS",FALSE,FALSE,"NATIVE","3","","III","W","IV,TC","cold","LITHOPHIL",FALSE,"yes","LBR_Fish_BCG_v1"
"BRVetMem2017","ONCORHYNCHUS MYKISS",1,"LowerBoise_Fish_Taxa_Translator_20260508.csv","LowerBoise_Fish_Attributes_20260514.csv",TRUE,13205642,2017,95,"Main_VetGlen",2,"2","RAINBOW TROUT",TRUE,6,TRUE,"SALMONIDAE","","ONCORHYNCHUS",FALSE,FALSE,"NATIVE","3","","III","W","IV,TC","cold","LITHOPHIL",FALSE,"yes","LBR_Fish_BCG_v1"
"BRVetMem2017","ONCORHYNCHUS MYKISS",2,"LowerBoise_Fish_Taxa_Translator_20260508.csv","LowerBoise_Fish_Attributes_20260514.csv",TRUE,13205642,2017,105,"Main_VetGlen",2,"2","RAINBOW TROUT",TRUE,6,TRUE,"SALMONIDAE","","ONCORHYNCHUS",FALSE,FALSE,"NATIVE","3","","III","W","IV,TC","cold","LITHOPHIL",FALSE,"yes","LBR_Fish_BCG_v1"
"BRVetMem2017","PERCA FLAVESCENS",1,"LowerBoise_Fish_Taxa_Translator_20260508.csv","LowerBoise_Fish_Attributes_20260514.csv",TRUE,13205642,2017,155,"Main_VetGlen",NA,NA,"YELLOW PERCH",FALSE,NA,TRUE,"PERCIDAE","","PERCA",FALSE,FALSE,"NON_NATIVE","6m","","VI m","W","IV,TC","cool","",FALSE,"yes","LBR_Fish_BCG_v1"
"BRVetMem2017","PROSOPIUM WILLIAMSONI",1,"LowerBoise_Fish_Taxa_Translator_20260508.csv","LowerBoise_Fish_Attributes_20260514.csv",TRUE,13205642,2017,160,"Main_VetGlen",2,"2","MOUNTAIN WHITEFISH",TRUE,9,TRUE,"SALMONIDAE","","PROSOPIUM",FALSE,FALSE,"NATIVE","3","","III","B","IV","cold","",FALSE,"yes","LBR_Fish_BCG_v1"
"BRVetMem2017","PROSOPIUM WILLIAMSONI",1,"LowerBoise_Fish_Taxa_Translator_20260508.csv","LowerBoise_Fish_Attributes_20260514.csv",TRUE,13205642,2017,280,"Main_VetGlen",5,"5","MOUNTAIN WHITEFISH",TRUE,9,TRUE,"SALMONIDAE","","PROSOPIUM",FALSE,FALSE,"NATIVE","3","","III","B","IV","cold","",FALSE,"yes","LBR_Fish_BCG_v1"
"BRVetMem2017","PROSOPIUM WILLIAMSONI",6,"LowerBoise_Fish_Taxa_Translator_20260508.csv","LowerBoise_Fish_Attributes_20260514.csv",TRUE,13205642,2017,150,"Main_VetGlen",2,"2","MOUNTAIN WHITEFISH",TRUE,9,TRUE,"SALMONIDAE","","PROSOPIUM",FALSE,FALSE,"NATIVE","3","","III","B","IV","cold","",FALSE,"yes","LBR_Fish_BCG_v1"
"BRVetMem2017","PROSOPIUM WILLIAMSONI",2,"LowerBoise_Fish_Taxa_Translator_20260508.csv","LowerBoise_Fish_Attributes_20260514.csv",TRUE,13205642,2017,155,"Main_VetGlen",2,"2","MOUNTAIN WHITEFISH",TRUE,9,TRUE,"SALMONIDAE","","PROSOPIUM",FALSE,FALSE,"NATIVE","3","","III","B","IV","cold","",FALSE,"yes","LBR_Fish_BCG_v1"
"BRVetMem2017","PROSOPIUM WILLIAMSONI",8,"LowerBoise_Fish_Taxa_Translator_20260508.csv","LowerBoise_Fish_Attributes_20260514.csv",TRUE,13205642,2017,145,"Main_VetGlen",2,"2","MOUNTAIN WHITEFISH",TRUE,9,TRUE,"SALMONIDAE","","PROSOPIUM",FALSE,FALSE,"NATIVE","3","","III","B","IV","cold","",FALSE,"yes","LBR_Fish_BCG_v1"
"BRVetMem2017","PROSOPIUM WILLIAMSONI",4,"LowerBoise_Fish_Taxa_Translator_20260508.csv","LowerBoise_Fish_Attributes_20260514.csv",TRUE,13205642,2017,130,"Main_VetGlen",2,"2","MOUNTAIN WHITEFISH",TRUE,9,TRUE,"SALMONIDAE","","PROSOPIUM",FALSE,FALSE,"NATIVE","3","","III","B","IV","cold","",FALSE,"yes","LBR_Fish_BCG_v1"
"BRVetMem2017","PROSOPIUM WILLIAMSONI",6,"LowerBoise_Fish_Taxa_Translator_20260508.csv","LowerBoise_Fish_Attributes_20260514.csv",TRUE,13205642,2017,135,"Main_VetGlen",2,"2","MOUNTAIN WHITEFISH",TRUE,9,TRUE,"SALMONIDAE","","PROSOPIUM",FALSE,FALSE,"NATIVE","3","","III","B","IV","cold","",FALSE,"yes","LBR_Fish_BCG_v1"
"BRVetMem2017","PROSOPIUM WILLIAMSONI",9,"LowerBoise_Fish_Taxa_Translator_20260508.csv","LowerBoise_Fish_Attributes_20260514.csv",TRUE,13205642,2017,140,"Main_VetGlen",2,"2","MOUNTAIN WHITEFISH",TRUE,9,TRUE,"SALMONIDAE","","PROSOPIUM",FALSE,FALSE,"NATIVE","3","","III","B","IV","cold","",FALSE,"yes","LBR_Fish_BCG_v1"
"BRVetMem2017","RHINICHTHYS CATARACTAE",1,"LowerBoise_Fish_Taxa_Translator_20260508.csv","LowerBoise_Fish_Attributes_20260514.csv",TRUE,13205642,2017,75,"Main_VetGlen",3,"3","LONGNOSE DACE",TRUE,6,TRUE,"LEUCISCIDAE","CYPRINIDAE","RHINICHTHYS",FALSE,FALSE,"NATIVE","4","4_better","IV_better","B","IV","cool","LITHOPHIL",FALSE,"yes","LBR_Fish_BCG_v1"
"BRVetMem2017","RHINICHTHYS CATARACTAE",27,"LowerBoise_Fish_Taxa_Translator_20260508.csv","LowerBoise_Fish_Attributes_20260514.csv",TRUE,13205642,2017,0,"Main_VetGlen",1,"1","LONGNOSE DACE",TRUE,6,TRUE,"LEUCISCIDAE","CYPRINIDAE","RHINICHTHYS",FALSE,FALSE,"NATIVE","4","4_better","IV_better","B","IV","cool","LITHOPHIL",FALSE,"yes","LBR_Fish_BCG_v1"
"BRVetMem2017","RHINICHTHYS CATARACTAE",1,"LowerBoise_Fish_Taxa_Translator_20260508.csv","LowerBoise_Fish_Attributes_20260514.csv",TRUE,13205642,2017,50,"Main_VetGlen",2,"2","LONGNOSE DACE",TRUE,6,TRUE,"LEUCISCIDAE","CYPRINIDAE","RHINICHTHYS",FALSE,FALSE,"NATIVE","4","4_better","IV_better","B","IV","cool","LITHOPHIL",FALSE,"yes","LBR_Fish_BCG_v1"
"BRVetMem2017","RHINICHTHYS CATARACTAE",1,"LowerBoise_Fish_Taxa_Translator_20260508.csv","LowerBoise_Fish_Attributes_20260514.csv",TRUE,13205642,2017,55,"Main_VetGlen",2,"2","LONGNOSE DACE",TRUE,6,TRUE,"LEUCISCIDAE","CYPRINIDAE","RHINICHTHYS",FALSE,FALSE,"NATIVE","4","4_better","IV_better","B","IV","cool","LITHOPHIL",FALSE,"yes","LBR_Fish_BCG_v1"
"BRVetMem2017","RHINICHTHYS FALCATUS",1,"LowerBoise_Fish_Taxa_Translator_20260508.csv","LowerBoise_Fish_Attributes_20260514.csv",TRUE,13205642,2017,85,"Main_VetGlen",NA,NA,"LEOPARD DACE",FALSE,NA,TRUE,"LEUCISCIDAE","CYPRINIDAE","RHINICHTHYS",FALSE,FALSE,"NATIVE","4","4_better","IV_better","B","IV","cool","LITHOPHIL",FALSE,"yes","LBR_Fish_BCG_v1"
"BRVetMem2017","RHINICHTHYS OSCULUS",1,"LowerBoise_Fish_Taxa_Translator_20260508.csv","LowerBoise_Fish_Attributes_20260514.csv",TRUE,13205642,2017,85,"Main_VetGlen",NA,NA,"SPECKLED DACE",FALSE,NA,TRUE,"LEUCISCIDAE","CYPRINIDAE","RHINICHTHYS",FALSE,FALSE,"NATIVE","4","4_middle","IV_middle","B","IV","cool","LITHOPHIL",FALSE,"yes","LBR_Fish_BCG_v1"
"BRVetMem2017","RHINICHTHYS OSCULUS",1,"LowerBoise_Fish_Taxa_Translator_20260508.csv","LowerBoise_Fish_Attributes_20260514.csv",TRUE,13205642,2017,70,"Main_VetGlen",NA,NA,"SPECKLED DACE",FALSE,NA,TRUE,"LEUCISCIDAE","CYPRINIDAE","RHINICHTHYS",FALSE,FALSE,"NATIVE","4","4_middle","IV_middle","B","IV","cool","LITHOPHIL",FALSE,"yes","LBR_Fish_BCG_v1"
"BRVetMem2017","RHINICHTHYS OSCULUS",1,"LowerBoise_Fish_Taxa_Translator_20260508.csv","LowerBoise_Fish_Attributes_20260514.csv",TRUE,13205642,2017,75,"Main_VetGlen",NA,NA,"SPECKLED DACE",FALSE,NA,TRUE,"LEUCISCIDAE","CYPRINIDAE","RHINICHTHYS",FALSE,FALSE,"NATIVE","4","4_middle","IV_middle","B","IV","cool","LITHOPHIL",FALSE,"yes","LBR_Fish_BCG_v1"
"BRVetMem2017","RICHARDSONIUS BALTEATUS BALTEATUS",1,"LowerBoise_Fish_Taxa_Translator_20260508.csv","LowerBoise_Fish_Attributes_20260514.csv",TRUE,13205642,2017,0,"Main_VetGlen",1,"1","COLUMBIA REDSIDE SHINER",TRUE,6,TRUE,"LEUCISCIDAE","CYPRINIDAE","RICHARDSONIUS",FALSE,FALSE,"NATIVE","4","4_middle","IV_middle","W","IV","cool","LITHOPHIL",FALSE,"yes","LBR_Fish_BCG_v1"
"BRVetMem2017","SALMO TRUTTA",1,"LowerBoise_Fish_Taxa_Translator_20260508.csv","LowerBoise_Fish_Attributes_20260514.csv",TRUE,13205642,2017,335,"Main_VetGlen",5,"5","BROWN TROUT",TRUE,6,TRUE,"SALMONIDAE","","SALMO",FALSE,FALSE,"NON_NATIVE","6m","","VI m","W","IV,TC","cold","LITHOPHIL",FALSE,"yes","LBR_Fish_BCG_v1"
"BRVetMem2017","SALMO TRUTTA",1,"LowerBoise_Fish_Taxa_Translator_20260508.csv","LowerBoise_Fish_Attributes_20260514.csv",TRUE,13205642,2017,275,"Main_VetGlen",5,"5","BROWN TROUT",TRUE,6,TRUE,"SALMONIDAE","","SALMO",FALSE,FALSE,"NON_NATIVE","6m","","VI m","W","IV,TC","cold","LITHOPHIL",FALSE,"yes","LBR_Fish_BCG_v1"
"BRVetMem2017","SALMO TRUTTA",1,"LowerBoise_Fish_Taxa_Translator_20260508.csv","LowerBoise_Fish_Attributes_20260514.csv",TRUE,13205642,2017,300,"Main_VetGlen",5,"5","BROWN TROUT",TRUE,6,TRUE,"SALMONIDAE","","SALMO",FALSE,FALSE,"NON_NATIVE","6m","","VI m","W","IV,TC","cold","LITHOPHIL",FALSE,"yes","LBR_Fish_BCG_v1"
"BRVetMem2017","SALMO TRUTTA",1,"LowerBoise_Fish_Taxa_Translator_20260508.csv","LowerBoise_Fish_Attributes_20260514.csv",TRUE,13205642,2017,290,"Main_VetGlen",5,"5","BROWN TROUT",TRUE,6,TRUE,"SALMONIDAE","","SALMO",FALSE,FALSE,"NON_NATIVE","6m","","VI m","W","IV,TC","cold","LITHOPHIL",FALSE,"yes","LBR_Fish_BCG_v1"
